source_row,Title,Publication,Date,DOI,remaining_reason,elsevier_status,is_oa,oa_status,best_oa_url,unpaywall_pdf_status,unpaywall_pdf_file,unpaywall_pdf_error
0,Anhydrous Atomic Layer Deposition of HfO2: Mechanistic Analysis of the Tetrakis(dimethylamido)hafnium (TDMAH)–O2Process,Langmuir,2025-12-30,10.1021/acs.langmuir.5c05147,closed in Unpaywall,404 not found,False,closed,,,,
4,Thin Ga2O3 insertion layer for phase structure and electrical property evolutions in ferroelectric Hf0.5Zr0.5O2 capacitors,Applied Physics Letters,2025-12-29,10.1063/5.0301196,closed in Unpaywall,404 not found,False,closed,,,,
5,Plasma-enhanced ALD growth of ε-(AlxGa1−x)2O3alloy films with high Al content and tunable band offsets,Journal of Materials Chemistry C,2025-12-28,10.1039/d5tc03299g,closed in Unpaywall,404 not found,False,closed,,,,
6,Atomic Layer Processes for UV-Stable Polymers: Synergistic Effects of Infiltration and Deposition of ZnO,ACS Applied Materials and Interfaces,2025-12-24,10.1021/acsami.5c14025,OA PDF download failed,404 not found,True,hybrid,https://doi.org/10.1021/acsami.5c14025,failed,,HTTPError('403 Client Error: Forbidden for url: https://pubs.acs.org/doi/10.1021/acsami.5c14025')
7,Method of Quantified Mass Spectrometry for Atomic Layer Deposition Fluidized Bed Reactors,Chemistry of Materials,2025-12-23,10.1021/acs.chemmater.5c02268,closed in Unpaywall,404 not found,False,closed,,,,
8,Role of Nonplasma Oxidizing Agent on the Reaction Step in Atomic Layer Deposition of Titanium Oxide Thin Films,ACS Omega,2025-12-23,10.1021/acsomega.5c06117,OA PDF download failed,404 not found,True,gold,https://doi.org/10.1021/acsomega.5c06117,failed,,HTTPError('403 Client Error: Forbidden for url: https://pubs.acs.org/doi/10.1021/acsomega.5c06117')
9,Mobility and Threshold Voltage Co-Optimization of IGZO Field-Effect Transistor with Ideal Subthreshold Swing through Atomic Layer Growth Control,Advanced Electronic Materials,2025-12-17,10.1002/aelm.202500524,OA PDF download failed,404 not found,True,gold,https://onlinelibrary.wiley.com/doi/pdfdirect/10.1002/aelm.202500524,failed,,HTTPError('403 Client Error: Forbidden for url: https://onlinelibrary.wiley.com/doi/pdfdirect/10.1002/aelm.202500524')
10,"Precursor development for the growth of Ru, Re, and Al metal films by thermal atomic layer deposition",Organometallic Chemistry,2025-12-17,10.1039/9781837070725-00268,closed in Unpaywall,404 not found,False,closed,,,,
11,Oxidant-Dependent Conduction in Early-Cycle Atomic-Layer-Deposited Al2O3and Its Impact on the Dielectric Behavior of Al2O3/TiO2Nanolaminates,ACS Applied Materials and Interfaces,2025-12-17,10.1021/acsami.5c18459,closed in Unpaywall,404 not found,False,closed,,,,
13,Plasma Atomic Layer Etching Process of Silicon/Aluminum Oxide,Surface Technology,2025-12-10,10.16490/j.cnki.issn.1001-3660.2025.23.004,DOI not found in Unpaywall,404 not found,,doi_not_found,,,,
14,High-Mobility IZO Thin-Film Transistors Enabled by Precise Hydrogen Control Using a SiO2–Al2O3Supercycle via Plasma-Enhanced Atomic Layer Deposition,ACS Applied Materials and Interfaces,2025-12-10,10.1021/acsami.5c12926,closed in Unpaywall,404 not found,False,closed,,,,
15,Study on coating modification and electrochemical performance investigation of graphite anode materials for lithium⁃ion batteries,Inorganic Chemicals Industry,2025-12-10,10.19964/j.issn.1006-4990.2025-0021,DOI not found in Unpaywall,404 not found,,doi_not_found,,,,
17,Self-Saturated Deposition and Etching in Atomic-Scale (SDEA) Process of Molybdenum Oxides via Sequential Ozone and Water Reactions,Advanced Materials Technologies,2025-12-03,10.1002/admt.202500964,OA PDF download failed,404 not found,True,hybrid,https://onlinelibrary.wiley.com/doi/pdfdirect/10.1002/admt.202500964,failed,,HTTPError('403 Client Error: Forbidden for url: https://onlinelibrary.wiley.com/doi/pdfdirect/10.1002/admt.202500964')
18,Oxidation Dynamics and Surface Chemistry of Iridium and Iridium Oxide Films Grown by Atomic Layer Deposition Using O2 and O3,Small,2025-12-03,10.1002/smll.202504724,OA PDF download failed,404 not found,True,hybrid,https://onlinelibrary.wiley.com/doi/pdfdirect/10.1002/smll.202504724,failed,,HTTPError('403 Client Error: Forbidden for url: https://onlinelibrary.wiley.com/doi/pdfdirect/10.1002/smll.202504724')
19,Dual-purpose alumina ALD coatings for enhanced oxidation resistance and thermal conductivity of boron nitride nanotube fabrics,Journal of Vacuum Science and Technology A Vacuum Surfaces and Films,2025-12-01,10.1116/6.0004912,OA PDF download failed,404 not found,True,hybrid,https://pubs.aip.org/avs/jva/article-pdf/doi/10.1116/6.0004912/20813459/063109_1_6.0004912.pdf,failed,,HTTPError('403 Client Error: Forbidden for url: https://pubs.aip.org/avs/jva/article-pdf/doi/10.1116/6.0004912/20813459/063109_1_6.0004912.pdf')
22,Temperature-Dependent Atomic Layer Deposition of Passivating ZnO Nanolayers for Dye-Sensitized Solar Cells,Nanomaterials,2025-12-01,10.3390/nano15241891,OA PDF download failed,404 not found,True,gold,https://www.mdpi.com/2079-4991/15/24/1891/pdf,failed,,HTTPError('403 Client Error: Forbidden for url: https://www.mdpi.com/2079-4991/15/24/1891/pdf')
23,Deposition and Etching of Ruthenium for Promising Metallization Systems of Integrated Circuits,Russian Microelectronics,2025-12-01,10.1134/S106373972560222X,closed in Unpaywall,404 not found,False,closed,,,,
25,"Surface Functionalisation of Hyaluronic Acid-Based Foams with TiO2 via ALD: Structural, Wettability and Antimicrobial Properties Analysis for Biomedical Applications",Materials,2025-12-01,10.3390/ma18245530,OA PDF download failed,404 not found,True,gold,https://doi.org/10.3390/ma18245530,failed,,HTTPError('403 Client Error: Forbidden for url: https://www.mdpi.com/1996-1944/18/24/5530')
26,Effects of layer boundaries on x-ray reflectivity in thermally treated ternary gate dielectrics grown by atomic layer deposition,Journal of Vacuum Science and Technology A Vacuum Surfaces and Films,2025-12-01,10.1116/6.0004737,closed in Unpaywall,404 not found,False,closed,,,,
27,Modeling diffusion and depletion in high-aspect-ratio atomic layer deposition processes: Process parameters and manufacturing impacts,Journal of Vacuum Science and Technology A Vacuum Surfaces and Films,2025-12-01,10.1116/6.0004702,closed in Unpaywall,404 not found,False,closed,,,,
29,On the impact of atomic layer deposition processing on the chemical and opto-electrical properties of NiO thin films,Journal of Vacuum Science and Technology A Vacuum Surfaces and Films,2025-12-01,10.1116/6.0004826,OA PDF download failed,404 not found,True,hybrid,https://pubs.aip.org/avs/jva/article-pdf/doi/10.1116/6.0004826/20731256/062404_1_6.0004826.pdf,failed,,HTTPError('403 Client Error: Forbidden for url: https://pubs.aip.org/avs/jva/article-pdf/doi/10.1116/6.0004826/20731256/062404_1_6.0004826.pdf')
30,ZnO Thin Films as Promising Corrosion Protection on Mg-Based Alloys,Materials,2025-12-01,10.3390/ma18245568,OA PDF download failed,404 not found,True,gold,https://www.mdpi.com/1996-1944/18/24/5568/pdf?version=1765455325,failed,,HTTPError('403 Client Error: Forbidden for url: https://www.mdpi.com/1996-1944/18/24/5568/pdf?version=1765455325')
34,Regression analysis of temperature-dependent alumina atomic layer deposition growth per cycle using trimethylaluminum and water as precursors,Journal of Vacuum Science and Technology A Vacuum Surfaces and Films,2025-12-01,10.1116/6.0004738,closed in Unpaywall,404 not found,False,closed,,,,
37,Atomic layer deposition,Nature Reviews Methods Primers,2025-12-01,10.1038/s43586-025-00435-6,closed in Unpaywall,404 not found,False,closed,,,,
40,Area-selective atomic/molecular layer deposition via block copolymer approach: Zn-benzene dithiol deposition as a case study,Journal of Vacuum Science and Technology A Vacuum Surfaces and Films,2025-12-01,10.1116/6.0004848,OA PDF download failed,404 not found,True,hybrid,https://pubs.aip.org/avs/jva/article-pdf/doi/10.1116/6.0004848/20729748/062405_1_6.0004848.pdf,failed,,HTTPError('403 Client Error: Forbidden for url: https://pubs.aip.org/avs/jva/article-pdf/doi/10.1116/6.0004848/20729748/062405_1_6.0004848.pdf')
45,Low-Temperature Synthesis of Highly Preferentially Oriented ε-Ga2O3 Films for Solar-Blind Detector Application,Nanomaterials,2025-12-01,10.3390/nano15241867,OA PDF download failed,404 not found,True,gold,https://doi.org/10.3390/nano15241867,failed,,HTTPError('403 Client Error: Forbidden for url: https://www.mdpi.com/2079-4991/15/24/1867')
46,Area selective atomic layer deposition of ruthenium with phenol as a small molecule inhibitor,Journal of Vacuum Science and Technology A Vacuum Surfaces and Films,2025-12-01,10.1116/6.0004812,closed in Unpaywall,404 not found,False,closed,,,,
51,Effect of plasma parameters on the properties of V2O5 deposited by plasma-enhanced atomic layer deposition,Journal of Vacuum Science and Technology A Vacuum Surfaces and Films,2025-12-01,10.1116/6.0004718,closed in Unpaywall,404 not found,False,closed,,,,
55,Benzimidazolium hydrogen carbonate salts—Investigation of thermal properties in the context of small molecule inhibitors,Journal of Vacuum Science and Technology A Vacuum Surfaces and Films,2025-12-01,10.1116/6.0004886,closed in Unpaywall,404 not found,False,closed,,,,
57,Kinetic analysis and steric-hindrance effects in thermal atomic layer deposition of high-purity cobalt films with dicobalt hexacarbonyl tert-butylacetylene as the precursor,Journal of Vacuum Science and Technology A Vacuum Surfaces and Films,2025-12-01,10.1116/6.0004888,closed in Unpaywall,404 not found,False,closed,,,,
58,Ligand Effects in Niobium Precursors for Atomic Layer Deposition of Niobium Oxide Films,Ecs Journal of Solid State Science and Technology,2025-12-01,10.1149/2162-8777/ae2778,closed in Unpaywall,404 not found,False,closed,,,,
60,Growth dynamics in patterned TiO2 deposited by direct atomic layer processing (DALP) in ambient conditions,Journal of Vacuum Science and Technology A Vacuum Surfaces and Films,2025-12-01,10.1116/6.0004868,closed in Unpaywall,404 not found,False,closed,,,,
61,Work function tuning in TiAlN thin films by trace Al doping for CMOS-compatible metal gates,Journal of Vacuum Science and Technology A Vacuum Surfaces and Films,2025-12-01,10.1116/6.0004918,closed in Unpaywall,404 not found,False,closed,,,,
64,Optimizing the antimicrobial efficacy of dental poly (methyl methacrylate) through Al2O3 atomic layer deposition,Journal of Materials Research,2025-11-28,10.1557/s43578-025-01711-7,closed in Unpaywall,404 not found,False,closed,,,,
65,Atomic Layer Deposited Tin Oxide Buffer Layer via Layer-by-layer Growth for Efficient Semitransparent Perovskite Solar Cells,Small,2025-11-27,10.1002/smll.202502206,closed in Unpaywall,404 not found,False,closed,,,,
66,"Atomic Layer Deposition of AgX (X = Cl, Br, I) Thin Films",ACS Omega,2025-11-25,10.1021/acsomega.5c06913,OA PDF download failed,404 not found,True,gold,https://doi.org/10.1021/acsomega.5c06913,failed,,HTTPError('403 Client Error: Forbidden for url: https://pubs.acs.org/doi/10.1021/acsomega.5c06913')
67,Breaking the Humidity Barrier: ALD-Engineered Pt–WO3Photoelectrode for Ultra-Stable Photo-Assisted Li–O2Batteries,Chemistry of Materials,2025-11-25,10.1021/acs.chemmater.5c02049,closed in Unpaywall,404 not found,False,closed,,,,
68,"Low-Temperature Processed Al-Doped HfO2Ferroelectric Memristor with IGZO Exhibiting High Polarization, Endurance, and Retention",ACS Applied Electronic Materials,2025-11-25,10.1021/acsaelm.5c01741,closed in Unpaywall,404 not found,False,closed,,,,
69,High-Performance and Scalable Ferroelectric Diodes Enabled via 2D-MoS2 Buffer Layer Under Low Thermal Budget,Small,2025-11-20,10.1002/smll.202508853,closed in Unpaywall,404 not found,False,closed,,,,
71,Controlled Air Gap Formation between W and TiO2 Films via Sub-Surface TiO2 Atomic Layer Etching,Advanced Materials Technologies,2025-11-19,10.1002/admt.202501155,OA PDF download failed,404 not found,True,hybrid,https://onlinelibrary.wiley.com/doi/pdfdirect/10.1002/admt.202501155,failed,,HTTPError('403 Client Error: Forbidden for url: https://onlinelibrary.wiley.com/doi/pdfdirect/10.1002/admt.202501155')
72,Enhanced Area-Selective Deposition via NH3Plasma Treatment in Atomic Layer Deposition for Si/TiN Substrates,ACS Applied Materials and Interfaces,2025-11-19,10.1021/acsami.5c16213,closed in Unpaywall,404 not found,False,closed,,,,
74,Rare Mononuclear Lithium–Carbene Complex for Atomic Layer Deposition of Lithium Containing Thin Films,Angewandte Chemie International Edition,2025-11-17,10.1002/anie.202513066,OA PDF download failed,404 not found,True,hybrid,https://onlinelibrary.wiley.com/doi/pdfdirect/10.1002/anie.202513066,failed,,HTTPError('403 Client Error: Forbidden for url: https://onlinelibrary.wiley.com/doi/pdfdirect/10.1002/anie.202513066')
75,Electronic Modification at Atomic Scale: Design and Preparation of Diatomic Structures by Atomic Layer Deposition for Methanol Steam Reforming,Angewandte Chemie International Edition,2025-11-17,10.1002/anie.202514431,closed in Unpaywall,404 not found,False,closed,,,,
81,From Pinhole Density to Nucleation Onset: A Numerical Model for SAM Barrier Performance in Selective Atomic Layer Deposition,Journal of Physical Chemistry C,2025-11-13,10.1021/acs.jpcc.5c06018,closed in Unpaywall,404 not found,False,closed,,,,
82,Engineering Hydroxyl Functionalization Enables Atomically Precise ZnO Nucleation on Defective Graphene,ACS Materials Au,2025-11-12,10.1021/acsmaterialsau.5c00071,OA PDF download failed,404 not found,True,gold,https://doi.org/10.1021/acsmaterialsau.5c00071,failed,,HTTPError('403 Client Error: Forbidden for url: https://pubs.acs.org/doi/10.1021/acsmaterialsau.5c00071')
84,MoNxNanoscale-Thick Films Using BTBMMo and Ammonia in Plasma-Enhanced ALD for Cu Diffusion Barriers in High-Aspect-Ratio Nanohole 3D Interconnects,ACS Applied Nano Materials,2025-11-07,10.1021/acsanm.5c03862,closed in Unpaywall,404 not found,False,closed,,,,
86,Continuum ALD Model Unlocks Controllable Growth of VOxNanorods in High-Aspect-Ratio Structures at Elevated Temperatures,Crystal Growth and Design,2025-11-05,10.1021/acs.cgd.5c00436,closed in Unpaywall,404 not found,False,closed,,,,
87,Cyclic Plasma Treatment for Enhancing the Synaptic Performance of Bulk-Conductive Resistive Switching Memory,ACS Applied Materials and Interfaces,2025-11-05,10.1021/acsami.5c15918,closed in Unpaywall,404 not found,False,closed,,,,
88,Doping Engineering for Optimized Self-Rectifying TaOx Memristor for Crossbar Array Neuromorphic applications,Advanced Functional Materials,2025-11-05,10.1002/adfm.202503883,closed in Unpaywall,404 not found,False,closed,,,,
89,Unravel the Role of Atomic Layer Deposited Al2O3 with Different Precursors on Optoelectronic Properties of IGZO Synaptic Transistors,Advanced Electronic Materials,2025-11-04,10.1002/aelm.202500052,OA PDF download failed,404 not found,True,gold,https://onlinelibrary.wiley.com/doi/pdfdirect/10.1002/aelm.202500052,failed,,HTTPError('403 Client Error: Forbidden for url: https://onlinelibrary.wiley.com/doi/pdfdirect/10.1002/aelm.202500052')
90,Pinacolborane as a Reducing Agent in the Atomic Layer Deposition of Copper and Bismuth,ACS Omega,2025-11-04,10.1021/acsomega.5c07715,OA PDF download failed,404 not found,True,gold,https://doi.org/10.1021/acsomega.5c07715,failed,,HTTPError('403 Client Error: Forbidden for url: https://pubs.acs.org/doi/10.1021/acsomega.5c07715')
97,Unraveling the Processing Parameters for Selective Positioning of Multi-materials Using Laser Decal Transfer,Journal of Materials Engineering and Performance,2025-11-01,10.1007/s11665-025-11138-0,closed in Unpaywall,404 not found,False,closed,,,,
99,Surface Modification of Fluorine-Free Superhydrophobic Materials with (Ultra-)Thin TiO2 Layers,Advanced Engineering Materials,2025-11-01,10.1002/adem.202501319,OA PDF download failed,404 not found,True,hybrid,https://doi.org/10.1002/adem.202501319,failed,,HTTPError('403 Client Error: Forbidden for url: https://advanced.onlinelibrary.wiley.com/doi/10.1002/adem.202501319')
100,Thickness Uniformity and Tarnishing Resistance of Al2O3 Protective Film on Large Silver Cultural Heritage Artifacts,Laser and Optoelectronics Progress,2025-11-01,10.3788/LOP250552,OA PDF download failed,404 not found,True,bronze,https://www.opticsjournal.net/Articles/GetArticlePDF/OJf1aca1156da5c96e,failed,,no PDF link found on OA page
103,A catalytic sites contiguity study on atomically-dispersed ZnO-Cu/SiO2 catalysts to improve methanol formation from CO2 hydrogenation,Canadian Journal of Chemical Engineering,2025-11-01,10.1002/cjce.25683,OA PDF download failed,404 not found,True,hybrid,https://onlinelibrary.wiley.com/doi/pdfdirect/10.1002/cjce.25683,failed,,HTTPError('403 Client Error: Forbidden for url: https://onlinelibrary.wiley.com/doi/pdfdirect/10.1002/cjce.25683')
104,Thermally Enhanced Supercapacitive Performance of ALD-Grown TiO2 Thin Film on Phosphorus-Doped MnO2 as a Positive Electrode,Korean Journal of Chemical Engineering,2025-11-01,10.1007/s11814-025-00520-2,closed in Unpaywall,404 not found,False,closed,,,,
105,Atomic Layer Deposition of Aluminum Molybdenum Oxide Films Using Trimethylaluminum and Molybdenum Dichloride Dioxide,Russian Journal of Inorganic Chemistry,2025-11-01,10.1134/S0036023625603848,closed in Unpaywall,404 not found,False,closed,,,,
106,"Atomic Layer Deposition for Perovskite Solar Cells: Interface Engineering, Stability Enhancement, and Future Prospects",Nanomaterials,2025-11-01,10.3390/nano15211674,OA PDF download failed,404 not found,True,gold,https://www.mdpi.com/2079-4991/15/21/1674/pdf?version=1762239757,failed,,HTTPError('403 Client Error: Forbidden for url: https://www.mdpi.com/2079-4991/15/21/1674/pdf?version=1762239757')
108,Ab Initio Insights into the Reactivity of Precursors in Atomic Layer Deposition: A Case Study of GeAsSe,Journal of Physical Chemistry C,2025-10-30,10.1021/acs.jpcc.5c05127,closed in Unpaywall,404 not found,False,closed,,,,
110,Role of Precursor Miscibility in Area-Selective Atomic Layer Deposition,Advanced Materials,2025-10-29,10.1002/adma.202506699,closed in Unpaywall,404 not found,False,closed,,,,
111,Gain regulation of Microchannel Plate via Atomic Layer Deposition of Al2O3 Films,Proceedings of SPIE the International Society for Optical Engineering,2025-10-28,10.1117/12.3083842,closed in Unpaywall,404 not found,False,closed,,,,
112,Growth of AlxGa1-xN Thin Films with Controllable Composition and Optical Bandgap on 4H-SiC by Sub-Cycle Incomplete Reaction Plasma Enhanced Atomic Layer Deposition,Advanced Functional Materials,2025-10-22,10.1002/adfm.202423911,OA PDF download failed,404 not found,True,bronze,https://onlinelibrary.wiley.com/doi/pdfdirect/10.1002/adfm.202423911,failed,,HTTPError('403 Client Error: Forbidden for url: https://onlinelibrary.wiley.com/doi/pdfdirect/10.1002/adfm.202423911')
113,Highly Reliable Hf1-XZrXO2 with Ultra-Low Operation Voltage (< 1 V) Enabled by Stoichiometric Control of Tungsten Oxide Interfacial Layer,Advanced Materials Technologies,2025-10-20,10.1002/admt.202500507,OA PDF download failed,404 not found,True,hybrid,https://onlinelibrary.wiley.com/doi/pdfdirect/10.1002/admt.202500507,failed,,HTTPError('403 Client Error: Forbidden for url: https://onlinelibrary.wiley.com/doi/pdfdirect/10.1002/admt.202500507')
115,Evaluating Machine Learning Interatomic Potentials for Accurate and Scalable Modeling of Organometallic Precursors,ACS Applied Materials and Interfaces,2025-10-15,10.1021/acsami.5c09107,closed in Unpaywall,404 not found,False,closed,,,,
120,"Optimized ALD-ZnO Thin Films for High-Performance 12 μm Pixel Microbolometers: Fabrication, Simulation, and Design Strategies for Infrared Sensing",ACS Applied Electronic Materials,2025-10-14,10.1021/acsaelm.5c01235,closed in Unpaywall,404 not found,False,closed,,,,
121,Local Structure and Surface Acidity of Overlayers Prepared by Atomic Layer Deposition of Silica on Alumina,Chemistry of Materials,2025-10-14,10.1021/acs.chemmater.5c01832,OA PDF download failed,404 not found,True,hybrid,https://doi.org/10.1021/acs.chemmater.5c01832,failed,,HTTPError('403 Client Error: Forbidden for url: https://pubs.acs.org/doi/10.1021/acs.chemmater.5c01832')
122,Monomeric Sr Complexes Combined with Tetradentate Enaminolate Ligands for Containing Sr Thin-Film Deposition,Inorganic Chemistry,2025-10-13,10.1021/acs.inorgchem.5c02456,closed in Unpaywall,404 not found,False,closed,,,,
123,Plasma-enhanced atomic layer deposition of elemental niobium thin films,Applied Physics Letters,2025-10-13,10.1063/5.0267694,closed in Unpaywall,404 not found,False,closed,,,,
124,A Higher-Yielding Route for the Synthesis of Molecular Precursors to Thin Films of Gold by Atomic Layer Deposition,Organometallics,2025-10-13,10.1021/acs.organomet.5c00242,OA PDF download failed,404 not found,True,hybrid,https://doi.org/10.1021/acs.organomet.5c00242,failed,,HTTPError('403 Client Error: Forbidden for url: https://pubs.acs.org/doi/10.1021/acs.organomet.5c00242')
128,Visualizing Molybdenum Pentachloride Flow During Vapor Deposition Processes Using Absorption Imaging,Applied Spectroscopy,2025-10-01,10.1177/00037028251325565,OA PDF download failed,404 not found,True,bronze,https://journals.sagepub.com/doi/pdf/10.1177/00037028251325565,failed,,HTTPError('403 Client Error: Forbidden for url: https://journals.sagepub.com/doi/pdf/10.1177/00037028251325565')
129,Tip treatment for subnanoscale atomic force microscopy in liquid by atomic layer deposition Al2O3 coating,Microscopy,2025-10-01,10.1093/jmicro/dfaf014,OA PDF download failed,404 not found,True,hybrid,https://academic.oup.com/jmicro/advance-article-pdf/doi/10.1093/jmicro/dfaf014/62203930/dfaf014.pdf,failed,,HTTPError('403 Client Error: Forbidden for url: https://academic.oup.com/jmicro/advance-article-pdf/doi/10.1093/jmicro/dfaf014/62203930/dfaf014.pdf')
130,Temperature-Dependent Growth Mechanisms and Optical Properties of MgF2 Thin Films Synthesized by Plasma-Enhanced Atomic Layer Deposition,Chemistry Switzerland,2025-10-01,10.3390/chemistry7050147,OA PDF download failed,404 not found,True,gold,https://www.mdpi.com/2624-8549/7/5/147/pdf?version=1757936458,failed,,HTTPError('403 Client Error: Forbidden for url: https://www.mdpi.com/2624-8549/7/5/147/pdf?version=1757936458')
133,Molecular Rare-Earth Metal and Actinide Precursors for Chemical Vapor Deposition,ACS Applied Materials and Interfaces,2025-10-01,10.1021/acsami.5c13287,closed in Unpaywall,404 not found,False,closed,,,,
136,Nickel and Palladium Allyl-Triazenide Precursors for the Generation of Supported Nanoparticles,Helvetica Chimica Acta,2025-10-01,10.1002/hlca.202500079,OA PDF download failed,404 not found,True,hybrid,https://onlinelibrary.wiley.com/doi/pdfdirect/10.1002/hlca.202500079,failed,,HTTPError('403 Client Error: Forbidden for url: https://onlinelibrary.wiley.com/doi/pdfdirect/10.1002/hlca.202500079')
138,Precision surface tailoring via chemical vapor deposition to electrospun nanofibers for next-generation applications,Carbon Letters,2025-10-01,10.1007/s42823-025-00957-9,closed in Unpaywall,404 not found,False,closed,,,,
139,Enhanced cyclability of lithium-ion batteries resulting from atomic layer deposition of Al2O3 on LiFePO4 electrodes,Journal of Solid State Electrochemistry,2025-10-01,10.1007/s10008-024-05890-x,closed in Unpaywall,404 not found,False,closed,,,,
140,Artificial Solid Electrolyte Interphase Developed In Vitro by Tailoring Molecular Layer Deposition of a Li-Ion-Containing Electrolyte on Carbonaceous Anode Materials,ACS Applied Materials and Interfaces,2025-10-01,10.1021/acsami.5c08880,OA PDF download failed,404 not found,True,hybrid,https://doi.org/10.1021/acsami.5c08880,failed,,HTTPError('403 Client Error: Forbidden for url: https://pubs.acs.org/doi/10.1021/acsami.5c08880')
146,Effect of Growth Temperature on the Quality of Atomic Layer Deposited Aluminum Nitride Thin Films on Metallic Substrates,Bandaoti Guangdian Semiconductor Optoelectronics,2025-10-01,10.16818/j.issn1001-5868.20250529001,DOI not found in Unpaywall,404 not found,,doi_not_found,,,,
147,The Stabilization by Morphotropic Phase Boundary with a MoOxCap on Hf1−xZrxO2Dielectrics,Ecs Journal of Solid State Science and Technology,2025-10-01,10.1149/2162-8777/ae0db7,closed in Unpaywall,404 not found,False,closed,,,,
148,"Atomic Layer Deposition of AlMoxOy Films Using Aluminum Trichloride or Trimethylaluminum and Quantum-Chemical Calculations of Growth, Reduction, and Conversion Processes",Russian Journal of Inorganic Chemistry,2025-10-01,10.1134/S0036023625602855,closed in Unpaywall,404 not found,False,closed,,,,
150,Navigating Scaling Methods Using High-K/2D Integration in a Transistor,Transactions on Electrical and Electronic Materials,2025-10-01,10.1007/s42341-025-00664-2,closed in Unpaywall,404 not found,False,closed,,,,
152,Functionalization of Si3N4 with an aldehyde inhibitor for area selective deposition of HfO2 and SiO2,Journal of Materials Chemistry C,2025-09-26,10.1039/d5tc01969a,closed in Unpaywall,404 not found,False,closed,,,,
153,Enhanced Stability and Performance of High-Voltage LNMO Cathodes with Dual-Anion Niobium Oxyfluoride Coating,Small,2025-09-25,10.1002/smll.202505389,closed in Unpaywall,404 not found,False,closed,,,,
154,Tailoring CuOx Films via Open-Air Spatial Atomic Layer Deposition and Their Application in Room-Temperature Humidity Sensing,Small,2025-09-25,10.1002/smll.202506835,OA PDF download failed,404 not found,True,hybrid,https://onlinelibrary.wiley.com/doi/pdfdirect/10.1002/smll.202506835,failed,,HTTPError('403 Client Error: Forbidden for url: https://onlinelibrary.wiley.com/doi/pdfdirect/10.1002/smll.202506835')
155,Atomic Layer Deposition of Zinc-Oxide Layers for Photoassisted Lithium Metal Batteries,ACS Applied Materials and Interfaces,2025-09-24,10.1021/acsami.5c11206,closed in Unpaywall,404 not found,False,closed,,,,
156,Region-Selective Oxygen Vacancy Engineering for Ferroelectric Hf0.5Zr0.5O2Thin Films Processed at 300 °C,ACS Applied Materials and Interfaces,2025-09-24,10.1021/acsami.5c08743,closed in Unpaywall,404 not found,False,closed,,,,
157,Suppressing failure mechanisms in thick Ni-rich cathodes using angstrom-level alumina coatings,Journal of Materials Chemistry A,2025-09-23,10.1039/d5ta03170b,closed in Unpaywall,404 not found,False,closed,,,,
158,Size-Controlled and Sintering-Resistant Sub-3 nm Pt Nanoparticles on Graphene by Temperature-Variation Atomic Layer Deposition,Langmuir,2025-09-23,10.1021/acs.langmuir.5c03532,closed in Unpaywall,404 not found,False,closed,,,,
159,Precursor Engineering of Atomic Layer Deposition for Top-Gate Insulators on Monolayer MoS2Transistors,ACS Nano,2025-09-23,10.1021/acsnano.5c10705,closed in Unpaywall,404 not found,False,closed,,,,
160,Reaction Mechanisms in Copper Atomic Layer Deposition Using Copper(II) Hexafluoroacetylacetonate and Diethylzinc via In Situ Time-of-Flight Mass Spectrometry,Chemistry of Materials,2025-09-23,10.1021/acs.chemmater.5c01521,OA PDF download failed,404 not found,True,hybrid,https://doi.org/10.1021/acs.chemmater.5c01521,failed,,HTTPError('403 Client Error: Forbidden for url: https://pubs.acs.org/doi/10.1021/acs.chemmater.5c01521')
161,In Vacuo Studies on the Mechanism of Inherently Area-Selective Atomic Layer Deposition of Iridium,Chemistry of Materials,2025-09-23,10.1021/acs.chemmater.5c01484,OA PDF download failed,404 not found,True,hybrid,https://pubs.acs.org/doi/pdf/10.1021/acs.chemmater.5c01484?ref=article_openPDF,failed,,HTTPError('403 Client Error: Forbidden for url: https://pubs.acs.org/doi/pdf/10.1021/acs.chemmater.5c01484?ref=article_openPDF')
162,Orientation-dependent β-Ga2O3 heterojunction diode with atomic layer deposition (ALD) NiO,Applied Physics Letters,2025-09-22,10.1063/5.0285622,closed in Unpaywall,404 not found,False,closed,,,,
164,Steric Barriers in Area-Selective Atomic Layer Deposition: Theoretical Insights into Al Precursors on Octadecanethiol-Covered Cu Substrates,Journal of Physical Chemistry C,2025-09-18,10.1021/acs.jpcc.5c02373,closed in Unpaywall,404 not found,False,closed,,,,
165,Atomic Layer Deposition of ZrO2Films at High Temperatures (>350 °C) Using a Modified Cyclopentadienyl Zr Precursor,ACS Applied Materials and Interfaces,2025-09-17,10.1021/acsami.5c11791,closed in Unpaywall,404 not found,False,closed,,,,
166,Low-temperature nano-heteroepitaxy of the entire III-nitride semiconductor family using plasma-ALD,Proceedings of SPIE the International Society for Optical Engineering,2025-09-17,10.1117/12.3068333,closed in Unpaywall,404 not found,False,closed,,,,
167,Hydroxyl-functionalized ultrathin NiOx interlayer for minimized energy loss and enhanced interface stability in perovskite photovoltaics,Journal of Materials Chemistry A,2025-09-16,10.1039/d5ta05079k,closed in Unpaywall,404 not found,False,closed,,,,
173,In2O3-Modified ZnO@SnO2Core–Shell Nanosheets for Ethanol Sensing,ACS Applied Nano Materials,2025-09-12,10.1021/acsanm.5c03397,closed in Unpaywall,404 not found,False,closed,,,,
175,Nanoscopic Titanium Dioxide Overlayers Improve the Durability of Porphyrin Molecular Electrocatalysts while Maintaining Molecular Structure and Redox Activity,ACS Applied Materials and Interfaces,2025-09-10,10.1021/acsami.5c10416,closed in Unpaywall,404 not found,False,closed,,,,
176,Atomic Layer Deposition of Superconductive Niobium Carbonitride Thin Films,Chemistry of Materials,2025-09-09,10.1021/acs.chemmater.5c01456,OA PDF download failed,404 not found,True,hybrid,https://pubs.acs.org/doi/pdf/10.1021/acs.chemmater.5c01456?ref=article_openPDF,failed,,HTTPError('403 Client Error: Forbidden for url: https://pubs.acs.org/doi/pdf/10.1021/acs.chemmater.5c01456?ref=article_openPDF')
177,Controlling Surface-Enhanced Raman Scattering and Metal-Enhanced Fluorescence in Silver Nanofilms Using Ultrathin Aluminum Oxide Spacers via Atomic Layer Deposition,Chemistry of Materials,2025-09-09,10.1021/acs.chemmater.5c01585,OA PDF download failed,404 not found,True,hybrid,https://doi.org/10.1021/acs.chemmater.5c01585,failed,,HTTPError('403 Client Error: Forbidden for url: https://pubs.acs.org/doi/10.1021/acs.chemmater.5c01585')
178,Tunable Electrical and Optical Properties in Atomic Layer Deposited TiO2:Pt Thin Films via Dynamic Metallic Nanoparticle Formation,Advanced Materials Interfaces,2025-09-08,10.1002/admi.202500594,OA PDF download failed,404 not found,True,gold,https://onlinelibrary.wiley.com/doi/pdfdirect/10.1002/admi.202500594,failed,,HTTPError('403 Client Error: Forbidden for url: https://onlinelibrary.wiley.com/doi/pdfdirect/10.1002/admi.202500594')
179,Investigation on the thickness uniformity of TiO2 and Al2O3 coatings on meter-scale surfaces prepared by atomic layer deposition,Optics Express,2025-09-08,10.1364/OE.568834,OA PDF download failed,404 not found,True,gold,https://doi.org/10.1364/oe.568834,failed,,no PDF link found on OA page
180,"Near Room-Temperature Atomic Layer Deposition of Magnesium Oxide Using Bis-3-(N,N-dimethylamino)propyl Magnesium(II) and Water",Journal of the American Chemical Society,2025-09-03,10.1021/jacs.5c08514,closed in Unpaywall,404 not found,False,closed,,,,
183,Highly reliable ferroelectricity of HfO2–TiO2 nanolaminates thin films grown by plasma-enhanced atomic layer deposition,Journal of the Korean Ceramic Society,2025-09-01,10.1007/s43207-025-00516-y,closed in Unpaywall,404 not found,False,closed,,,,
190,Area-selective atomic layer deposition of Al2O3 film on Cu and Si substrates using bulky Al precursor AlMe2(iPr-AMD),Journal of Vacuum Science and Technology A Vacuum Surfaces and Films,2025-09-01,10.1116/6.0004806,OA PDF download failed,404 not found,True,bronze,https://pubs.aip.org/avs/jva/article-pdf/doi/10.1116/6.0004806/20663465/052402_1_6.0004806.pdf,failed,,HTTPError('403 Client Error: Forbidden for url: https://pubs.aip.org/avs/jva/article-pdf/doi/10.1116/6.0004806/20663465/052402_1_6.0004806.pdf')
196,Microwave enhanced atomic layer deposition (MW-ALD): Incorporating a microwave antenna into an ALD system and performing in situ direct microwave exposure during ALD,Journal of Vacuum Science and Technology A Vacuum Surfaces and Films,2025-09-01,10.1116/6.0004633,closed in Unpaywall,404 not found,False,closed,,,,
198,Green Hydrogen From Waste: Exploring the Promise of Sustainable Catalysis,Bionanoscience,2025-09-01,10.1007/s12668-025-02048-5,closed in Unpaywall,404 not found,False,closed,,,,
200,Low-Temperature Photocrystallization of Atomic Layer Deposition-Processed Tin Oxide for Highly Efficient and Flexible Perovskite Solar Cells,Small Science,2025-09-01,10.1002/smsc.202500196,OA PDF download failed,404 not found,True,gold,https://onlinelibrary.wiley.com/doi/pdfdirect/10.1002/smsc.202500196,failed,,HTTPError('403 Client Error: Forbidden for url: https://onlinelibrary.wiley.com/doi/pdfdirect/10.1002/smsc.202500196')
202,"Growth Characteristics, Phase Composition, and Optical Properties of Ti–Sc–O Thin Films Synthesized by Atomic Layer Deposition",Russian Journal of Inorganic Chemistry,2025-09-01,10.1134/S0036023625602752,closed in Unpaywall,404 not found,False,closed,,,,
205,Investigation on the Structure–Function Relationship of Atomic-Layer-Deposited Platinum Additives on Tungsten Trioxide Gas Sensor Materials,Journal of Physical Chemistry C,2025-08-28,10.1021/acs.jpcc.5c05000,OA PDF download failed,404 not found,True,hybrid,https://doi.org/10.1021/acs.jpcc.5c05000,failed,,HTTPError('403 Client Error: Forbidden for url: https://pubs.acs.org/doi/10.1021/acs.jpcc.5c05000')
206,Composition-controllable growth of GeTex thin films via combined atomic layer deposition and chemical vapor deposition,Journal of Materials Chemistry C,2025-08-28,10.1039/d5tc02138c,closed in Unpaywall,404 not found,False,closed,,,,
207,Atomic Layer Deposited Silicon Anode with Nanoporous Fluorinated Surface Modulation Enabling Invertible Electrochemical Lithium Storage,Small,2025-08-28,10.1002/smll.202504940,closed in Unpaywall,404 not found,False,closed,,,,
209,Single Metal Atom Catalysts Prepared by Diluted Atomic Layer Deposition,ACS Applied Materials and Interfaces,2025-08-27,10.1021/acsami.5c10576,closed in Unpaywall,404 not found,False,closed,,,,
211,Impact of the Atomic Structure at the BiVO4/TiO2Interface on the Electronic Properties and Performance of BiVO4/TiO2Photoanodes,Journal of the American Chemical Society,2025-08-27,10.1021/jacs.5c07695,OA PDF download failed,404 not found,True,hybrid,https://doi.org/10.1021/jacs.5c07695,failed,,HTTPError('403 Client Error: Forbidden for url: https://pubs.acs.org/doi/10.1021/jacs.5c07695')
213,"Fast, In Situ Gas Analysis during Atomic Layer Deposition through Optical Emission Spectroscopy and Non-Negative Matrix Factorization",ACS Sensors,2025-08-22,10.1021/acssensors.5c01731,OA PDF download failed,404 not found,True,green,https://biblio.ugent.be/publication/01KG78CN21NS04842TEPJFMGT2,failed,,downloaded response was not a PDF
214,Effect of yttrium feeding time on the electrical and structural properties of atomic layer deposited Y-doped TiO2 films for dynamic random-access memory capacitors,Journal of Materials Chemistry C,2025-08-21,10.1039/d5tc01401h,closed in Unpaywall,404 not found,False,closed,,,,
215,Nonconventional growth characteristics of tin silicon oxide grown by thermal atomic layer deposition using H2O as oxidant,Journal of Chemical Physics,2025-08-21,10.1063/5.0279669,closed in Unpaywall,404 not found,False,closed,,,,
216,Advanced Fabrication of Ultrathin Ruthenium Films Using Synergistic Atomic Layer Deposition and Etching,Small Methods,2025-08-20,10.1002/smtd.202402166,OA PDF download failed,404 not found,True,bronze,https://onlinelibrary.wiley.com/doi/pdfdirect/10.1002/smtd.202402166,failed,,HTTPError('403 Client Error: Forbidden for url: https://onlinelibrary.wiley.com/doi/pdfdirect/10.1002/smtd.202402166')
217,Mechanically Robust and yet Electrically Conductive C60-SnO2Electron Transporting Bilayer in Stable Perovskite Solar Cells,Langmuir,2025-08-19,10.1021/acs.langmuir.5c02273,closed in Unpaywall,404 not found,False,closed,,,,
218,Advanced characterization of density-of-states over wide bandgap-energy in p-type Cu2O TFTs by multiple-wavelength light source,Applied Physics Letters,2025-08-18,10.1063/5.0272590,closed in Unpaywall,404 not found,False,closed,,,,
220,Surface Passivation Technique for Ge1–xSnx-Based Diodes by GeO2Atomic Layer Deposition with Postoxidation Annealing,ACS Applied Electronic Materials,2025-08-12,10.1021/acsaelm.5c00752,OA PDF download failed,404 not found,True,hybrid,https://doi.org/10.1021/acsaelm.5c00752,failed,,HTTPError('403 Client Error: Forbidden for url: https://pubs.acs.org/doi/10.1021/acsaelm.5c00752')
221,"Advancing Sodium-Ion Battery Cathodes: A Low-Cost, Eco-Friendly Mechanofusion Route from TiO2Coating to Ti4+Doping",Chemistry of Materials,2025-08-12,10.1021/acs.chemmater.5c01485,OA PDF download failed,404 not found,True,hybrid,https://doi.org/10.1021/acs.chemmater.5c01485,failed,,HTTPError('403 Client Error: Forbidden for url: https://pubs.acs.org/doi/10.1021/acs.chemmater.5c01485')
222,Sub-nanometer ZrO2 capping Hf0.5Zr0.5O2 thin films for BEOL-compatible ferroelectric tunnel junction with giant electroresistance,Applied Physics Letters,2025-08-11,10.1063/5.0284014,closed in Unpaywall,404 not found,False,closed,,,,
223,Advanced Atomic Layer Modulation Based Highly Homogeneous PtRu Precious Metals Alloy Thin Films,Advanced Science,2025-08-07,10.1002/advs.202503561,OA PDF download failed,404 not found,True,gold,https://onlinelibrary.wiley.com/doi/pdfdirect/10.1002/advs.202503561,failed,,HTTPError('403 Client Error: Forbidden for url: https://onlinelibrary.wiley.com/doi/pdfdirect/10.1002/advs.202503561')
224,Study of the interfacial reaction of high-κ Al2O3 gate oxides with IGZO,Journal of Applied Physics,2025-08-07,10.1063/5.0274282,OA PDF download failed,404 not found,True,hybrid,https://doi.org/10.1063/5.0274282,failed,,HTTPError('403 Client Error: Forbidden for url: https://pubs.aip.org/jap/article/138/5/055301/3357258/Study-of-the-interfacial-reaction-of-high-Al2O3')
225,Tetracene Functionalized Si(111) Achieves Enhanced Solar-to-Chemical Energy Conversion via Molecular Acceptor States,Journal of the American Chemical Society,2025-08-06,10.1021/jacs.5c06963,closed in Unpaywall,404 not found,False,closed,,,,
227,"Design of an inflorescence-type phosphorus-doped (Ni,Co)-molybdate architecture with an atomically thin cobalt oxide layer for high-efficiency energy storage systems",Inorganic Chemistry Frontiers,2025-08-05,10.1039/d5qi00355e,closed in Unpaywall,404 not found,False,closed,,,,
228,Controllable formation of HfO2 thin film in 20 nm thick lateral trenches with high aspect ratio up to 30,Nanotechnology,2025-08-04,10.1088/1361-6528/adf33e,closed in Unpaywall,404 not found,False,closed,,,,
234,Tunable physical and electrical characteristics of AZO/p-Si heterostructures developed using super-cycle approach of ALD,Journal of Materials Science Materials in Electronics,2025-08-01,10.1007/s10854-025-15511-6,closed in Unpaywall,404 not found,False,closed,,,,
235,Mechanistic insights into the atomic layer deposition of GaN using TMG and NH3,Journal of Materials Science,2025-08-01,10.1007/s10853-025-11184-y,closed in Unpaywall,404 not found,False,closed,,,,
236,Deposition of uniform films on complex 3D objects by atomic layer deposition for plasma etch-resistant coatings,National Science Review,2025-08-01,10.1093/nsr/nwaf247,OA PDF download failed,404 not found,True,gold,https://academic.oup.com/nsr/advance-article-pdf/doi/10.1093/nsr/nwaf247/63509325/nwaf247.pdf,failed,,HTTPError('403 Client Error: Forbidden for url: https://academic.oup.com/nsr/advance-article-pdf/doi/10.1093/nsr/nwaf247/63509325/nwaf247.pdf')
237,Co-Dosing Vapor Phase Infiltration within Epoxidized Isoprene for Functional Al-Doped ZnO and AlOx–ZnO Composites,ACS Applied Nano Materials,2025-08-01,10.1021/acsanm.5c02013,OA PDF download failed,404 not found,True,hybrid,https://doi.org/10.1021/acsanm.5c02013,failed,,HTTPError('403 Client Error: Forbidden for url: https://pubs.acs.org/doi/10.1021/acsanm.5c02013')
238,Ru-Based Catalysts Deposited by Atomic Layer Deposition for Non-Alkaline Zn-Air Batteries,Batteries and Supercaps,2025-08-01,10.1002/batt.202400774,OA PDF download failed,404 not found,True,bronze,https://onlinelibrary.wiley.com/doi/pdfdirect/10.1002/batt.202400774,failed,,HTTPError('403 Client Error: Forbidden for url: https://onlinelibrary.wiley.com/doi/pdfdirect/10.1002/batt.202400774')
239,Dependence of ozone concentration on the moisture barrier properties of aluminum oxide using atomic layer deposition,Journal of the Korean Physical Society,2025-08-01,10.1007/s40042-025-01410-w,closed in Unpaywall,404 not found,False,closed,,,,
242,Burst Nucleation in Area-Selective Atomic Layer Deposition,ACS Applied Materials and Interfaces,2025-07-30,10.1021/acsami.5c07184,closed in Unpaywall,404 not found,False,closed,,,,
244,Full Wafer Scale Manufacturing of Directly Printed TiO2 Metalenses at Visible Wavelengths with Outstanding Focusing Efficiencies,Advanced Materials,2025-07-29,10.1002/adma.202500327,OA PDF download failed,404 not found,True,hybrid,https://onlinelibrary.wiley.com/doi/pdfdirect/10.1002/adma.202500327,failed,,HTTPError('403 Client Error: Forbidden for url: https://onlinelibrary.wiley.com/doi/pdfdirect/10.1002/adma.202500327')
246,Optimization of Atomic Layer Deposition Process of Tin Oxide Thin Films for Near-Infrared-Transparent Halide Perovskite Solar Cells,ACS Applied Energy Materials,2025-07-28,10.1021/acsaem.5c00882,closed in Unpaywall,404 not found,False,closed,,,,
247,"Enhanced Performance of LiFePO4 Cathodes with Alumina Nanocoating by Atomic Layer Deposition: Insights from Electrochemical, Operando X-ray Diffraction, and X-ray Photoelectron Spectroscopy Analyses",ACS Applied Energy Materials,2025-07-28,10.1021/acsaem.5c01523,closed in Unpaywall,404 not found,False,closed,,,,
248,Vapor Phase Installation of CpCo(CO)2 in MOF-808,Advanced Materials Interfaces,2025-07-25,10.1002/admi.202500079,OA PDF download failed,404 not found,True,gold,https://onlinelibrary.wiley.com/doi/pdfdirect/10.1002/admi.202500079,failed,,HTTPError('403 Client Error: Forbidden for url: https://onlinelibrary.wiley.com/doi/pdfdirect/10.1002/admi.202500079')
249,A Review on Reactor Design and Surface Modification of Atomic Layer Deposition for Functional Nanoparticles,Advanced Materials Interfaces,2025-07-25,10.1002/admi.202500140,OA PDF download failed,404 not found,True,gold,https://onlinelibrary.wiley.com/doi/pdfdirect/10.1002/admi.202500140,failed,,HTTPError('403 Client Error: Forbidden for url: https://onlinelibrary.wiley.com/doi/pdfdirect/10.1002/admi.202500140')
251,Atomic layer deposition and characterization of scandium aluminum nitride,Applied Physics Letters,2025-07-21,10.1063/5.0278222,closed in Unpaywall,404 not found,False,closed,,,,
253,Metal–Oxide Interface Sites Created Using Atomic Layer Deposition and Tested for CO Oxidation,ACS Catalysis,2025-07-18,10.1021/acscatal.5c03164,OA PDF download failed,404 not found,True,hybrid,https://doi.org/10.1021/acscatal.5c03164,failed,,HTTPError('403 Client Error: Forbidden for url: https://pubs.acs.org/doi/10.1021/acscatal.5c03164')
254,Influence of Compactness and Crystallinity on Hole Transfer Ability of Nickel Oxide Layer in Modal Coupling Regime,Chemistry A European Journal,2025-07-11,10.1002/chem.202501332,OA PDF download failed,404 not found,True,hybrid,https://doi.org/10.1002/chem.202501332,failed,,HTTPError('403 Client Error: Forbidden for url: https://chemistry-europe.onlinelibrary.wiley.com/doi/10.1002/chem.202501332')
255,Low-Temperature Thermal Atomic Layer Deposition of Aluminum Nitride Thin Films for Passivation Layers in GaN-Based Light-Emitting Diodes,ACS Applied Nano Materials,2025-07-11,10.1021/acsanm.5c01858,closed in Unpaywall,404 not found,False,closed,,,,
257,Highly Conductive Ultrathin Niobium Carbide Thin Films as Next-Generation Diffusion Barriers for Cu and Ru Interconnects Prepared by Plasma-Enhanced Atomic Layer Deposition,Chemistry of Materials,2025-07-08,10.1021/acs.chemmater.5c00557,closed in Unpaywall,404 not found,False,closed,,,,
258,Retention and endurance analysis for 2T0C DRAM based on ALD-ITZO thin film transistors,Nanotechnology,2025-07-07,10.1088/1361-6528/ade80f,closed in Unpaywall,404 not found,False,closed,,,,
259,Expanding the Scope of Mo(III) Precursor Molecules for Vapor Phase Growth of Mo-Based Materials: Mo(III) Guanidinate,Chemistry A European Journal,2025-07-02,10.1002/chem.202500244,closed in Unpaywall,404 not found,False,closed,,,,
263,Aluminum silicate deposition on polyethylene naphthalate films and its application to Cs absorber in Cs aqueous solution,Journal of Vacuum Science and Technology A Vacuum Surfaces and Films,2025-07-01,10.1116/6.0004544,OA PDF download failed,404 not found,True,hybrid,https://doi.org/10.1116/6.0004544,failed,,HTTPError('403 Client Error: Forbidden for url: https://pubs.aip.org/jva/article/43/4/042401/3346846/Aluminum-silicate-deposition-on-polyethylene')
264,A comprehensive review on coating techniques to suppress the dendrites issue and improve the performance of lithium-ion batteries,Journal of Coatings Technology and Research,2025-07-01,10.1007/s11998-024-01050-y,closed in Unpaywall,404 not found,False,closed,,,,
266,Investigation of Electrochemical Stability of ALD Grown Li3PO4 Thin Films and Its Application in High-Voltage PEO-based All-Solid-State Lithium Batteries,Advanced Sustainable Systems,2025-07-01,10.1002/adsu.202300392,OA PDF download failed,404 not found,True,bronze,https://onlinelibrary.wiley.com/doi/pdfdirect/10.1002/adsu.202300392,failed,,HTTPError('403 Client Error: Forbidden for url: https://onlinelibrary.wiley.com/doi/pdfdirect/10.1002/adsu.202300392')
267,Interfacial oxide and other species in trimethylaluminum-pretreated atomic layer deposition-Al2O3/GaN characterized by sputter-assisted ToF-SIMS,Journal of Vacuum Science and Technology A Vacuum Surfaces and Films,2025-07-01,10.1116/6.0004311,closed in Unpaywall,404 not found,False,closed,,,,
268,Rapid nucleation of ZnO on MoS2 and WS2 using an atmospheric-pressure spatial atomic layer deposition system,2d Materials,2025-07-01,10.1088/2053-1583/adda02,OA PDF download failed,404 not found,True,hybrid,https://doi.org/10.1088/2053-1583/adda02,failed,,no PDF link found on OA page
269,"Chemical reactions and crystallization behavior in thermal ALD of BaTiO3 thin films from bis-(1,2,4 triisopropylcyclopentadienyl)-barium and titanium isopropoxide precursors",Journal of Vacuum Science and Technology A Vacuum Surfaces and Films,2025-07-01,10.1116/6.0004385,closed in Unpaywall,404 not found,False,closed,,,,
270,DFT Study of Initial Surface Reactions in Gallium Nitride Atomic Layer Deposition Using Trimethylgallium and Ammonia,Applied Sciences Switzerland,2025-07-01,10.3390/app15137487,OA PDF download failed,404 not found,True,gold,https://www.mdpi.com/2076-3417/15/13/7487/pdf?version=1751545586,failed,,HTTPError('403 Client Error: Forbidden for url: https://www.mdpi.com/2076-3417/15/13/7487/pdf?version=1751545586')
275,Effect of Aminosilane Precursor and Surface Silanol Density on the Growth per Cycle during Atomic Layer Deposition of SiO2,Langmuir,2025-07-01,10.1021/acs.langmuir.5c00981,closed in Unpaywall,404 not found,False,closed,,,,
277,Effect of the H2/N2 Ratio on Molybdenum Nitride Thin Films Deposited by Plasma-Enhanced Atomic Layer Deposition: Applications for Next-Generation Interconnects,ACS Applied Nano Materials,2025-06-27,10.1021/acsanm.5c02365,closed in Unpaywall,404 not found,False,closed,,,,
278,Enhanced Nonvolatile Electrochemical Random-Access Memory and Artificial Synapse Characteristics through Oxygen Ion-Exchange Engineering in an Atomic-Layer-Deposited HfO2-x Gate Insulator and a Zinc Oxide Channel Layer,ACS Applied Materials and Interfaces,2025-06-25,10.1021/acsami.5c04214,closed in Unpaywall,404 not found,False,closed,,,,
279,Interfacial Chemistry between Formamidinium Lead Trihalide Perovskites and Atomic-Layer-Deposited Tin Oxide,ACS Applied Energy Materials,2025-06-23,10.1021/acsaem.5c00968,OA PDF download failed,404 not found,True,hybrid,https://doi.org/10.1021/acsaem.5c00968,failed,,HTTPError('403 Client Error: Forbidden for url: https://pubs.acs.org/doi/10.1021/acsaem.5c00968')
280,Identifying the Role of the TMA/H2O Atomic Layer Deposition Process on NMC811 Electrochemical Performance,ACS Applied Energy Materials,2025-06-23,10.1021/acsaem.5c00625,closed in Unpaywall,404 not found,False,closed,,,,
281,Integrating photodetection and neuromorphic vision in ALD-grown amorphous Ga2O3 thin films via bias-voltage modulation,Optics Express,2025-06-16,10.1364/OE.564628,OA PDF download failed,404 not found,True,gold,https://doi.org/10.1364/oe.564628,failed,,no PDF link found on OA page
285,High density supercapacitors with atomic layer deposited SiO2 dielectric as solid state electrolyte,Journal of Applied Physics,2025-06-14,10.1063/5.0264293,OA PDF download failed,404 not found,True,hybrid,https://doi.org/10.1063/5.0264293,failed,,HTTPError('403 Client Error: Forbidden for url: https://pubs.aip.org/jap/article/137/22/225303/3349425/High-density-supercapacitors-with-atomic-layer')
286,Area-Selective Atomic Layer Deposition on Homogeneous Substrate for Next-Generation Electronic Devices,Advanced Science,2025-06-12,10.1002/advs.202414483,OA PDF download failed,404 not found,True,gold,https://onlinelibrary.wiley.com/doi/pdfdirect/10.1002/advs.202414483,failed,,HTTPError('403 Client Error: Forbidden for url: https://onlinelibrary.wiley.com/doi/pdfdirect/10.1002/advs.202414483')
288,Solid-State Hydrogen Storage in Atomic Layer Deposited α-MoO3 Thin Films,Energy and Fuels,2025-06-12,10.1021/acs.energyfuels.5c01159,OA PDF download failed,404 not found,True,hybrid,https://doi.org/10.1021/acs.energyfuels.5c01159,failed,,HTTPError('403 Client Error: Forbidden for url: https://pubs.acs.org/doi/10.1021/acs.energyfuels.5c01159')
289,Enhancing the Adhesion Strength of Polymer-Based Joints via Atomic Layer Deposition Surface Modifications,ACS Applied Materials and Interfaces,2025-06-11,10.1021/acsami.5c04879,OA PDF download failed,404 not found,True,hybrid,https://doi.org/10.1021/acsami.5c04879,failed,,HTTPError('403 Client Error: Forbidden for url: https://pubs.acs.org/doi/10.1021/acsami.5c04879')
290,Steric Hindrance and Film Quality in HfO2 Atomic Layer Deposition: Comparative Kinetic Monte Carlo Simulation of TEMA-Hf and HfCp(NMe2)3 Precursors,Chemistry of Materials,2025-06-10,10.1021/acs.chemmater.5c00024,closed in Unpaywall,404 not found,False,closed,,,,
291,Enhanced Performance of Silicon Anodes through Hybrid Surface Engineering,ACS Applied Energy Materials,2025-06-09,10.1021/acsaem.5c00537,closed in Unpaywall,404 not found,False,closed,,,,
292,Highly UV-responsive indium-free Zn-Sn-Al-O phototransistor for optoelectronic artificial synapses,Journal of Materials Chemistry C,2025-06-09,10.1039/d5tc01255d,closed in Unpaywall,404 not found,False,closed,,,,
293,High-Performance Synapse Arrays for Neuromorphic Computing via Floating Gate-Engineered IGZO Synaptic Transistors,Advanced Science,2025-06-05,10.1002/advs.202500568,OA PDF download failed,404 not found,True,gold,https://onlinelibrary.wiley.com/doi/pdfdirect/10.1002/advs.202500568,failed,,HTTPError('403 Client Error: Forbidden for url: https://onlinelibrary.wiley.com/doi/pdfdirect/10.1002/advs.202500568')
294,Enhanced Retention Characteristics of Subthreshold Hf-ZnO Synaptic Pass-Transistors with Ultralow Power Consumption,ACS Applied Materials and Interfaces,2025-06-04,10.1021/acsami.5c05717,OA PDF download failed,404 not found,True,hybrid,https://doi.org/10.1021/acsami.5c05717,failed,,HTTPError('403 Client Error: Forbidden for url: https://pubs.acs.org/doi/10.1021/acsami.5c05717')
295,N-polar gallium nitride doping by atomic layer deposition for improved electrical performance,Applied Physics Letters,2025-06-02,10.1063/5.0261504,closed in Unpaywall,404 not found,False,closed,,,,
296,Evolution of Mid-to-High Spatial Frequency Surface Morphology in PEALD-Deposited Al2O3 Thin Films,Guangxue Xuebao Acta Optica Sinica,2025-06-01,10.3788/AOS250600,OA PDF download failed,404 not found,True,bronze,https://www.opticsjournal.net/Articles/GetArticlePDF/OJbad171a60ce4331d,failed,,no PDF link found on OA page
297,"Confined-space annealing of 2D transition metal dichalcogenides: Improving properties, material reorganization, and chalcogen exchange",APL Materials,2025-06-01,10.1063/5.0250685,OA PDF download failed,404 not found,True,gold,https://doi.org/10.1063/5.0250685,failed,,HTTPError('403 Client Error: Forbidden for url: https://pubs.aip.org/apm/article/13/6/061105/3348315/Confined-space-annealing-of-2D-transition-metal')
299,Transparent Al-Doped ZnO Thin Films for High-Sensitivity NO2 Gas Sensing,Sensors,2025-06-01,10.3390/s25123622,OA PDF download failed,404 not found,True,gold,https://www.mdpi.com/1424-8220/25/12/3622/pdf?version=1749536898,failed,,HTTPError('403 Client Error: Forbidden for url: https://www.mdpi.com/1424-8220/25/12/3622/pdf?version=1749536898')
300,Impact of Reset Pulse Width on Gradual Conductance Programming in Al2O3/TiOx-Based RRAM,Micromachines,2025-06-01,10.3390/mi16060718,OA PDF download failed,404 not found,True,gold,https://www.mdpi.com/2072-666X/16/6/718/pdf?version=1750141806,failed,,HTTPError('403 Client Error: Forbidden for url: https://www.mdpi.com/2072-666X/16/6/718/pdf?version=1750141806')
301,Growth and Characterization of Mixed Oxide Hf1−xScxOy(0 ≤ x ≤ 1) Films Prepared by the Atomic Layer Deposition Method,Journal of Electronic Materials,2025-06-01,10.1007/S11664-025-11865-Z,closed in Unpaywall,404 not found,False,closed,,,,
305,Coating of Cubic Boron Nitride Powder with TiN in a Rotating Drum via Gas Phase Processes,Coatings,2025-06-01,10.3390/coatings15060711,OA PDF download failed,404 not found,True,gold,https://www.mdpi.com/2079-6412/15/6/711/pdf?version=1749794203,failed,,HTTPError('403 Client Error: Forbidden for url: https://www.mdpi.com/2079-6412/15/6/711/pdf?version=1749794203')
307,Effect of tin oxide coating on physical properties of silver nanowire transparent conductive electrodes,Applied Physics A Materials Science and Processing,2025-06-01,10.1007/s00339-025-08628-2,closed in Unpaywall,404 not found,False,closed,,,,
311,Room-temperature atomic layer deposition of zinc aluminum oxide using sequential adsorption of dimethyl zinc and trimethylaluminum,Japanese Journal of Applied Physics Part 1 Regular Papers and Short Notes and Review Papers,2025-06-01,10.35848/1347-4065/adde6a,OA PDF download failed,404 not found,True,hybrid,https://doi.org/10.35848/1347-4065/adde6a,failed,,no PDF link found on OA page
312,Amorphous Gallium-Oxide-Based Non-Filamentary Memristive Device with Highly Repeatable Multiple Resistance States,Advanced Electronic Materials,2025-06-01,10.1002/aelm.202400765,OA PDF download failed,404 not found,True,gold,https://onlinelibrary.wiley.com/doi/pdfdirect/10.1002/aelm.202400765,failed,,HTTPError('403 Client Error: Forbidden for url: https://onlinelibrary.wiley.com/doi/pdfdirect/10.1002/aelm.202400765')
313,Novel 3D Capacitors: Integrating Porous Nickel-Structured and Through-Glass-Via-Fabricated Capacitors,Nanomaterials,2025-06-01,10.3390/nano15110819,OA PDF download failed,404 not found,True,gold,https://www.mdpi.com/2079-4991/15/11/819/pdf?version=1748504208,failed,,HTTPError('403 Client Error: Forbidden for url: https://www.mdpi.com/2079-4991/15/11/819/pdf?version=1748504208')
314,Island-like Perovskite Photoelectric Synaptic Transistor with ZnO Channel Layer Deposited by Low-Temperature Atomic Layer Deposition,Materials,2025-06-01,10.3390/ma18122879,OA PDF download failed,404 not found,True,gold,https://www.mdpi.com/1996-1944/18/12/2879/pdf?version=1750240931,failed,,HTTPError('403 Client Error: Forbidden for url: https://www.mdpi.com/1996-1944/18/12/2879/pdf?version=1750240931')
315,Safeguarding CoMnMo-oxide nanosheets in acidic oxygen evolution reaction via an atomic layer deposited TiO2 conformal coating,Journal of Materials Chemistry A,2025-05-29,10.1039/d4ta09020a,closed in Unpaywall,404 not found,False,closed,,,,
316,Atomic layer deposition of a thin TiO2 layer on nickel-rich cathode NCM83 for improved cycling stability,Journal of Materials Chemistry A,2025-05-28,10.1039/d5ta02510a,closed in Unpaywall,404 not found,False,closed,,,,
318,Insulator-Based Dielectrophoresis for Purifying Semiconductor Industry-Compatible Chemicals with Trace Nanoparticles,Jacs Au,2025-05-26,10.1021/jacsau.5c00307,OA PDF download failed,404 not found,True,gold,https://doi.org/10.1021/jacsau.5c00307,failed,,HTTPError('403 Client Error: Forbidden for url: https://pubs.acs.org/doi/10.1021/jacsau.5c00307')
320,Flash-Induced Thermochemical Heterostructuring of a Nickel Oxide/Zinc Oxide Nanomesh for NO2 Sensing,ACS Applied Nano Materials,2025-05-23,10.1021/acsanm.5c01717,closed in Unpaywall,404 not found,False,closed,,,,
321,Gas- versus Liquid-Phase Silylation as a Way to Inhibit Thin-Film Atomic Layer Deposition (ALD) on Silicon Oxide Substrates,Journal of Physical Chemistry C,2025-05-22,10.1021/acs.jpcc.5c02266,OA PDF download failed,404 not found,True,hybrid,https://doi.org/10.1021/acs.jpcc.5c02266,failed,,HTTPError('403 Client Error: Forbidden for url: https://pubs.acs.org/doi/10.1021/acs.jpcc.5c02266')
324,Elevated Practical Volumetric Density and Cyclic Durability of Selenium Cathodes by Powder Microspheroidization and Kilogram-Scale Atomic Layer Deposition Techniques,Advanced Energy Materials,2025-05-20,10.1002/aenm.202405532,OA PDF download failed,404 not found,True,bronze,https://onlinelibrary.wiley.com/doi/pdfdirect/10.1002/aenm.202405532,failed,,HTTPError('403 Client Error: Forbidden for url: https://onlinelibrary.wiley.com/doi/pdfdirect/10.1002/aenm.202405532')
329,Enhancing selectivity in area-selective atomic layer deposition of Al2O3 on Cu using N2 co-flow,Journal of Materials Chemistry C,2025-05-14,10.1039/d5tc01083g,closed in Unpaywall,404 not found,False,closed,,,,
330,"Computational Ab Initio Approaches for Area-Selective Atomic Layer Deposition: Methods, Status, and Perspectives",Chemistry of Materials,2025-05-13,10.1021/acs.chemmater.4c03477,OA PDF download failed,404 not found,True,hybrid,https://doi.org/10.1021/acs.chemmater.4c03477,failed,,HTTPError('403 Client Error: Forbidden for url: https://pubs.acs.org/doi/10.1021/acs.chemmater.4c03477')
332,Magnetic Photocatalyst Nanocomposite Based on MnFe2O4@ZnO for AZO Dye Degradation,ACS Omega,2025-05-06,10.1021/acsomega.4c11468,OA PDF download failed,404 not found,True,gold,https://doi.org/10.1021/acsomega.4c11468,failed,,HTTPError('403 Client Error: Forbidden for url: https://pubs.acs.org/doi/10.1021/acsomega.4c11468')
333,Nanoengineering of Chitosan Sponges Via Atomic Layer Deposition of ZnO for Water Remediation Technologies,Advanced Materials Interfaces,2025-05-05,10.1002/admi.202400831,OA PDF download failed,404 not found,True,gold,https://onlinelibrary.wiley.com/doi/pdfdirect/10.1002/admi.202400831,failed,,HTTPError('403 Client Error: Forbidden for url: https://onlinelibrary.wiley.com/doi/pdfdirect/10.1002/admi.202400831')
334,Characteristics of aluminum-doped SnO2 in various positions using super-cycle ALD,Nanotechnology,2025-05-05,10.1088/1361-6528/adc4ef,closed in Unpaywall,404 not found,False,closed,,,,
335,Nano-Scale ZrN Film Modified Zn Anode with Ultra-Long Cycle Life Over 5000 H,Small,2025-05-05,10.1002/smll.202502480,OA PDF download failed,404 not found,True,bronze,https://onlinelibrary.wiley.com/doi/pdfdirect/10.1002/smll.202502480,failed,,HTTPError('403 Client Error: Forbidden for url: https://onlinelibrary.wiley.com/doi/pdfdirect/10.1002/smll.202502480')
337,Interface quality improvement of metal/AlOxNy/AlGaN/GaN MIS-heterojunction by using alternative AlOxNy growth in PEALD system,Applied Physics Letters,2025-05-05,10.1063/5.0256227,closed in Unpaywall,404 not found,False,closed,,,,
338,Atomic Layer Deposition of PdRux Alloy Nanoparticles for Hydrogen Evolution Reaction Electrocatalysis in Acidic Media,ACS Applied Nano Materials,2025-05-02,10.1021/acsanm.5c00794,closed in Unpaywall,404 not found,False,closed,,,,
339,ALD-Assisted VO2 for Memristor Application,Advanced Engineering Materials,2025-05-01,10.1002/adem.202402614,OA PDF download failed,404 not found,True,hybrid,https://onlinelibrary.wiley.com/doi/pdfdirect/10.1002/adem.202402614,failed,,HTTPError('403 Client Error: Forbidden for url: https://onlinelibrary.wiley.com/doi/pdfdirect/10.1002/adem.202402614')
340,The Nucleation Mechanism of Tetrakis(dimethylamido)hafnium on CoO Nanoislands,Journal of Physical Chemistry C,2025-05-01,10.1021/acs.jpcc.5c01171,closed in Unpaywall,404 not found,False,closed,,,,
342,Plasma enhanced atomic layer deposition of silicon nitride and silicon carbonitride using a single source precursor and different plasmas,Journal of Vacuum Science and Technology A Vacuum Surfaces and Films,2025-05-01,10.1116/6.0004510,closed in Unpaywall,404 not found,False,closed,,,,
343,Recent trends in thermal atomic layer deposition chemistry,Journal of Vacuum Science and Technology A Vacuum Surfaces and Films,2025-05-01,10.1116/6.0004320,closed in Unpaywall,404 not found,False,closed,,,,
347,Atomic layer deposition of AlxTi1−xN via co-evaporation of metal precursors,Journal of Vacuum Science and Technology A Vacuum Surfaces and Films,2025-05-01,10.1116/6.0004420,OA PDF download failed,404 not found,True,hybrid,https://pubs.aip.org/avs/jva/article-pdf/doi/10.1116/6.0004420/20459040/032405_1_6.0004420.pdf,failed,,HTTPError('403 Client Error: Forbidden for url: https://pubs.aip.org/avs/jva/article-pdf/doi/10.1116/6.0004420/20459040/032405_1_6.0004420.pdf')
348,Lithiophilic Interlayer with Electrolyte-Reservoir and Dendrite-Buffer for High-Performance Lithium Metal Batteries,Nanomaterials,2025-05-01,10.3390/nano15100710,OA PDF download failed,404 not found,True,gold,https://www.mdpi.com/2079-4991/15/10/710/pdf?version=1746764627,failed,,HTTPError('403 Client Error: Forbidden for url: https://www.mdpi.com/2079-4991/15/10/710/pdf?version=1746764627')
353,Power generation enhanced dye-sensitized solar cells by sodium adsorption with aluminum silicate coated TiO2 photoelectrodes,Journal of Vacuum Science and Technology A Vacuum Surfaces and Films,2025-05-01,10.1116/6.0004246,closed in Unpaywall,404 not found,False,closed,,,,
355,Highly diffraction-efficient prism gratings for the satellite-borne methane imaging spectrometer(cover paper·invited),Infrared and Laser Engineering,2025-05-01,10.3788/IRLA20250081,closed in Unpaywall,404 not found,False,closed,,,,
359,Enhanced plasma resistance of uniform ALD-Y2O3 thin films for chamber components’ coatings,Journal of Vacuum Science and Technology A Vacuum Surfaces and Films,2025-05-01,10.1116/6.0004256,closed in Unpaywall,404 not found,False,closed,,,,
362,"Synergistic effect of multivalent Ti, Zr, and oxygen vacancies to significantly enhance the hydrogen sorption properties of MgH2",Journal of Materials Chemistry A,2025-04-30,10.1039/d5ta01302j,closed in Unpaywall,404 not found,False,closed,,,,
363,Nanoscale Mixed Ion-Electron-Conducting NASICON-Type Thin Films: Lithium Titanium Phosphate via Atomic Layer Deposition,ACS Applied Materials and Interfaces,2025-04-30,10.1021/acsami.5c02201,closed in Unpaywall,404 not found,False,closed,,,,
364,Eliminating Nucleation Delay for Atomic Layer-Deposited Low-Defect Dense Multi-Component Thin Films through Preoccupation of Interstitial Sites,ACS Applied Materials and Interfaces,2025-04-30,10.1021/acsami.4c22420,closed in Unpaywall,404 not found,False,closed,,,,
365,Atomic Layer Restructuring of Gold Surfaces by N-Heterocyclic Carbenes over Large Surface Areas,ACS Nano,2025-04-29,10.1021/acsnano.4c17517,closed in Unpaywall,404 not found,False,closed,,,,
366,Pinning the Surface Layered Oxide Structure in High Temperature Calcination Using Conformal Atomic Layer Deposition Coating for Fast Charging Cathode,Advanced Functional Materials,2025-04-25,10.1002/adfm.202423888,OA PDF download failed,404 not found,True,bronze,https://onlinelibrary.wiley.com/doi/pdfdirect/10.1002/adfm.202423888,failed,,HTTPError('403 Client Error: Forbidden for url: https://onlinelibrary.wiley.com/doi/pdfdirect/10.1002/adfm.202423888')
367,Thermal Atomic Layer Etching of Zinc Oxide from 30-300 °C Using Sequential Exposures of Hydrogen Fluoride and Trimethylgallium,Chemistry of Materials,2025-04-22,10.1021/acs.chemmater.5c00028,closed in Unpaywall,404 not found,False,closed,,,,
368,Atomic Layer Deposition on Spray-Dried Supraparticles to Rationally Design Catalysts with Ultralow Noble Metal Loadings,Chemistry of Materials,2025-04-22,10.1021/acs.chemmater.4c03429,closed in Unpaywall,404 not found,False,closed,,,,
369,Deposition Techniques for Thin Film Development in Microelectronic Devices,Aip Conference Proceedings,2025-04-21,10.1063/5.0263418,closed in Unpaywall,404 not found,False,closed,,,,
370,"Amorphous Doped Indium Tin Oxide Thin-Films by Atomic Layer Deposition.Insights into Their Structural, Electronic and Device Reliability",Advanced Materials Interfaces,2025-04-21,10.1002/admi.202400758,OA PDF download failed,404 not found,True,gold,https://onlinelibrary.wiley.com/doi/pdfdirect/10.1002/admi.202400758,failed,,HTTPError('403 Client Error: Forbidden for url: https://onlinelibrary.wiley.com/doi/pdfdirect/10.1002/admi.202400758')
372,Phase-Composite InOx Semiconductors for High-Performance Flexible Thin-Film Transistors,ACS Applied Materials and Interfaces,2025-04-16,10.1021/acsami.5c00350,closed in Unpaywall,404 not found,False,closed,,,,
373,Atomic Layer Deposition of TixFe2-xO3 Photoanodes and Photocurrent Response Optimization Using the Response Surface Methodology,ACS Omega,2025-04-15,10.1021/acsomega.5c01360,OA PDF download failed,404 not found,True,gold,https://doi.org/10.1021/acsomega.5c01360,failed,,HTTPError('403 Client Error: Forbidden for url: https://pubs.acs.org/doi/10.1021/acsomega.5c01360')
375,Low Temperature Atomic Layer Deposition of (00l)-Oriented Elemental Bismuth,Angewandte Chemie International Edition,2025-04-07,10.1002/anie.202422578,OA PDF download failed,404 not found,True,hybrid,https://doi.org/10.1002/anie.202422578,failed,,HTTPError('403 Client Error: Forbidden for url: https://onlinelibrary.wiley.com/doi/10.1002/anie.202422578')
377,Freestanding 2D Glasses by Atomic Layer Deposition,ACS Applied Materials and Interfaces,2025-04-02,10.1021/acsami.4c18918,closed in Unpaywall,404 not found,False,closed,,,,
378,Structural Evolution of Nanoscale Ferroelectric Hf0.5Zr0.5O2 Layers as a Result of Their Cyclic Electrical Stimulation,Journal of Surface Investigation,2025-04-01,10.1134/S1027451025700582,closed in Unpaywall,404 not found,False,closed,,,,
383,Modeling conformality of Al2O3 deposited in high aspect ratio structure by atomic layer deposition,Japanese Journal of Applied Physics Part 1 Regular Papers and Short Notes and Review Papers,2025-04-01,10.35848/1347-4065/adc862,closed in Unpaywall,404 not found,False,closed,,,,
384,Atomic Layer Deposition of Graphene-Based Nanohybrid Interlayer for Potential Improvement in Lithium-Sulfur Batteries,Energy Storage,2025-04-01,10.1002/est2.70160,OA PDF download failed,404 not found,True,bronze,https://onlinelibrary.wiley.com/doi/pdfdirect/10.1002/est2.70160,failed,,HTTPError('403 Client Error: Forbidden for url: https://onlinelibrary.wiley.com/doi/pdfdirect/10.1002/est2.70160')
386,Atomic layer deposited Ta2O5: From process optimization to thin film characterization,Aip Advances,2025-04-01,10.1063/6.0004254,OA PDF download failed,404 not found,True,gold,https://doi.org/10.1063/6.0004254,failed,,HTTPError('403 Client Error: Forbidden for url: https://pubs.aip.org/adv/article/15/4/045008/3342416/Atomic-layer-deposited-Ta2O5-From-process')
387,Reduction of Interface State Density in 4H-SiC MOS Capacitors Modified by ALD-Deposited Interlayers,Nanomaterials,2025-04-01,10.3390/nano15070555,OA PDF download failed,404 not found,True,gold,https://www.mdpi.com/2079-4991/15/7/555/pdf?version=1743841572,failed,,HTTPError('403 Client Error: Forbidden for url: https://www.mdpi.com/2079-4991/15/7/555/pdf?version=1743841572')
388,Atomic Layer Deposition of Nickel Oxides as Electrocatalyst for Oxygen Evolution Reaction,Nanomaterials,2025-04-01,10.3390/nano15070474,OA PDF download failed,404 not found,True,gold,https://www.mdpi.com/2079-4991/15/7/474/pdf?version=1742541705,failed,,HTTPError('403 Client Error: Forbidden for url: https://www.mdpi.com/2079-4991/15/7/474/pdf?version=1742541705')
389,HfO2/Al2O3 X-ray Multilayer Prepared of by Atomic Layer Deposition,Kuei Suan Jen Hsueh Pao Journal of the Chinese Ceramic Society,2025-04-01,10.14062/j.issn.0454-5648.20240661,DOI not found in Unpaywall,404 not found,,doi_not_found,,,,
392,Inspection of next-generation EUV resists with nano-projectile secondary ion mass spectrometry,Journal of Micro Nanopatterning Materials and Metrology,2025-04-01,10.1117/1.JMM.24.2.024003,closed in Unpaywall,404 not found,False,closed,,,,
393,Enhancing Thermal Conductivity of SiC Matrix Pellets for Accident-Tolerant Fuel via Atomic Layer Deposition of Al2O3 Coating,Energies,2025-04-01,10.3390/en18082130,OA PDF download failed,404 not found,True,gold,https://www.mdpi.com/1996-1073/18/8/2130/pdf?version=1745226463,failed,,HTTPError('403 Client Error: Forbidden for url: https://www.mdpi.com/1996-1073/18/8/2130/pdf?version=1745226463')
395,Crystalline 1D Coordination Polymer Inhibitor Layer Leads to Vertical Sidewalls in Selectively Deposited ZnO on Nanoscale Patterns,ACS Nano,2025-04-01,10.1021/acsnano.4c16115,closed in Unpaywall,404 not found,False,closed,,,,
396,Comparative analysis of Y2O3 and Al2O3 interfacial layers in modulating the electrical properties of ZrO2 and HfO2 on Ge,Semiconductor Science and Technology,2025-03-31,10.1088/1361-6641/adb209,closed in Unpaywall,404 not found,False,closed,,,,
399,Layer-by-layer NH3 plasma treatment for area-selective atomic layer deposition of high-quality SiO2 thin films,Journal of Chemical Physics,2025-03-28,10.1063/5.0257779,closed in Unpaywall,404 not found,False,closed,,,,
400,In Situ Analysis of Electron-Induced Chemical Transformations in Vapor-Phase-Synthesized Al-Based Inorganic-Organic Hybrid Thin Films for EUV Resist Platform,ACS Applied Materials and Interfaces,2025-03-26,10.1021/acsami.4c19426,OA PDF download failed,404 not found,True,gold,www.osti.gov/servlets/purl/2549233,failed,,"MissingSchema(""Invalid URL 'www.osti.gov/servlets/purl/2549233': No scheme supplied. Perhaps you meant https://www.osti.gov/servlets/purl/2549233?"")"
401,Stability of LiF Deposited by ALD on High-Voltage Spinel/Polyimide Composite Electrodes,ACS Applied Energy Materials,2025-03-24,10.1021/acsaem.4c02930,closed in Unpaywall,404 not found,False,closed,,,,
402,N2/H2 Plasma-Enhanced Atomic Layer Deposition for SiO2 Gap Filling: Implications for Nanoelectronics in Semiconductor Manufacturing,ACS Applied Nano Materials,2025-03-21,10.1021/acsanm.4c06844,OA PDF download failed,404 not found,True,hybrid,https://pubs.acs.org/doi/pdf/10.1021/acsanm.4c06844?ref=article_openPDF,failed,,HTTPError('403 Client Error: Forbidden for url: https://pubs.acs.org/doi/pdf/10.1021/acsanm.4c06844?ref=article_openPDF')
404,High-performance microchannel plates based on atomic layer deposition for the preparation of functional layers,Journal of Physics D Applied Physics,2025-03-17,10.1088/1361-6463/ada80a,closed in Unpaywall,404 not found,False,closed,,,,
407,Breaking the Cycle of Heterogeneous Degradation: Surface-Targeted Protection for Ni-Rich Cathodes in Practical High-Energy Batteries,ACS Energy Letters,2025-03-14,10.1021/acsenergylett.4c03556,closed in Unpaywall,404 not found,False,closed,,,,
409,Ultrafast Switching Speed Demonstrated in Wafer-Scale Integration of Crystalline Undoped HfO2-Based Ferroelectrics,Nano Letters,2025-03-12,10.1021/acs.nanolett.4c05765,closed in Unpaywall,404 not found,False,closed,,,,
410,Selective Surface Passivation for Ultrathin and Continuous Metallic Films via Atomic Layer Deposition,Nano Letters,2025-03-12,10.1021/acs.nanolett.5c00590,closed in Unpaywall,404 not found,False,closed,,,,
411,High-Quality HfO2 High-K Gate Dielectrics Deposited on Highly Oriented Pyrolytic Graphite via Enhanced Precursor Atomic Layer Seeding,ACS Applied Electronic Materials,2025-03-11,10.1021/acsaelm.4c02224,OA PDF download failed,404 not found,True,hybrid,https://pubs.acs.org/doi/pdf/10.1021/acsaelm.4c02224?ref=article_openPDF,failed,,HTTPError('403 Client Error: Forbidden for url: https://pubs.acs.org/doi/pdf/10.1021/acsaelm.4c02224?ref=article_openPDF')
412,Molecular Design in Area-Selective Atomic Layer Deposition: Understanding Inhibitors and Precursors,Chemistry of Materials,2025-03-11,10.1021/acs.chemmater.4c02902,closed in Unpaywall,404 not found,False,closed,,,,
413,Using a Heavy Inert Diffusion Additive for Superconformal Atomic Layer Deposition,Journal of Physical Chemistry Letters,2025-03-06,10.1021/acs.jpclett.4c03545,OA PDF download failed,404 not found,True,hybrid,https://pubs.acs.org/doi/pdf/10.1021/acs.jpclett.4c03545?ref=article_openPDF,failed,,HTTPError('403 Client Error: Forbidden for url: https://pubs.acs.org/doi/pdf/10.1021/acs.jpclett.4c03545?ref=article_openPDF')
414,Optimizing Annealing Strategy to Achieve Effective Grain Boundary Modification with Aluminum Oxide for Stable Cycling Ni-Rich Cathodes,ACS Applied Materials and Interfaces,2025-03-05,10.1021/acsami.4c21263,closed in Unpaywall,404 not found,False,closed,,,,
416,Editorial for focus on emerging processes and applications of atomic and molecular layer deposition,Nanotechnology,2025-03-03,10.1088/1361-6528/ad9d4b,closed in Unpaywall,404 not found,False,closed,,,,
417,Sequential Infiltration Synthesis of Cadmium Sulfide Discrete Atom Clusters,Angewandte Chemie International Edition,2025-03-03,10.1002/anie.202421259,OA PDF download failed,404 not found,True,hybrid,https://onlinelibrary.wiley.com/doi/pdfdirect/10.1002/anie.202421259,failed,,HTTPError('403 Client Error: Forbidden for url: https://onlinelibrary.wiley.com/doi/pdfdirect/10.1002/anie.202421259')
422,Ultrahigh purity plasma-enhanced atomic layer deposition and electrical properties of epitaxial scandium nitride,Journal of Vacuum Science and Technology A Vacuum Surfaces and Films,2025-03-01,10.1116/6.0004180,closed in Unpaywall,404 not found,False,closed,,,,
423,Highly C-axis Aligned ALD-InGaO Channel Improving Mobility and Thermal Stability for Next-Generation 3D Memory Devices,Advanced Electronic Materials,2025-03-01,10.1002/aelm.202400377,OA PDF download failed,404 not found,True,gold,https://onlinelibrary.wiley.com/doi/pdfdirect/10.1002/aelm.202400377,failed,,HTTPError('403 Client Error: Forbidden for url: https://onlinelibrary.wiley.com/doi/pdfdirect/10.1002/aelm.202400377')
426,Nonpyrophoric alternative to trimethylaluminum for the atomic layer deposition of Al2O3,Journal of Vacuum Science and Technology A Vacuum Surfaces and Films,2025-03-01,10.1116/6.0004171,closed in Unpaywall,404 not found,False,closed,,,,
427,Spatial atomic layer deposition: Transport-reaction modeling and experimental validation of film geometry,Journal of Vacuum Science and Technology A Vacuum Surfaces and Films,2025-03-01,10.1116/6.0004367,closed in Unpaywall,404 not found,False,closed,,,,
428,Enhancing the nucleation in atomic layer deposition: A study on vanadium sulfide and oxide layers,Journal of Vacuum Science and Technology A Vacuum Surfaces and Films,2025-03-01,10.1116/6.0004247,closed in Unpaywall,404 not found,False,closed,,,,
432,Low-temperature ALD of metallic cobalt using the CoCOhept precursor: Simulation-assisted process development for deposition on temperature sensitive 3D-structures,Journal of Vacuum Science and Technology A Vacuum Surfaces and Films,2025-03-01,10.1116/6.0004248,OA PDF download failed,404 not found,True,hybrid,https://pubs.aip.org/avs/jva/article-pdf/doi/10.1116/6.0004248/20415564/022412_1_6.0004248.pdf,failed,,HTTPError('403 Client Error: Forbidden for url: https://pubs.aip.org/avs/jva/article-pdf/doi/10.1116/6.0004248/20415564/022412_1_6.0004248.pdf')
434,Atomic layer deposition of crystalline molybdenum trioxide and suboxide thin films using molybdenum(II) acetate dimer precursor,Journal of Vacuum Science and Technology A Vacuum Surfaces and Films,2025-03-01,10.1116/6.0004240,closed in Unpaywall,404 not found,False,closed,,,,
435,Atomic layer deposition of nanofilms on porous polymer substrates: Strategies for success,Journal of Vacuum Science and Technology A Vacuum Surfaces and Films,2025-03-01,10.1116/6.0004187,OA PDF download failed,404 not found,True,hybrid,https://doi.org/10.1116/6.0004187,failed,,HTTPError('403 Client Error: Forbidden for url: https://pubs.aip.org/jva/article/43/2/022402/3331985/Atomic-layer-deposition-of-nanofilms-on-porous')
438,Effects of ozone on physical and electrical properties of In-Ga-Zn-O film by thermal atomic layer deposition,Journal of Vacuum Science and Technology A Vacuum Surfaces and Films,2025-03-01,10.1116/6.0004355,closed in Unpaywall,404 not found,False,closed,,,,
439,Study on Vacuum Breakdown Properties of Surface-Modified 304 Stainless Steel Electrodes Based on Fractal Theory,Nanomaterials,2025-03-01,10.3390/nano15050340,OA PDF download failed,404 not found,True,gold,https://www.mdpi.com/2079-4991/15/5/340/pdf?version=1740218641,failed,,HTTPError('403 Client Error: Forbidden for url: https://www.mdpi.com/2079-4991/15/5/340/pdf?version=1740218641')
440,Novel precursor for the preparation of vanadium sulfide layers with atomic layer deposition,Journal of Vacuum Science and Technology A Vacuum Surfaces and Films,2025-03-01,10.1116/6.0004127,closed in Unpaywall,404 not found,False,closed,,,,
443,Nucleation studies of high-κ aluminum oxide and hafnium oxide thin films on silicon carbide by plasma-enhanced atomic layer deposition,Journal of Vacuum Science and Technology A Vacuum Surfaces and Films,2025-03-01,10.1116/6.0004252,OA PDF download failed,404 not found,True,hybrid,https://doi.org/10.1116/6.0004252,failed,,HTTPError('403 Client Error: Forbidden for url: https://pubs.aip.org/jva/article/43/2/022410/3336623/Nucleation-studies-of-high-aluminum-oxide-and')
444,Atomic-layer-deposition application for antibacterial coating of biomedical materials: surgical sutures,Biomedical Materials Bristol,2025-03-01,10.1088/1748-605X/ada841,OA PDF download failed,404 not found,True,hybrid,https://iopscience.iop.org/article/10.1088/1748-605X/ada841/pdf,failed,,no PDF link found on OA page
445,Enzymatic degradation of cellulosic fabrics modified with atomic layer deposited aluminum oxide thin films,Journal of Vacuum Science and Technology B,2025-03-01,10.1116/6.0004299,OA PDF download failed,404 not found,True,bronze,https://pubs.aip.org/avs/jvb/article-pdf/doi/10.1116/6.0004299/20430252/022806_1_6.0004299.pdf,failed,,HTTPError('403 Client Error: Forbidden for url: https://pubs.aip.org/avs/jvb/article-pdf/doi/10.1116/6.0004299/20430252/022806_1_6.0004299.pdf')
446,Preparation of Coated-monocapillary by Atomic Layer Deposition Method Based on Fluent Simulation,Guangzi Xuebao Acta Photonica Sinica,2025-03-01,10.3788/gzxb20255403.0331001,closed in Unpaywall,404 not found,False,closed,,,,
448,Role of a cyclopentadienyl ligand in Hf precursors using H2O or O3 as oxidant in atomic layer deposition,Journal of Vacuum Science and Technology A Vacuum Surfaces and Films,2025-03-01,10.1116/6.0004358,closed in Unpaywall,404 not found,False,closed,,,,
450,Di-tert-butyl Disulfide as a Replacement for Hydrogen Sulfide in the Atomic Layer Deposition of Two-Dimensional Molybdenum Disulfide,Chemistry of Materials,2025-02-25,10.1021/acs.chemmater.4c02561,closed in Unpaywall,404 not found,False,closed,,,,
451,Inhibitor-Free Area-Selective Deposition of Titanium Nitride,Chemistry of Materials,2025-02-25,10.1021/acs.chemmater.4c03092,closed in Unpaywall,404 not found,False,closed,,,,
452,Large positive VFB shift achieved by a band alignment modulated with insertion of Ga2O3 dipole layer,Applied Physics Letters,2025-02-24,10.1063/5.0252518,closed in Unpaywall,404 not found,False,closed,,,,
453,Research Status and Challenges of Space Atomic Oxygen Resistant Coatings,Zhongguo Biaomian Gongcheng China Surface Engineering,2025-02-23,10.11933/j.issn.1007-9289.20230916001,DOI not found in Unpaywall,404 not found,,doi_not_found,,,,
454,Unveiling surface reactivity: the crucial role of auxiliary ligands in gallium amidinate-based precursors for atomic layer deposition,Dalton Transactions,2025-02-21,10.1039/d4dt03498h,OA PDF download failed,404 not found,True,green,https://lirias.kuleuven.be/handle/20.500.12942/761742,failed,,no PDF link found on OA page
455,Self-Assembled Monolayers of Triazolylidenes on Gold and Mixed Gold/Dielectric Substrates,Journal of the American Chemical Society,2025-02-19,10.1021/jacs.4c11125,closed in Unpaywall,404 not found,False,closed,,,,
456,Vanadium-Doped Hafnium Oxide: A High-Endurance Ferroelectric Thin Film with Demonstrated Negative Capacitance,Nano Letters,2025-02-19,10.1021/acs.nanolett.4c05671,OA PDF download failed,404 not found,True,hybrid,https://doi.org/10.1021/acs.nanolett.4c05671,failed,,HTTPError('403 Client Error: Forbidden for url: https://pubs.acs.org/doi/10.1021/acs.nanolett.4c05671')
457,Atomic Layer Deposition of Hafnium-Zirconium-Oxide Films Using a Liquid Cocktail Precursor Containing Hf(dmap)4 and Zr(dmap)4 for Ferroelectric Devices,ACS Applied Materials and Interfaces,2025-02-19,10.1021/acsami.4c21964,closed in Unpaywall,404 not found,False,closed,,,,
458,Ultra-Flexible High-Linearity Silicon Nanomembrane Synaptic Transistor Array,Advanced Materials,2025-02-19,10.1002/adma.202413404,OA PDF download failed,404 not found,True,bronze,https://onlinelibrary.wiley.com/doi/pdfdirect/10.1002/adma.202413404,failed,,HTTPError('403 Client Error: Forbidden for url: https://onlinelibrary.wiley.com/doi/pdfdirect/10.1002/adma.202413404')
459,Growth of Bismuth Oxide by Atomic Layer Deposition: An Attempt to Achieve a Stoichiometric Composition and a High Growth Rate,Crystal Growth and Design,2025-02-19,10.1021/acs.cgd.4c01213,closed in Unpaywall,404 not found,False,closed,,,,
460,Atomic Layer Processing (ALP): Ubi es et Quo Vadis?,Advanced Materials Interfaces,2025-02-17,10.1002/admi.202400408,OA PDF download failed,404 not found,True,gold,https://onlinelibrary.wiley.com/doi/pdfdirect/10.1002/admi.202400408,failed,,HTTPError('403 Client Error: Forbidden for url: https://onlinelibrary.wiley.com/doi/pdfdirect/10.1002/admi.202400408')
461,Layer-Engineered Functional Multilayer Thin-Film Structures and Interfaces through Atomic and Molecular Layer Deposition,Advanced Materials Interfaces,2025-02-17,10.1002/admi.202400262,OA PDF download failed,404 not found,True,gold,https://doi.org/10.1002/admi.202400262,failed,,HTTPError('403 Client Error: Forbidden for url: https://advanced.onlinelibrary.wiley.com/doi/10.1002/admi.202400262')
464,Atmospheric Pressure Spatial Atomic Layer Deposition of Silicon Oxide Using DIPAS and Ozone,Journal of Physical Chemistry C,2025-02-13,10.1021/acs.jpcc.4c08359,closed in Unpaywall,404 not found,False,closed,,,,
465,Real-Time Time-Dependent Density Functional Theory Study of Inelastic Electron Scattering: Energy Transfer in Tetracarbonyl Nickel Molecule Reactions,Journal of Physical Chemistry Letters,2025-02-13,10.1021/acs.jpclett.4c03430,closed in Unpaywall,404 not found,False,closed,,,,
466,Accurately Computed Dimerization Trends of ALD Precursors and Their Impact on Surface Reactivity in Area-Selective Atomic Layer Deposition,Chemistry of Materials,2025-02-11,10.1021/acs.chemmater.4c02557,OA PDF download failed,404 not found,True,hybrid,https://doi.org/10.1021/acs.chemmater.4c02557,failed,,HTTPError('403 Client Error: Forbidden for url: https://pubs.acs.org/doi/10.1021/acs.chemmater.4c02557')
467,Spontaneous Reactions by Atomic Hydrogen - An Extraordinary Reactant for Atomic Layer Deposition of Platinum,Chemistry of Materials,2025-02-11,10.1021/acs.chemmater.4c02524,closed in Unpaywall,404 not found,False,closed,,,,
470,Liquid K/Na Alloy on Metal Oxide-Coated Cu: A Promising Anode for Organic Potassium Batteries,Journal of Physical Chemistry C,2025-02-06,10.1021/acs.jpcc.4c05912,closed in Unpaywall,404 not found,False,closed,,,,
471,Structural Characterization of the Platinum Nanoparticle Hydrogen-Evolving Catalyst Assembled on Photosystem I by Light-Driven Chemistry,ACS Nano,2025-02-04,10.1021/acsnano.4c08563,closed in Unpaywall,404 not found,False,closed,,,,
472,Competitive Adsorption of Small Molecule Inhibitors and Trimethylaluminum Precursors on the Cu(111) Surface during Area-Selective Atomic Layer Deposition: A GCMC Study,Langmuir,2025-02-04,10.1021/acs.langmuir.4c04323,closed in Unpaywall,404 not found,False,closed,,,,
473,Reductive Thermal ALD of Pd and Pd2Ge From a Novel Recyclable Palladium Chloride Adduct,Advanced Materials Interfaces,2025-02-03,10.1002/admi.202400579,OA PDF download failed,404 not found,True,gold,https://onlinelibrary.wiley.com/doi/pdfdirect/10.1002/admi.202400579,failed,,HTTPError('403 Client Error: Forbidden for url: https://onlinelibrary.wiley.com/doi/pdfdirect/10.1002/admi.202400579')
475,Facile synthesis of vanadium oxide thin films by atomic layer deposition and post-annealing,Applied Physics Letters,2025-02-03,10.1063/5.0245902,closed in Unpaywall,404 not found,False,closed,,,,
476,Thermodynamics of MgO Atomic Layer Deposition Surface Reactions,ACS Materials Letters,2025-02-03,10.1021/acsmaterialslett.4c02078,closed in Unpaywall,404 not found,False,closed,,,,
477,Simulation and Experimental Study on Precursor Distribution in Tungsten Thin Film Atomic Layer Deposition Chamber,Bandaoti Guangdian Semiconductor Optoelectronics,2025-02-01,10.16818/j.issn1001-5868.20241217002,DOI not found in Unpaywall,404 not found,,doi_not_found,,,,
481,UV degradation analysis of TOPCon cells,Aip Advances,2025-02-01,10.1063/5.0247683,OA PDF download failed,404 not found,True,gold,https://doi.org/10.1063/5.0247683,failed,,HTTPError('403 Client Error: Forbidden for url: https://pubs.aip.org/adv/article/15/2/025010/3333671/UV-degradation-analysis-of-TOPCon-cells')
486,Improved diamond particle reactivity by alumina coating,Surface Engineering,2025-02-01,10.1177/02670844241302995,closed in Unpaywall,404 not found,False,closed,,,,
487,Fatigue Resistance Improvement in Cold-Drawn NiTi Wires Treated with ALD: A Preliminary Investigation,Applied Sciences Switzerland,2025-02-01,10.3390/app15041823,OA PDF download failed,404 not found,True,gold,https://www.mdpi.com/2076-3417/15/4/1823/pdf?version=1739257996,failed,,HTTPError('403 Client Error: Forbidden for url: https://www.mdpi.com/2076-3417/15/4/1823/pdf?version=1739257996')
490,Development and Testing of the Atomic Layer Deposition Technological Platform for the Synthesis of Micro- and Nanoelectronics Materials,Russian Microelectronics,2025-02-01,10.1134/S1063739724600900,closed in Unpaywall,404 not found,False,closed,,,,
496,Atomic-Level Stoichiometry Control of Ferroelectric HfxZryOz Thin Films by Understanding Molecular-Level Chemical Physical Reactions,ACS Nano,2025-01-28,10.1021/acsnano.4c13595,closed in Unpaywall,404 not found,False,closed,,,,
497,Inhibitor-Assisted Atomic Layer Deposition for Uniformly Doped Ultrathin Films: Overcoming Compositional and Thickness Limitations,Chemistry of Materials,2025-01-28,10.1021/acs.chemmater.4c03298,closed in Unpaywall,404 not found,False,closed,,,,
499,Post-Treatment of Monolayer MoS2 Field-Effect Transistors with H2O Vapor: Alleviation of Remote Channel Doping,ACS Applied Materials and Interfaces,2025-01-22,10.1021/acsami.4c17249,closed in Unpaywall,404 not found,False,closed,,,,
500,Polyvinylidene Fluoride (PVDF)-Trimethylaluminum (TMA) Chemistry: First-Principles Investigation and Experimental Insights,ACS Applied Materials and Interfaces,2025-01-22,10.1021/acsami.4c14135,closed in Unpaywall,404 not found,False,closed,,,,
501,TiO2/CoOx heterostructure decorated MIL-100(Fe) by atomic layer deposition for enhanced photocatalytic oxygen production,Dalton Transactions,2025-01-21,10.1039/d4dt02829e,closed in Unpaywall,404 not found,False,closed,,,,
502,Symmetric Dopant-Free Si Solar Cells Enabled by TiOx Nanolayers: An In-Depth Study on Bipolar Carrier Selectivity,Advanced Science,2025-01-20,10.1002/advs.202410179,OA PDF download failed,404 not found,True,gold,https://onlinelibrary.wiley.com/doi/pdfdirect/10.1002/advs.202410179,failed,,HTTPError('403 Client Error: Forbidden for url: https://onlinelibrary.wiley.com/doi/pdfdirect/10.1002/advs.202410179')
505,Gradient Surface Gallium-Doped Hematite Photoelectrode for Enhanced Photoelectrochemical Water Oxidation,Nano Letters,2025-01-15,10.1021/acs.nanolett.4c04909,closed in Unpaywall,404 not found,False,closed,,,,
506,Subnano Al2O3 Coatings for Kinetics and Stability Optimization of LiNi0.83Co0.12Mn0.05O2 via O3-Based Atomic Layer Deposition,ACS Applied Materials and Interfaces,2025-01-15,10.1021/acsami.4c15078,closed in Unpaywall,404 not found,False,closed,,,,
508,Role of Molecular Orientation: Comparison of Nitrogenous Aromatic Small Molecule Inhibitors for Area-Selective Atomic Layer Deposition,Chemistry of Materials,2025-01-14,10.1021/acs.chemmater.4c02231,closed in Unpaywall,404 not found,False,closed,,,,
512,"In Situ Studies of Atomic Layer Deposition of Hafnium Oxide on (Ag,Cu)(In,Ga)Se2 for Thin Film Solar Cells",ACS Applied Energy Materials,2025-01-13,10.1021/acsaem.4c02599,OA PDF download failed,404 not found,True,hybrid,https://doi.org/10.1021/acsaem.4c02599,failed,,HTTPError('403 Client Error: Forbidden for url: https://pubs.acs.org/doi/10.1021/acsaem.4c02599')
513,A multilevel resistive switching memristor based on flexible organic-inorganic hybrid film with recognition function,Journal of Physics D Applied Physics,2025-01-13,10.1088/1361-6463/ad835e,closed in Unpaywall,404 not found,False,closed,,,,
515,Direct Measurement of Carrier Distribution in Perovskite by Scanning Capacitance Microscopy,Journal of Physical Chemistry C,2025-01-09,10.1021/acs.jpcc.4c06178,closed in Unpaywall,404 not found,False,closed,,,,
516,Atomic Layer Deposition of Platinum on the Oxygen-Pretreated Graphene Surface,Journal of Physical Chemistry C,2025-01-09,10.1021/acs.jpcc.4c06422,closed in Unpaywall,404 not found,False,closed,,,,
517,Impact of Tetrakis(dimethylamido)tin(IV) Degradation on Atomic Layer Deposition of Tin Oxide Films and Perovskite Solar Cells,Small,2025-01-08,10.1002/smll.202404966,OA PDF download failed,404 not found,True,hybrid,https://onlinelibrary.wiley.com/doi/pdfdirect/10.1002/smll.202404966,failed,,HTTPError('403 Client Error: Forbidden for url: https://onlinelibrary.wiley.com/doi/pdfdirect/10.1002/smll.202404966')
518,Atmospheric pressure spatial atomic layer deposition of p-type CuO thin films from copper(ii) acetylacetonate and ozone for UV detection,Dalton Transactions,2025-01-08,10.1039/d4dt02689f,closed in Unpaywall,404 not found,False,closed,,,,
523,Optical Properties of Hf-Ti-O Films Obtained by Atomic Layer Deposition,International Conference of Young Specialists on Micro Nanotechnologies and Electron Devices Edm,2025-01-01,10.1109/EDM65517.2025.11096808,closed in Unpaywall,404 not found,False,closed,,,,
524,Impact of Pulse Width on Analog Switching Response of ALD-grown HfO2/Ta2O5-based Memristive Device,7th IEEE International Conference on Emerging Electronics Icee 2025,2025-01-01,10.1109/ICEE67165.2025.11409893,closed in Unpaywall,404 not found,False,closed,,,,
526,"Atomic Layer Deposition of Y2O3 Thin Films Using Y(MeCp)2(iPr-nPrAMD) Precursor and H2O, and Their Erosion Resistance in CF4-Based Plasma",Coatings,2025-01-01,10.3390/coatings15010022,OA PDF download failed,404 not found,True,gold,https://www.mdpi.com/2079-6412/15/1/22/pdf?version=1735537864,failed,,HTTPError('403 Client Error: Forbidden for url: https://www.mdpi.com/2079-6412/15/1/22/pdf?version=1735537864')
527,Investigation of silicon oxide thin film utilizing plasma enhanced atomic layer deposition in ICP etcher,2025 Conference of Science and Technology of Integrated Circuits Cstic 2025,2025-01-01,10.1109/CSTIC64481.2025.11017791,closed in Unpaywall,404 not found,False,closed,,,,
528,Linear VFB Modulation and Interface Improvement in La2O3 Dipole-First Gate Stack via TMA Pre-Treatment Without EOT Deterioration,IEEE Electron Device Letters,2025-01-01,10.1109/LED.2025.3619547,closed in Unpaywall,404 not found,False,closed,,,,
529,A Chemical Route to Monolithic Integration of Crystalline Oxides on Semiconductors,Handbook of Molecular Beam Epitaxy of Oxide Materials in 3 Volumes,2025-01-01,10.1142/9789819807000_0020,closed in Unpaywall,404 not found,False,closed,,,,
530,Application of ALD technique to fabricate protective thin films used in optical filters,Przemysl Chemiczny,2025-01-01,10.15199/62.2025.2.4,closed in Unpaywall,404 not found,False,closed,,,,
531,Deposition of Ru using a metal organic Ru precursor and H2 molecules as a non-oxidative reactant for emerging Ru interconnects,2025 IEEE International Interconnect Technology Conference Iitc 2025,2025-01-01,10.1109/IITC66087.2025.11075432,closed in Unpaywall,404 not found,False,closed,,,,
532,Enabling Next-Generation Metal-Oxide Backplane Technology by Atomic Layer Deposition,Digest of Technical Papers SID International Symposium,2025-01-01,10.1002/sdtp.18072,closed in Unpaywall,404 not found,False,closed,,,,
533,Cyclone-type vaporizer for mass delivery of atomic layer deposition precursors: Simulation and experimental studies,Journal of Vacuum Science and Technology A Vacuum Surfaces and Films,2025-01-01,10.1116/6.0004013,closed in Unpaywall,404 not found,False,closed,,,,
534,Improvement of leakage and fatigue properties of Hf0.5Zr0.5O2 thin film by embedding ultra-thin Al2O3 interlayer,Journal of Materials Science,2025-01-01,10.1007/s10853-024-10527-5,closed in Unpaywall,404 not found,False,closed,,,,
535,Electrical Analysis of Atomic Layer Deposited Thin HfO2and HfO2/Ta2O5-Based Memristive Devices,IEEE Transactions on Electron Devices,2025-01-01,10.1109/TED.2025.3539256,OA PDF download failed,404 not found,True,green,https://www.research.ed.ac.uk/en/publications/8b160857-49fb-415f-8449-aa636ae3d275,failed,,HTTPError('403 Client Error: Forbidden for url: https://www.research.ed.ac.uk/files/493708691/Manuscript_Accepted.pdf')
536,Efficient Methodology for Increasing Atomic Layer Deposition Throughput by Optimizing Deposition Rate of SiO2 Film,Digest of Technical Papers SID International Symposium,2025-01-01,10.1002/sdtp.18127,closed in Unpaywall,404 not found,False,closed,,,,
537,Stable Synapse Function of Bilayer Stretchable Memristor via Atomic Layer Deposition,IEEE Electron Device Letters,2025-01-01,10.1109/LED.2025.3608862,closed in Unpaywall,404 not found,False,closed,,,,
539,Applications and Technological Advances of Silicon-based Precursors in Advanced Integrated Circuit Manufacturing,Huagong Jinzhan Chemical Industry and Engineering Progress,2025-01-01,10.16085/j.issn.1000-6613.2024-1079,DOI not found in Unpaywall,404 not found,,doi_not_found,,,,
541,Experimental Study on Double-Layer ZnO Resistive RAM (ReRAM) by Co-Optimized Sputtering and Low-Temperature ALD Processes,2025 Silicon Nanoelectronics Workshop Snw 2025,2025-01-01,10.23919/SNW65111.2025.11097244,closed in Unpaywall,404 not found,False,closed,,,,
542,ALD-Driven Ultra-Thin ZnO Channels for Flexible Electrolytic Neuromorphic Devices,IEEE Electron Device Letters,2025-01-01,10.1109/LED.2025.3620327,closed in Unpaywall,404 not found,False,closed,,,,
544,Low Temperature HfO2 Interface Engineering in Dual-Gate and Gate-All-Around MoS2 Transistors,IEEE Journal of the Electron Devices Society,2025-01-01,10.1109/JEDS.2025.3600006,OA PDF download failed,404 not found,True,gold,https://doi.org/10.1109/jeds.2025.3600006,failed,,no PDF link found on OA page
545,Chemical and Elecrtrical Charaterization of ALD Cobalt Nitride (CoN) as an Alternative Barrier for Advanced Cu Interconnects,2025 IEEE International Interconnect Technology Conference Iitc 2025,2025-01-01,10.1109/IITC66087.2025.11075438,closed in Unpaywall,404 not found,False,closed,,,,
546,Investigation of surface trap states in GaN: Impact on the optoelectronic properties of the oxide heterointerface,International Conference on Transparent Optical Networks,2025-01-01,10.1109/ICTON67126.2025.11125397,closed in Unpaywall,404 not found,False,closed,,,,
547,Wake-Up Free Hf0.5Zr0.5O2Capacitors with MoOxSeed for Ferroelectric Memory Applications,2025 IEEE International Symposium on Applications of Ferroelectrics Isaf 2025 Proceedings,2025-01-01,10.1109/ISAF61233.2025.11235249,closed in Unpaywall,404 not found,False,closed,,,,
548,Molecular-Layer-Deposited Amino Acid Hybrid Memristor: Bilayer Design Enabling Robust Synaptic Plasticity and Image Recognition,Journal of Physical Chemistry Letters,2025-01-01,10.1021/acs.jpclett.5c02883,closed in Unpaywall,404 not found,False,closed,,,,
549,Chemical mechanism for nucleation enhancement in atomic layer deposition of Pt by surface functionalization,Journal of Vacuum Science and Technology A Vacuum Surfaces and Films,2025-01-01,10.1116/6.0004143,closed in Unpaywall,404 not found,False,closed,,,,
550,Study on trapezoidal groove transmission gratings for methane detection,Proceedings of SPIE the International Society for Optical Engineering,2025-01-01,10.1117/12.3057407,closed in Unpaywall,404 not found,False,closed,,,,
551,Interface Optimization and Temperature Reliability Estimation of ErxYyO/Si Gate Stacks by ALD-Derived AlN Passivation Layer,IEEE Transactions on Electron Devices,2025-01-01,10.1109/TED.2024.3499948,closed in Unpaywall,404 not found,False,closed,,,,
552,Enhancing Reliability in Ferroelectric ScAlN Non-Volatile Memory With AlO Layer Insertion,IEEE Electron Device Letters,2025-01-01,10.1109/LED.2025.3563098,closed in Unpaywall,404 not found,False,closed,,,,
553,WOx interlayer employed to improve the imprint effect on HfZrO2 ferroelectric capacitors,Proceedings of International Conference on ASIC,2025-01-01,10.1109/ASICON66040.2025.11326331,closed in Unpaywall,404 not found,False,closed,,,,
554,Temperature-Dependent ALD and Quasi-ALE Behavior of Ruthenium Thin Films,2025 IEEE International Interconnect Technology Conference Iitc 2025,2025-01-01,10.1109/IITC66087.2025.11075358,closed in Unpaywall,404 not found,False,closed,,,,
555,Achieving 1-nm-Scale Equivalent Oxide Thickness Top-Gate Dielectric on Monolayer Transition Metal Dichalcogenide Transistors with CMOS-Friendly Approaches,IEEE Transactions on Electron Devices,2025-01-01,10.1109/TED.2024.3466112,closed in Unpaywall,404 not found,False,closed,,,,
556,An Antiferroelectric-Coated Metal Foam Infiltrated with Liquid Metal as a Dielectric Capacitor,Energy Technology,2025-01-01,10.1002/ente.202400956,OA PDF download failed,404 not found,True,hybrid,https://onlinelibrary.wiley.com/doi/pdfdirect/10.1002/ente.202400956,failed,,HTTPError('403 Client Error: Forbidden for url: https://onlinelibrary.wiley.com/doi/pdfdirect/10.1002/ente.202400956')
557,Functionalization of TiO2 Surfaces with Copper Oxide Nanograins Grown by Atomic Layer Deposition for Enhanced Visible-Light Photocatalysis,Key Engineering Materials,2025-01-01,10.4028/p-3DecpR,OA PDF download failed,404 not found,True,hybrid,https://doi.org/10.4028/p-3decpr,failed,,downloaded response was not a PDF
558,Enhancing TCO Performance: Low-Temperature PEALD-Deposited In2O3 Thin Films,2025 IEEE International Interconnect Technology Conference Iitc 2025,2025-01-01,10.1109/IITC66087.2025.11075498,closed in Unpaywall,404 not found,False,closed,,,,
559,Synergistic Passivation of Pyridinium Tetrafluoroborate (PyBF4) in Inverted (CsPbI3)0.05((FAPbI3)1−x(MAPbBr3)x)0.95 Solar Cells with Atomic Layer Deposited NiO Layers,Solar Rrl,2025-01-01,10.1002/solr.202400765,OA PDF download failed,404 not found,True,bronze,https://onlinelibrary.wiley.com/doi/pdfdirect/10.1002/solr.202400765,failed,,HTTPError('403 Client Error: Forbidden for url: https://onlinelibrary.wiley.com/doi/pdfdirect/10.1002/solr.202400765')
560,Theoretical Investigation of SiO2 Atomic Layer Deposition Using Tris(dimethylamino)silane precursor and H2O and H2O2 reactant,2025 IEEE International Interconnect Technology Conference Iitc 2025,2025-01-01,10.1109/IITC66087.2025.11075423,DOI not found in Unpaywall,404 not found,,doi_not_found,,,,
561,Improving Atomic Layer Deposition Process of Silicon Oxide (SiO2),Proceedings of the International Spring Seminar on Electronics Technology,2025-01-01,10.1109/ISSE65583.2025.11120989,closed in Unpaywall,404 not found,False,closed,,,,
562,"First Demonstration of Atomic-Interlayer-Tuning Driven by First Principles Calculations and Atomic Layer Deposition Towards High Thermal Stable BEOL IGZO-FETs with SS=62mV/dec, PBTI < 7mV@ 3MV/cm and 353K",Digest of Technical Papers Symposium on VLSI Technology,2025-01-01,10.23919/VLSITechnologyandCir65189.2025.11075061,closed in Unpaywall,404 not found,False,closed,,,,
563,Controllable Preparation of WO3/TiO2 NPs via Vibrating Fluidized Bed Atomic Layer Deposition and Its Photocatalytic Performance,Zhongbei Daxue Xuebao Ziran Kexue Ban Journal of North University of China Natural Science Edition,2025-01-01,10.62756/jnuc.issn.1673-3193.2024.10.0002,closed in Unpaywall,404 not found,False,closed,,,,
564,La in Situ Doping-Engineered HZO Capacitors Achieving High-k (∼56.2) and Ferroelectricity (2Pr ∼43.4 μc/cm2) at 1.5 MV/Cm with 1010 Cycles Endurance,IEEE Electron Device Letters,2025-01-01,10.1109/LED.2025.3587915,closed in Unpaywall,404 not found,False,closed,,,,
565,Sandwich-Structured Lithiophilic Layer with Mixed Ionic–Electronic Conductivity for Lithium Metal Batteries,ACS Energy Letters,2025-01-01,10.1021/acsenergylett.5c02793,closed in Unpaywall,404 not found,False,closed,,,,
567,Optimization of Plasma-Enhanced Atomic Layer Deposition of Cobalt for Interconnects,Asmc Advanced Semiconductor Manufacturing Conference Proceedings,2025-01-01,10.1109/ASMC64512.2025.11010238,closed in Unpaywall,404 not found,False,closed,,,,
571,Atomic-scale passivation strategy for stabilizing tricolor perovskite quantum dots with enhanced photoluminescence,Journal of Information Display,2025-01-01,10.1080/15980316.2025.2492615,OA PDF download failed,404 not found,True,gold,https://doi.org/10.1080/15980316.2025.2492615,failed,,HTTPError('403 Client Error: Forbidden for url: https://www.tandfonline.com/doi/full/10.1080/15980316.2025.2492615')
572,Sub-10 nm Fully Atomic-Layer-Deposited MFM Stack with Enhanced Reliability: Record-low Ileakage and Record-high EBD in 3 nm Ferroelectric HZO,Technical Digest International Electron Devices Meeting Iedm,2025-01-01,10.1109/IEDM50572.2025.11353745,closed in Unpaywall,404 not found,False,closed,,,,
573,MgGaO Solar-Blind Photodetectors With Ultralow Dark-Current Prepared by Adjusting MgO Cycle Ratio,IEEE Sensors Journal,2025-01-01,10.1109/JSEN.2025.3562810,closed in Unpaywall,404 not found,False,closed,,,,
574,High Endurance Nanoscale TiN Bottom Heater for Phase Change Memory,9th IEEE Electron Devices Technology and Manufacturing Conference Shaping the Future with Innovations in Devices and Manufacturing Edtm 2025,2025-01-01,10.1109/EDTM61175.2025.11040911,closed in Unpaywall,404 not found,False,closed,,,,
575,"Comprehensive Investigation of Bias Stress-Induced Instabilities in Highly Scaled ZnO FeFETs: Impact of Channel Thickness, Channel Length, and Switching Cycles",IEEE Transactions on Electron Devices,2025-01-01,10.1109/TED.2025.3555263,closed in Unpaywall,404 not found,False,closed,,,,
576,Synthesis and characterization of a novel zinc precursor for atomic layer deposition of ZnO thin films,Molecular Crystals and Liquid Crystals,2025-01-01,10.1080/15421406.2025.2494302,closed in Unpaywall,404 not found,False,closed,,,,
577,Atomic Layer Deposition of Hafnium Oxide Passivating Layers on Silicon: Impact of Precursor Selection,Physica Status Solidi Rapid Research Letters,2025-01-01,10.1002/pssr.202400202,OA PDF download failed,404 not found,True,hybrid,https://onlinelibrary.wiley.com/doi/pdfdirect/10.1002/pssr.202400202,failed,,HTTPError('403 Client Error: Forbidden for url: https://onlinelibrary.wiley.com/doi/pdfdirect/10.1002/pssr.202400202')
578,A Universal Method to Regulate Contact Resistance in Thin Film Transistors,9th IEEE Electron Devices Technology and Manufacturing Conference Shaping the Future with Innovations in Devices and Manufacturing Edtm 2025,2025-01-01,10.1109/EDTM61175.2025.11041378,closed in Unpaywall,404 not found,False,closed,,,,
579,Surface coating modification of iron powder based on atomic layer deposition and its electromagnetic properties,Journal of Physics Conference Series,2025-01-01,10.1088/1742-6596/3068/1/012072,OA PDF download failed,404 not found,True,gold,https://doi.org/10.1088/1742-6596/3068/1/012072,failed,,no PDF link found on OA page
580,Applications of Lasers for Sensing and Free Space Communications - Proceedings Optica Laser Congress 2025,Applications of Lasers for Sensing and Free Space Communications Proceedings Optica Laser Congress 2025,2025-01-01,,missing DOI,,,,,,,
581,Low-Temperature HfO2 Growth by Atomic Layer Deposition for Hgcdte -Based Infrared Photodetectors,2025 IEEE Research and Applications of Photonics in Defense Conference Rapid 2025 Proceedings,2025-01-01,10.1109/RAPID64712.2025.11151403,closed in Unpaywall,404 not found,False,closed,,,,
583,Plasma-Enhanced Atomic Layer Deposition of Yttrium Carbide Thin Films as a Promising Transition Metal Carbide for Dual Diffusion Barrier in Cu and Ru Metallization,2025 IEEE International Interconnect Technology Conference Iitc 2025,2025-01-01,10.1109/IITC66087.2025.11075510,closed in Unpaywall,404 not found,False,closed,,,,
584,Modeling scale-up of particle coating by atomic layer deposition,Journal of Vacuum Science and Technology A Vacuum Surfaces and Films,2025-01-01,10.1116/6.0004006,closed in Unpaywall,404 not found,False,closed,,,,
585,Impact of Al-Doping on Ferroelectricity and Reliability of HfZrO Film under High Temperature Annealing,IEEE Electron Device Letters,2025-01-01,10.1109/LED.2025.3585154,closed in Unpaywall,404 not found,False,closed,,,,
586,Plasma technology for solar cells,Energy from Plasma Production and Storage,2025-01-01,10.1016/B978-0-443-26584-6.00013-0,closed in Unpaywall,400 bad request: INVALID_INPUT - View parameter specified in request is not valid,False,closed,,,,
587,Atomic Layer Deposited Highly Conductive Niobium Carbide Thin Films as Next-Generation Diffusion Barriers for Cu and Ru Interconnects,2025 IEEE International Interconnect Technology Conference Iitc 2025,2025-01-01,10.1109/IITC66087.2025.11075505,closed in Unpaywall,404 not found,False,closed,,,,
588,High-Performance Perovskite-Inspired Lanthanohalide Memristors for Phototunable Neuromorphic Applications,IEEE Transactions on Electron Devices,2025-01-01,10.1109/TED.2025.3584289,closed in Unpaywall,404 not found,False,closed,,,,
589,PHYSICS-INFORMED NEURAL NETWORKS FOR SEMICONDUCTOR FILM DEPOSITION: A REVIEW,Proceedings of the ASME Design Engineering Technical Conference,2025-01-01,10.1115/DETC2025-169732,closed in Unpaywall,404 not found,False,closed,,,,
590,Study of As-Deposited and Annealed Atomic Layer Deposited Hafnium Silicate Films,Asmc Advanced Semiconductor Manufacturing Conference Proceedings,2025-01-01,10.1109/ASMC64512.2025.11010677,closed in Unpaywall,404 not found,False,closed,,,,
591,Efficient electrochemical nitrate reduction reaction and a zinc-nitrate battery using atomically thin Cu-modified V2C MXenes,Journal of Materials Chemistry A,2025-01-01,10.1039/d5ta05747g,closed in Unpaywall,404 not found,False,closed,,,,
592,Zintl Layer Formation During Perovskite Atomic Layer Deposition on Ge (001),Handbook of Molecular Beam Epitaxy of Oxide Materials in 3 Volumes,2025-01-01,10.1142/9789819807000_0019,closed in Unpaywall,404 not found,False,closed,,,,
593,Study on transmission gratings for wavelength division multiplexing,Proceedings of SPIE the International Society for Optical Engineering,2025-01-01,10.1117/12.3057195,closed in Unpaywall,404 not found,False,closed,,,,
594,Low temperature growth of single-phase and preferentially oriented ɛ-Ga2O3 films on sapphire substrates via atomic layer deposition,Journal of Vacuum Science and Technology A Vacuum Surfaces and Films,2025-01-01,10.1116/6.0004048,closed in Unpaywall,404 not found,False,closed,,,,
596,Conformal Atomic Layer Deposition of Gate Dielectrics on Monolayer MoS2 for Gate-All-Around Transistors,IEEE Transactions on Electron Devices,2025-01-01,10.1109/TED.2025.3629599,closed in Unpaywall,404 not found,False,closed,,,,
597,Fluorine-Treated Top-Gate InAlZnO TFT for 2T0C DRAM With Long Data Retention at Vhold= 0 V,IEEE Transactions on Electron Devices,2025-01-01,10.1109/TED.2025.3552362,closed in Unpaywall,404 not found,False,closed,,,,
598,Enhanced Ferroelectricity and Endurance Using Nanolaminate-Gradient-Structured HfXZr1-XO₂ Films,IEEE Transactions on Electron Devices,2025-01-01,10.1109/TED.2024.3523869,closed in Unpaywall,404 not found,False,closed,,,,
599,High-temperature atomic layer deposition of HfO2 film with low impurity using a novel Hf precursor,Journal of Materials Chemistry C,2024-12-28,10.1039/d4tc01256a,closed in Unpaywall,404 not found,False,closed,,,,
600,Atomic-Layer-Deposited Al2O3 Layer Inserted in SiO2/HfO2 Gate-Stack-Induced Positive Flat-Band Shift with Dual Interface Dipoles for Advanced Logic Device,ACS Applied Nano Materials,2024-12-27,10.1021/acsanm.4c05649,closed in Unpaywall,404 not found,False,closed,,,,
602,Atomic Layer Annealing on Ultrathin SiNx Resistive Switching Layer for Low-Voltage Operation of Resistive Random Access Memory,ACS Applied Electronic Materials,2024-12-24,10.1021/acsaelm.4c00968,OA PDF download failed,404 not found,True,hybrid,https://doi.org/10.1021/acsaelm.4c00968,failed,,HTTPError('403 Client Error: Forbidden for url: https://pubs.acs.org/doi/10.1021/acsaelm.4c00968')
603,Deconvoluting Effects of Lithium Morphology and SEI Stability at Moderate Current Density Using Interface Engineering,Advanced Materials Interfaces,2024-12-20,10.1002/admi.202400693,OA PDF download failed,404 not found,True,gold,https://doi.org/10.1002/admi.202400693,failed,,HTTPError('403 Client Error: Forbidden for url: https://advanced.onlinelibrary.wiley.com/doi/10.1002/admi.202400693')
608,Area-Selective Etching of Poly(lactic acid) Films via Catalytic Hydrogenolysis and Cracking,Chemistry of Materials,2024-12-10,10.1021/acs.chemmater.4c02744,OA PDF download failed,404 not found,True,hybrid,https://doi.org/10.1021/acs.chemmater.4c02744,failed,,HTTPError('403 Client Error: Forbidden for url: https://pubs.acs.org/doi/10.1021/acs.chemmater.4c02744')
609,Low temperature atomic layer deposition of PbO2 for electrochemical applications,Nanotechnology,2024-12-09,10.1088/1361-6528/ad8163,OA PDF download failed,404 not found,True,hybrid,https://doi.org/10.1088/1361-6528/ad8163,failed,,no PDF link found on OA page
612,Spatially Confined Alloying of Pt Accelerates Mass Transport for Fuel Cell Oxygen Reduction,Small,2024-12-05,10.1002/smll.202405748,closed in Unpaywall,404 not found,False,closed,,,,
613,Atomic layer deposition of Sn-doped germanium diselenide for an As-free Ovonic threshold switch with low off-current,Dalton Transactions,2024-12-02,10.1039/d4dt02946a,closed in Unpaywall,404 not found,False,closed,,,,
614,Application of Defect Engineering via ALD in Supercapacitors,Batteries,2024-12-01,10.3390/batteries10120438,OA PDF download failed,404 not found,True,gold,https://www.mdpi.com/2313-0105/10/12/438/pdf?version=1733836343,failed,,HTTPError('403 Client Error: Forbidden for url: https://www.mdpi.com/2313-0105/10/12/438/pdf?version=1733836343')
616,Ambient pressure x-ray photoelectron spectroscopy study on the initial atomic layer deposition process of platinum,Journal of Vacuum Science and Technology A Vacuum Surfaces and Films,2024-12-01,10.1116/6.0003871,OA PDF download failed,404 not found,True,hybrid,https://pubs.aip.org/avs/jva/article-pdf/doi/10.1116/6.0003871/20226712/062406_1_6.0003871.pdf,failed,,HTTPError('403 Client Error: Forbidden for url: https://pubs.aip.org/avs/jva/article-pdf/doi/10.1116/6.0003871/20226712/062406_1_6.0003871.pdf')
619,On the Atomic Layer Deposition of Tantalum Oxide for Field Effect Sensors,Semiconductors,2024-12-01,10.1134/S1063782625700034,closed in Unpaywall,404 not found,False,closed,,,,
621,Preparation of Br-terminated Si(100) and Si(111) surfaces and their use as atomic layer deposition resists,Journal of Vacuum Science and Technology A Vacuum Surfaces and Films,2024-12-01,10.1116/6.0003941,closed in Unpaywall,404 not found,False,closed,,,,
623,Fabrication and electrical properties of flexible polymer-based MIM capacitors of high-k nanolaminate dielectrics of HfO2-SnO2-TiO2 with ultrathin Al2O3 insertion layer by plasma-enhanced atomic layer deposition,Flexible and Printed Electronics,2024-12-01,10.1088/2058-8585/ad8503,closed in Unpaywall,404 not found,False,closed,,,,
624,Improving the Functional and Antibacterial Properties of an Endoprosthetic Mesh Using Atomic Layer Deposition Technology,Biochemistry Moscow Supplement Series B Biomedical Chemistry,2024-12-01,10.1134/S199075082470001X,closed in Unpaywall,404 not found,False,closed,,,,
630,Examination of nonideal film growth in batch atomic layer deposition for plasma-resistant coatings,Journal of Vacuum Science and Technology A Vacuum Surfaces and Films,2024-12-01,10.1116/6.0003777,closed in Unpaywall,404 not found,False,closed,,,,
631,"Silver CVD and ALD Precursors: Synthesis, Properties, and Application in Deposition Processes",Molecules,2024-12-01,10.3390/molecules29235705,OA PDF download failed,404 not found,True,gold,https://doi.org/10.3390/molecules29235705,failed,,HTTPError('403 Client Error: Forbidden for url: https://www.mdpi.com/1420-3049/29/23/5705')
635,Nondispersive ultraviolet monitoring of pulsed H2S gas delivery,Journal of Vacuum Science and Technology A Vacuum Surfaces and Films,2024-12-01,10.1116/6.0004038,OA PDF download failed,404 not found,True,hybrid,https://pubs.aip.org/avs/jva/article-pdf/doi/10.1116/6.0004038/20243436/062408_1_6.0004038.pdf,failed,,HTTPError('403 Client Error: Forbidden for url: https://pubs.aip.org/avs/jva/article-pdf/doi/10.1116/6.0004038/20243436/062408_1_6.0004038.pdf')
636,Stochastic lattice model for atomic layer deposition and area-selective deposition of metal oxides: Visualization and analysis of lateral overgrowth during area-selective deposition,Journal of Vacuum Science and Technology A Vacuum Surfaces and Films,2024-12-01,10.1116/6.0003838,closed in Unpaywall,404 not found,False,closed,,,,
639,Enhanced Energy Storage Capacity of TiO2 Atomic Layered Molybdenum Oxide–Sulfide Negatrode for an Aqueous Ammonium Ion Supercapacitor,Korean Journal of Chemical Engineering,2024-12-01,10.1007/s11814-024-00310-2,closed in Unpaywall,404 not found,False,closed,,,,
642,Nanometer-thick TiO2 channel thin film transistors as radical monitors for plasma enhanced atomic layer deposition,Journal of Vacuum Science and Technology A Vacuum Surfaces and Films,2024-12-01,10.1116/6.0003981,closed in Unpaywall,404 not found,False,closed,,,,
646,Vapor Infiltration Synthesis of Indium Sulfide Magic Size Cluster,ACS Nano,2024-11-12,10.1021/acsnano.4c10943,closed in Unpaywall,404 not found,False,closed,,,,
647,Unveiling Activated Carbon Degradation in Supercapacitor Using Liquid Cell Transmission Electron Microscopy,ACS Applied Energy Materials,2024-11-11,10.1021/acsaem.4c01712,closed in Unpaywall,404 not found,False,closed,,,,
649,All-in Situ Molecular-Templated Atomic Layer Deposition for Volatile Organic Compound Sensors,ACS Applied Nano Materials,2024-11-08,10.1021/acsanm.4c03810,closed in Unpaywall,404 not found,False,closed,,,,
650,SnS2 Thin Film with In Situ and Controllable Sb Doping via Atomic Layer Deposition for Optoelectronic Applications,Advanced Materials Technologies,2024-11-06,10.1002/admt.202302049,OA PDF download failed,404 not found,True,hybrid,https://onlinelibrary.wiley.com/doi/pdfdirect/10.1002/admt.202302049,failed,,HTTPError('403 Client Error: Forbidden for url: https://onlinelibrary.wiley.com/doi/pdfdirect/10.1002/admt.202302049')
651,Direct growth of ferroelectric orthorhombic ZrO2 on Ru by atomic layer deposition at 300 °C,Materials Horizons,2024-11-05,10.1039/d4mh01119h,closed in Unpaywall,404 not found,False,closed,,,,
652,Silyl- and Germyl-Substituted Boranes: Synthesis and Investigation as Potential Atomic Layer Deposition Precursors,Inorganic Chemistry,2024-11-04,10.1021/acs.inorgchem.4c03416,closed in Unpaywall,404 not found,False,closed,,,,
653,Continuous Lithium-Ion Extraction From Seawater and Mine Water With a Fuel Cell System and Ceramic Membranes,Energy and Environmental Materials,2024-11-01,10.1002/eem2.12742,OA PDF download failed,404 not found,True,hybrid,https://onlinelibrary.wiley.com/doi/pdfdirect/10.1002/eem2.12742,failed,,HTTPError('403 Client Error: Forbidden for url: https://onlinelibrary.wiley.com/doi/pdfdirect/10.1002/eem2.12742')
661,Modification of High-Surface-Area Carbons Using Self-Limited Atomic Layer Deposition,Catalysts,2024-11-01,10.3390/catal14110786,OA PDF download failed,404 not found,True,gold,https://doi.org/10.3390/catal14110786,failed,,HTTPError('403 Client Error: Forbidden for url: https://www.mdpi.com/2073-4344/14/11/786')
662,Stabilized Nickel-Rich-Layered Oxide Electrodes for High-Performance Lithium-Ion Batteries,Energy and Environmental Materials,2024-11-01,10.1002/eem2.12741,OA PDF download failed,404 not found,True,hybrid,https://onlinelibrary.wiley.com/doi/pdfdirect/10.1002/eem2.12741,failed,,HTTPError('403 Client Error: Forbidden for url: https://onlinelibrary.wiley.com/doi/pdfdirect/10.1002/eem2.12741')
663,Structure Properties Correlations on Nickel-Iron Oxide Catalysts Deposited by Atomic Layer Deposition for the Oxygen Evolution Reaction in Alkaline Media,Advanced Energy and Sustainability Research,2024-11-01,10.1002/aesr.202400091,OA PDF download failed,404 not found,True,gold,https://onlinelibrary.wiley.com/doi/pdfdirect/10.1002/aesr.202400091,failed,,HTTPError('403 Client Error: Forbidden for url: https://onlinelibrary.wiley.com/doi/pdfdirect/10.1002/aesr.202400091')
665,Characterization of HZO Films Fabricated by Co-Plasma Atomic Layer Deposition for Ferroelectric Memory Applications,Nanomaterials,2024-11-01,10.3390/nano14221801,OA PDF download failed,404 not found,True,gold,https://www.mdpi.com/2079-4991/14/22/1801/pdf?version=1731217662,failed,,HTTPError('403 Client Error: Forbidden for url: https://www.mdpi.com/2079-4991/14/22/1801/pdf?version=1731217662')
666,Advanced Molecular Layer Deposition of SixZnyOz Thin Film Coatings for Improved Electrochemical Performance of NMC811,Batteries and Supercaps,2024-11-01,10.1002/batt.202400241,OA PDF download failed,404 not found,True,hybrid,https://onlinelibrary.wiley.com/doi/pdfdirect/10.1002/batt.202400241,failed,,HTTPError('403 Client Error: Forbidden for url: https://onlinelibrary.wiley.com/doi/pdfdirect/10.1002/batt.202400241')
667,Design of an atomic layer deposition system with in situ reflection high energy electron diffraction,Review of Scientific Instruments,2024-11-01,10.1063/5.0206286,closed in Unpaywall,404 not found,False,closed,,,,
672,Exchange Reactions during Atomic Layer Deposition of Ternary Group 13 Oxides and Nitrides,ACS Applied Electronic Materials,2024-10-22,10.1021/acsaelm.4c01346,closed in Unpaywall,404 not found,False,closed,,,,
674,Exceptionally Stable Polymer Electrolyte Membrane Fuel Cells Enabled by One-Pot Sequential Atomic Layer Deposition of Titania and Platinum,ACS Sustainable Chemistry and Engineering,2024-10-21,10.1021/acssuschemeng.4c06031,closed in Unpaywall,404 not found,False,closed,,,,
675,Interface-Engineered Atomic Layer Deposition of 3D Li4Ti5O12 for High-Capacity Lithium-Ion 3D Thin-Film Batteries,Small,2024-10-17,10.1002/smll.202403453,OA PDF download failed,404 not found,True,green,https://publica.fraunhofer.de/handle/publica/499317,failed,,downloaded response was not a PDF
680,Integrating Data Mining and Natural Language Processing to Construct a Melting Point Database for Organometallic Compounds,Journal of Chemical Information and Modeling,2024-10-14,10.1021/acs.jcim.4c01254,closed in Unpaywall,404 not found,False,closed,,,,
681,Spin Hall effect in platinum deposited by atomic layer deposition,Applied Physics Letters,2024-10-14,10.1063/5.0229825,closed in Unpaywall,404 not found,False,closed,,,,
682,CMOS-compatible Hf0.5Zr0.5O2-based ferroelectric memory crosspoints fabricated with damascene process,Nanotechnology,2024-10-14,10.1088/1361-6528/ad644f,OA PDF download failed,404 not found,True,hybrid,https://iopscience.iop.org/article/10.1088/1361-6528/ad644f/pdf,failed,,no PDF link found on OA page
683,Effects of adjusting nickel pulse count on NiOx films prepared by atomic layer deposition,Physical Chemistry Chemical Physics,2024-10-11,10.1039/d4cp03553d,closed in Unpaywall,404 not found,False,closed,,,,
684,Atomic-Layer Deposition of the Single-Atom Pt Catalyst on Vertical Graphene for H2 Sensing,ACS Applied Nano Materials,2024-10-11,10.1021/acsanm.4c03416,closed in Unpaywall,404 not found,False,closed,,,,
685,Controlling the Energy Release Behavior of Aluminum Nanoparticles as Metal Fuels by Atomic Layer Deposited Copper Oxide Nanocoatings,ACS Applied Nano Materials,2024-10-11,10.1021/acsanm.4c03407,closed in Unpaywall,404 not found,False,closed,,,,
686,Simultaneous Co-localized TiO2 Etching and W Atomic Layer Deposition Using WF6 as a Dual-Functional Reactant,Chemistry of Materials,2024-10-08,10.1021/acs.chemmater.4c01773,closed in Unpaywall,404 not found,False,closed,,,,
689,Room Temperature Synthesis of Tellurium by Solution Atomic Layer Deposition,Crystal Growth and Design,2024-10-02,10.1021/acs.cgd.4c00987,OA PDF download failed,404 not found,True,hybrid,http://dx.doi.org/10.1021/acs.cgd.4c00987,failed,,HTTPError('403 Client Error: Forbidden for url: https://pubs.acs.org/doi/10.1021/acs.cgd.4c00987')
690,Overcoming the interfacial challenges of Ni-rich layered oxide cathodes for all-solid-state batteries through an ultrathin and amorphous Al2O3 coating,Journal of Materials Chemistry A,2024-10-02,10.1039/d4ta05226a,closed in Unpaywall,404 not found,False,closed,,,,
693,Controllable Interface Engineering for the Preparation of High Rate Silicon Anode,Advanced Functional Materials,2024-10-01,10.1002/adfm.202403574,closed in Unpaywall,404 not found,False,closed,,,,
694,Threshold Switching and Resistive Switching in SnO2-HfO2 Laminated Ultrathin Films,Crystals,2024-10-01,10.3390/cryst14100909,OA PDF download failed,404 not found,True,gold,https://www.mdpi.com/2073-4352/14/10/909/pdf,failed,,HTTPError('403 Client Error: Forbidden for url: https://www.mdpi.com/2073-4352/14/10/909/pdf')
695,Design and Fabrication of a Non⁃Polarized Transmission Grating with High Diffraction Efficiency,Guangxue Xuebao Acta Optica Sinica,2024-10-01,10.3788/AOS240761,closed in Unpaywall,404 not found,False,closed,,,,
696,Atomic layer deposited protective coating of aluminum oxide on silver-based telescope mirror: A comparison between a pure ozone and H2O precursor,Journal of Astronomical Telescopes Instruments and Systems,2024-10-01,10.1117/1.JATIS.10.4.044007,closed in Unpaywall,404 not found,False,closed,,,,
697,Leveraging Bayesian Optimization Software for Atomic Layer Deposition: Single-Objective Optimization of TiO2 Layers,Materials,2024-10-01,10.3390/ma17205019,OA PDF download failed,404 not found,True,gold,https://www.mdpi.com/1996-1944/17/20/5019/pdf?version=1728903367,failed,,HTTPError('403 Client Error: Forbidden for url: https://www.mdpi.com/1996-1944/17/20/5019/pdf?version=1728903367')
698,Effect of atomic layer deposition process parameters on TiN electrode for Hf0.5Zr0.5O2 ferroelectric capacitor,Semiconductor Science and Technology,2024-10-01,10.1088/1361-6641/ad7637,closed in Unpaywall,404 not found,False,closed,,,,
699,Effect of the Water Pulse Duration on the Stoichiometry of HfOx Films Obtained from Tetrakis(Dimethylamino)Hafnium,Journal of Structural Chemistry,2024-10-01,10.1134/S0022476624100184,closed in Unpaywall,404 not found,False,closed,,,,
700,The Chemistry of Selenosilanes: A Topic Overview,Molecules,2024-10-01,10.3390/molecules29194595,OA PDF download failed,404 not found,True,gold,https://www.mdpi.com/1420-3049/29/19/4595/pdf?version=1727440244,failed,,HTTPError('403 Client Error: Forbidden for url: https://www.mdpi.com/1420-3049/29/19/4595/pdf?version=1727440244')
704,Controlled Growth of ZIF-8 Membranes on GO-Coated α-Alumina Supports via ZnO Atomic Layer Deposition for Improved Gas Separation,Membranes,2024-10-01,10.3390/membranes14100216,OA PDF download failed,404 not found,True,gold,https://www.mdpi.com/2077-0375/14/10/216/pdf?version=1728882248,failed,,HTTPError('403 Client Error: Forbidden for url: https://www.mdpi.com/2077-0375/14/10/216/pdf?version=1728882248')
705,Synthesis of low-k SiONC thin films by plasma-assisted molecular layer deposition with tetraisocyanatesilane and phloroglucinol,Nanotechnology,2024-09-30,10.1088/1361-6528/ad60cd,closed in Unpaywall,404 not found,False,closed,,,,
706,Vanadium Dioxide by Atomic Layer Deposition: A Promising Material for Next-Generation Memory Devices,Journal of Physical Chemistry Letters,2024-09-26,10.1021/acs.jpclett.4c02192,closed in Unpaywall,404 not found,False,closed,,,,
707,An innovative approach to control the Hf/Ti ratio in monolayers grown via atomic partial layer deposition,Journal of Applied Physics,2024-09-21,10.1063/5.0225744,OA PDF download failed,404 not found,True,hybrid,https://doi.org/10.1063/5.0225744,failed,,HTTPError('403 Client Error: Forbidden for url: https://pubs.aip.org/jap/article/136/11/115301/3312990/An-innovative-approach-to-control-the-Hf-Ti-ratio')
708,CHEMICAL VAPOUR DEPOSITION (CVD) AND PHYSICAL VAPOUR DEPOSITION (PVD) TECHNIQUES: ADVANCES IN THIN FILM SOLAR CELLS,Nigerian Journal of Technology,2024-09-20,10.4314/njt.v43i3.10,DOI not found in Unpaywall,404 not found,,doi_not_found,,,,
709,Atomic layer deposition of Pd nanoparticles and single atoms on self-supported carbon monolithic catalysts synergistically boosts the hydrogen evolution reaction,Journal of Materials Chemistry A,2024-09-18,10.1039/d4ta04359f,closed in Unpaywall,404 not found,False,closed,,,,
710,"SrTiO3 and (Ba,Sr)TiO3 Films Epitaxially Grown on SrRuO3 Using Atomic Layer Deposition",ACS Applied Materials and Interfaces,2024-09-18,10.1021/acsami.4c10400,closed in Unpaywall,404 not found,False,closed,,,,
714,Permittivity enhancement of Al2O3/ZrO2 dielectrics with the incorporation of Pt nanoparticles,Journal of Applied Physics,2024-09-14,10.1063/5.0218456,OA PDF download failed,404 not found,True,hybrid,https://doi.org/10.1063/5.0218456,failed,,HTTPError('403 Client Error: Forbidden for url: https://pubs.aip.org/jap/article/136/10/105302/3312074/Permittivity-enhancement-of-Al2O3-ZrO2-dielectrics')
715,Atomic Layer Deposition of Molybdenum Carbide Thin Films,Advanced Materials Interfaces,2024-09-12,10.1002/admi.202400270,OA PDF download failed,404 not found,True,gold,https://onlinelibrary.wiley.com/doi/pdfdirect/10.1002/admi.202400270,failed,,HTTPError('403 Client Error: Forbidden for url: https://onlinelibrary.wiley.com/doi/pdfdirect/10.1002/admi.202400270')
717,Optical Properties of TiO2 Grown by Atomic Layer Deposition Using Various Oxidizing Agents: The Ellipsometry Analysis of Absorption Properties,Advanced Materials Interfaces,2024-09-12,10.1002/admi.202400269,OA PDF download failed,404 not found,True,gold,https://onlinelibrary.wiley.com/doi/pdfdirect/10.1002/admi.202400269,failed,,HTTPError('403 Client Error: Forbidden for url: https://onlinelibrary.wiley.com/doi/pdfdirect/10.1002/admi.202400269')
719,Inducing high-concentration Tb3+ with free oxygen via atomic layer deposition,Optics Express,2024-09-09,10.1364/OE.533851,OA PDF download failed,404 not found,True,gold,https://doi.org/10.1364/oe.533851,failed,,no PDF link found on OA page
720,"Wide process temperature of atomic layer deposition for In2O3 thin-film transistors using novel indium precursor (N,N′-di-tert butylacetimidamido)dimethyllindium",Nanotechnology,2024-09-09,10.1088/1361-6528/ad5848,closed in Unpaywall,404 not found,False,closed,,,,
722,Designing innovative heterostructures composed of TiO2/Bi2Te3/carbon cloth for highly efficient sodium-ion batteries,Crystengcomm,2024-09-03,10.1039/d4ce00712c,closed in Unpaywall,404 not found,False,closed,,,,
723,Calibration of binding energy and clarification of interfacial band bending for the Al2O3/diamond heterojunction,Applied Physics Letters,2024-09-02,10.1063/5.0230817,closed in Unpaywall,404 not found,False,closed,,,,
724,The surface chemistry of the atomic layer deposition of metal thin films,Nanotechnology,2024-09-02,10.1088/1361-6528/ad54cb,closed in Unpaywall,404 not found,False,closed,,,,
725,Atomic Layer Deposited Al1−xNixO: Low Contact Resistivity Hole-Selective Contact for Crystalline Silicon Solar Cells,Physica Status Solidi A Applications and Materials Science,2024-09-01,10.1002/pssa.202400387,OA PDF download failed,404 not found,True,bronze,https://onlinelibrary.wiley.com/doi/pdfdirect/10.1002/pssa.202400387,failed,,HTTPError('403 Client Error: Forbidden for url: https://onlinelibrary.wiley.com/doi/pdfdirect/10.1002/pssa.202400387')
726,Inherent area selective deposition of silicon dioxide in multilayer 3D SiOx-SiNx stacks,Journal of Vacuum Science and Technology A Vacuum Surfaces and Films,2024-09-01,10.1116/6.0003790,closed in Unpaywall,404 not found,False,closed,,,,
727,In-cycle evolution of thickness and roughness parameters during oxygen plasma enhanced ZnO atomic layer deposition using in situ spectroscopic ellipsometry,Journal of Vacuum Science and Technology A Vacuum Surfaces and Films,2024-09-01,10.1116/6.0003830,closed in Unpaywall,404 not found,False,closed,,,,
728,Ultrathin ZrO2 thickness control on TiO2/ZrO2 core/shell nanoparticles using ZrO2 atomic layer deposition and etching,Journal of Vacuum Science and Technology A Vacuum Surfaces and Films,2024-09-01,10.1116/6.0003781,closed in Unpaywall,404 not found,False,closed,,,,
730,Role of the oxidation conditions on the orientation of TiNxOy grown by atomic layer deposition: Impact on the optical and electrical properties,Journal of Vacuum Science and Technology B,2024-09-01,10.1116/6.0003646,closed in Unpaywall,404 not found,False,closed,,,,
733,Enhanced nucleation mechanism in ruthenium atomic layer deposition: Exploring surface termination and precursor ligand effects with RuCpEt(CO)2,Journal of Vacuum Science and Technology A Vacuum Surfaces and Films,2024-09-01,10.1116/6.0003775,closed in Unpaywall,404 not found,False,closed,,,,
734,Surface Photovoltage Spectroscopy as a Valuable Tool for Evaluating Oxidation Processes in the Microelectronics Industry,Physica Status Solidi A Applications and Materials Science,2024-09-01,10.1002/pssa.202400281,OA PDF download failed,404 not found,True,hybrid,https://onlinelibrary.wiley.com/doi/pdfdirect/10.1002/pssa.202400281,failed,,HTTPError('403 Client Error: Forbidden for url: https://onlinelibrary.wiley.com/doi/pdfdirect/10.1002/pssa.202400281')
738,Bifunctional Mn-Fe Oxide Catalysts for Zn-Air Battery Air Electrodes Fabricated Through Atomic Layer Deposition,Batteries and Supercaps,2024-09-01,10.1002/batt.202400133,OA PDF download failed,404 not found,True,bronze,https://onlinelibrary.wiley.com/doi/pdfdirect/10.1002/batt.202400133,failed,,HTTPError('403 Client Error: Forbidden for url: https://onlinelibrary.wiley.com/doi/pdfdirect/10.1002/batt.202400133')
740,Corrosion Resistance and In Vitro Biological Properties of TiO2 on MAO-Coated AZ31 Magnesium Alloy via ALD,Coatings,2024-09-01,10.3390/coatings14091198,OA PDF download failed,404 not found,True,gold,https://doi.org/10.3390/coatings14091198,failed,,HTTPError('403 Client Error: Forbidden for url: https://www.mdpi.com/2079-6412/14/9/1198')
742,SYNTHESIZE OF ORDERED MESOPOROUS CARBON SUPPORTED Pt-MoOx CATALYST AND ITS CATALYTIC PERFORMANCE FOR METHYLCYCLOHEXANE DEHYDROGENATION,Petroleum Processing and Petrochemicals,2024-09-01,,missing DOI,,,,,,,
743,First principles reaction processes of Co(CO)3NO as an atomic layer deposition precursor on SiO2 and Co surfaces,Journal of Vacuum Science and Technology A Vacuum Surfaces and Films,2024-09-01,10.1116/6.0003769,closed in Unpaywall,404 not found,False,closed,,,,
745,"A New Paradigm for Semiconductor Manufacturing: Integrated Synthesis, Delivery, and Consumption of Source Chemicals for IC Fabrication †",Coatings,2024-09-01,10.3390/coatings14091115,OA PDF download failed,404 not found,True,gold,https://doi.org/10.3390/coatings14091115,failed,,HTTPError('403 Client Error: Forbidden for url: https://www.mdpi.com/2079-6412/14/9/1115')
749,Plasma-enhanced atomic layer deposition as a technique for controlling the composition and properties of indium-based transparent conductive oxides,Journal of Applied Physics,2024-08-28,10.1063/5.0217534,OA PDF download failed,404 not found,True,hybrid,https://pubs.aip.org/aip/jap/article-pdf/doi/10.1063/5.0217534/20129309/085303_1_5.0217534.pdf,failed,,HTTPError('403 Client Error: Forbidden for url: https://pubs.aip.org/aip/jap/article-pdf/doi/10.1063/5.0217534/20129309/085303_1_5.0217534.pdf')
750,Improvement of memory storage capacity and prolongation of endurance/retention through H2 plasma treatment of IGZO/HZO structure,Journal of Applied Physics,2024-08-28,10.1063/5.0214983,OA PDF download failed,404 not found,True,hybrid,https://pubs.aip.org/aip/jap/article-pdf/doi/10.1063/5.0214983/20134869/084102_1_5.0214983.pdf,failed,,HTTPError('403 Client Error: Forbidden for url: https://pubs.aip.org/aip/jap/article-pdf/doi/10.1063/5.0214983/20134869/084102_1_5.0214983.pdf')
752,Atomic Layer Deposition of γ-Al2O3 on Hexagonal Boron Nitride: A Hybrid Support for Metallocene Catalysts,Chemistryselect,2024-08-27,10.1002/slct.202401467,closed in Unpaywall,404 not found,False,closed,,,,
754,Stabilization of the Solid-Electrolyte-Interphase Layer and Improvement of the Performance of Silicon-Graphite Anodes by Nanometer-Thick Atomic-Layer-Deposited ZnO Films,ACS Applied Nano Materials,2024-08-23,10.1021/acsanm.3c05066,closed in Unpaywall,404 not found,False,closed,,,,
755,Device-level XPS analysis for physical and electrical characterization of oxide-channel thin-film transistors,Journal of Applied Physics,2024-08-21,10.1063/5.0225676,OA PDF download failed,404 not found,True,hybrid,https://pubs.aip.org/aip/jap/article-pdf/doi/10.1063/5.0225676/20115596/075702_1_5.0225676.pdf,failed,,HTTPError('403 Client Error: Forbidden for url: https://pubs.aip.org/aip/jap/article-pdf/doi/10.1063/5.0225676/20115596/075702_1_5.0225676.pdf')
759,Low-Temperature Dual-Material Area-Selective Deposition: Molybdenum Hexafluoride-Mediated SiO2 Fluorination/Passivation for Self-Aligned Molybdenum/Metal Oxide Nanoribbons,Advanced Functional Materials,2024-08-14,10.1002/adfm.202316872,OA PDF download failed,404 not found,True,hybrid,https://onlinelibrary.wiley.com/doi/pdfdirect/10.1002/adfm.202316872,failed,,HTTPError('403 Client Error: Forbidden for url: https://onlinelibrary.wiley.com/doi/pdfdirect/10.1002/adfm.202316872')
760,Regulation of Interface Ion Transport by Electron Ionic Conductor Construction toward High-Voltage and High-Rate LiNi0.5Co0.2Mn0.3O2 Cathodes in Lithium Ion Battery,Advanced Science,2024-08-14,10.1002/advs.202402380,OA PDF download failed,404 not found,True,gold,https://onlinelibrary.wiley.com/doi/pdfdirect/10.1002/advs.202402380,failed,,HTTPError('403 Client Error: Forbidden for url: https://onlinelibrary.wiley.com/doi/pdfdirect/10.1002/advs.202402380')
761,Limiting or Continuous Thermal Etching of First Row Transition Metal Oxides Using Acetylacetone and Ozone,Chemistry of Materials,2024-08-13,10.1021/acs.chemmater.4c00862,closed in Unpaywall,404 not found,False,closed,,,,
762,An Atomistic Picture of Buildup and Degradation Reactions in Area-Selective Atomic Layer Deposition with a Small Molecule Inhibitor,Chemistry of Materials,2024-08-13,10.1021/acs.chemmater.4c01269,OA PDF download failed,404 not found,True,hybrid,https://pubs.acs.org/doi/pdf/10.1021/acs.chemmater.4c01269,failed,,HTTPError('403 Client Error: Forbidden for url: https://pubs.acs.org/doi/pdf/10.1021/acs.chemmater.4c01269')
763,Targeting Manganese Amidinate and ß-Ketoiminate Complexes as Precursors for Mn-Based Thin Film Deposition,Chemistry A European Journal,2024-08-12,10.1002/chem.202401275,OA PDF download failed,404 not found,True,hybrid,https://onlinelibrary.wiley.com/doi/pdfdirect/10.1002/chem.202401275,failed,,HTTPError('403 Client Error: Forbidden for url: https://onlinelibrary.wiley.com/doi/pdfdirect/10.1002/chem.202401275')
764,Improvement of the Ferroelectric Response of La-Doped Hafnium Zirconium Oxide Employing Tungsten Oxide Interfacial Layer with Back-End-of-Line Compatibility,ACS Applied Materials and Interfaces,2024-08-07,10.1021/acsami.4c08988,closed in Unpaywall,404 not found,False,closed,,,,
765,Effect of Bias Frequency on Bottom-Up SiO2 Gap-Filling Using Plasma-Enhanced Atomic Layer Deposition,ACS Applied Materials and Interfaces,2024-08-07,10.1021/acsami.4c06106,closed in Unpaywall,404 not found,False,closed,,,,
766,Photoprogrammed Multifunctional Optoelectronic Synaptic Transistor Arrays Based on Photosensitive Polymer-Sorted Semiconducting Single-Walled Carbon Nanotubes for Image Recognition,Advanced Science,2024-08-07,10.1002/advs.202401794,OA PDF download failed,404 not found,True,gold,https://onlinelibrary.wiley.com/doi/pdfdirect/10.1002/advs.202401794,failed,,HTTPError('403 Client Error: Forbidden for url: https://onlinelibrary.wiley.com/doi/pdfdirect/10.1002/advs.202401794')
773,"The syntheses, characterization, thermal properties of asymmetrical La β-diketonate and their application as ALD precursor for La2O3 films",Transition Metal Chemistry,2024-08-01,10.1007/s11243-024-00583-w,closed in Unpaywall,404 not found,False,closed,,,,
774,Growth and Optical Parameters of ZnO Films on Macroporous Silicon Obtained by Atomic Layer Deposition,Applied Solar Energy English Translation of Geliotekhnika,2024-08-01,10.3103/S0003701X24602448,closed in Unpaywall,404 not found,False,closed,,,,
776,Effects of ALD Deposition Cycles of Al2O3 on the Morphology and Performance of FTO-Based Dye-Sensitized Solar Cells,Coatings,2024-08-01,10.3390/coatings14081019,OA PDF download failed,404 not found,True,gold,https://www.mdpi.com/2079-6412/14/8/1019/pdf?version=1723367569,failed,,HTTPError('403 Client Error: Forbidden for url: https://www.mdpi.com/2079-6412/14/8/1019/pdf?version=1723367569')
778,Wafer-Scale ALD Synthesis of MoO3 Sulfurized to MoS2,Crystals,2024-08-01,10.3390/cryst14080673,OA PDF download failed,404 not found,True,gold,https://www.mdpi.com/2073-4352/14/8/673/pdf?version=1721808455,failed,,HTTPError('403 Client Error: Forbidden for url: https://www.mdpi.com/2073-4352/14/8/673/pdf?version=1721808455')
780,Long- and Short-Term Memory Characteristics Controlled by Electrical and Optical Stimulations in InZnO-Based Synaptic Device for Reservoir Computing,Advanced Electronic Materials,2024-08-01,10.1002/aelm.202300911,OA PDF download failed,404 not found,True,gold,https://onlinelibrary.wiley.com/doi/pdfdirect/10.1002/aelm.202300911,failed,,HTTPError('403 Client Error: Forbidden for url: https://onlinelibrary.wiley.com/doi/pdfdirect/10.1002/aelm.202300911')
781,Tailoring Subthreshold Swing in A-IGZO Thin-Film Transistors for Amoled Displays: Impact of Conversion Mechanism on Peald Deposition Sequences,Small Methods,2024-08-01,10.1002/smtd.202301185,closed in Unpaywall,404 not found,False,closed,,,,
782,Modifying the Substrate-Dependent Pd/Fe2O3 Catalyst-Support Synergism with ZnO Atomic Layer Deposition,ACS Applied Materials and Interfaces,2024-07-31,10.1021/acsami.4c01528,closed in Unpaywall,404 not found,False,closed,,,,
784,Reduced Graphene Oxide/Titanium Dioxide Nanocomposites via Atomic Layer Deposition for Microwave Absorption,ACS Applied Nano Materials,2024-07-26,10.1021/acsanm.4c02872,closed in Unpaywall,404 not found,False,closed,,,,
785,The Consequences of Random Sequential Adsorption for the Precursor Packing and Growth-Per-Cycle of Atomic Layer Deposition Processes,Journal of Physical Chemistry Letters,2024-07-25,10.1021/acs.jpclett.4c01632,OA PDF download failed,404 not found,True,hybrid,https://doi.org/10.1021/acs.jpclett.4c01632,failed,,HTTPError('403 Client Error: Forbidden for url: https://pubs.acs.org/doi/10.1021/acs.jpclett.4c01632')
787,Nano-Scale Interface Engineering of Sulfur Cathode to Enable High-Performance All-Solid-State Li–S Batteries,Advanced Functional Materials,2024-07-24,10.1002/adfm.202315925,OA PDF download failed,404 not found,True,bronze,https://onlinelibrary.wiley.com/doi/pdfdirect/10.1002/adfm.202315925,failed,,HTTPError('403 Client Error: Forbidden for url: https://onlinelibrary.wiley.com/doi/pdfdirect/10.1002/adfm.202315925')
788,Precision Interface Engineering of CuNi Alloys by Powder ALD Toward Better Thermoelectric Performance,Advanced Functional Materials,2024-07-24,10.1002/adfm.202314457,OA PDF download failed,404 not found,True,hybrid,https://onlinelibrary.wiley.com/doi/pdfdirect/10.1002/adfm.202314457,failed,,HTTPError('403 Client Error: Forbidden for url: https://onlinelibrary.wiley.com/doi/pdfdirect/10.1002/adfm.202314457')
790,Unlocking the Potential of Hafnia Ferroelectrics: Achieving High Reliability via Plasma Frequency Modulation in Very High-Frequency Plasma-Enhanced Atomic Layer Deposition,ACS Applied Electronic Materials,2024-07-23,10.1021/acsaelm.4c00630,closed in Unpaywall,404 not found,False,closed,,,,
791,Precise Fabrication of Robust Conjugated Microporous Polymer Membranes via Oxidative Molecular Layer Deposition for Efficient Organic Solvent Nanofiltration,Chemistry of Materials,2024-07-23,10.1021/acs.chemmater.4c01424,closed in Unpaywall,404 not found,False,closed,,,,
792,Ab Initio Prediction of Vapor Pressure for Diverse Atomic Layer Deposition Precursors,Journal of Chemical Theory and Computation,2024-07-23,10.1021/acs.jctc.3c01416,closed in Unpaywall,404 not found,False,closed,,,,
793,Investigation of H2 Plasma Incorporated ALD-TiOx Films as Hole-Selective Passivating Contacts in Crystalline Silicon Solar Cells,ACS Applied Energy Materials,2024-07-22,10.1021/acsaem.4c01079,closed in Unpaywall,404 not found,False,closed,,,,
794,Enhanced Deposition Selectivity of High-k Dielectrics by Vapor Dosing and Selective Removal of Phosphonic Acid Inhibitors,ACS Applied Materials and Interfaces,2024-07-17,10.1021/acsami.4c04558,closed in Unpaywall,404 not found,False,closed,,,,
797,High-quality indium-gallium-zinc oxide films synthesized by atomic layer deposition using a single cocktail precursor based on a liquid-delivery system and their application in transistors and inverters,Journal of Materials Chemistry C,2024-07-08,10.1039/d4tc01843e,closed in Unpaywall,404 not found,False,closed,,,,
800,Characteristics of Ultrathin Indium Oxide Thin-Film Transistors with Diverse Channel Lengths Fabricated by Atomic Layer Deposition,Physica Status Solidi B Basic Research,2024-07-01,10.1002/pssb.202300323,OA PDF download failed,404 not found,True,bronze,https://onlinelibrary.wiley.com/doi/pdfdirect/10.1002/pssb.202300323,failed,,HTTPError('403 Client Error: Forbidden for url: https://onlinelibrary.wiley.com/doi/pdfdirect/10.1002/pssb.202300323')
801,Plasma enhanced atomic layer deposition of silicon nitride using magnetized very high frequency plasma,Nanotechnology,2024-07-01,10.1088/1361-6528/ad3740,OA PDF download failed,404 not found,True,hybrid,https://doi.org/10.1088/1361-6528/ad3740,failed,,no PDF link found on OA page
802,Fabrication and Bulk Resistance Modulation of Ru/Al2O3 Composite Nanofilm by Atomic Layer Deposition,Surface Technology,2024-07-01,10.16490/j.cnki.issn.1001-3660.2024.14.016,DOI not found in Unpaywall,404 not found,,doi_not_found,,,,
803,Conformal Low-Temperature Molecular Layer Deposited Coatings as Interface Modifications to Support Ceramic Protective Films on Macroscopic Flexible Devices,Advanced Engineering Materials,2024-07-01,10.1002/adem.202302257,OA PDF download failed,404 not found,True,hybrid,https://onlinelibrary.wiley.com/doi/pdfdirect/10.1002/adem.202302257,failed,,HTTPError('403 Client Error: Forbidden for url: https://onlinelibrary.wiley.com/doi/pdfdirect/10.1002/adem.202302257')
804,Implementation of sub-100 nm vertical channel-all-around (CAA) thin-film transistor using thermal atomic layer deposited IGZO channel,Journal of Semiconductors,2024-07-01,10.1088/1674-4926/24010032,closed in Unpaywall,404 not found,False,closed,,,,
806,Surface Chemical Reactions During Atomic Layer Deposition of Zinc Oxynitride (ZnON),Electronic Materials Letters,2024-07-01,10.1007/s13391-023-00467-8,closed in Unpaywall,404 not found,False,closed,,,,
807,Monolithic three-dimensional integration of complementary two-dimensional field-effect transistors,Nature Nanotechnology,2024-07-01,10.1038/s41565-024-01705-2,closed in Unpaywall,404 not found,False,closed,,,,
808,Atomic Layer Deposition of CeO2 Film with a Novel Heteroleptic Ce(III) Complex,Molecules,2024-07-01,10.3390/molecules29132987,OA PDF download failed,404 not found,True,gold,https://www.mdpi.com/1420-3049/29/13/2987/pdf?version=1719134622,failed,,HTTPError('403 Client Error: Forbidden for url: https://www.mdpi.com/1420-3049/29/13/2987/pdf?version=1719134622')
809,Investigation of the Filament Properties in the HfO2-Based Structures Using Conductive Atomic Force Microscopy,Technical Physics,2024-07-01,10.1134/S1063784224070181,closed in Unpaywall,404 not found,False,closed,,,,
813,Low-resistivity molybdenum-carbide thin films formed by thermal atomic layer deposition with pressure-assisted decomposition reaction,Journal of Vacuum Science and Technology A Vacuum Surfaces and Films,2024-07-01,10.1116/6.0003664,closed in Unpaywall,404 not found,False,closed,,,,
814,"Thermal Atomic Layer Deposition of Aluminum–Molybdenum Oxide Films Using Trimethylaluminum, Molybdenum Dichloride Dioxide and Water",Russian Journal of Applied Chemistry,2024-07-01,10.1134/S1070427224070024,closed in Unpaywall,404 not found,False,closed,,,,
815,Effect of neural firing pattern on NbOx/Al2O3 memristor-based reservoir computing system,APL Materials,2024-07-01,10.1063/5.0211178,OA PDF download failed,404 not found,True,gold,https://doi.org/10.1063/5.0211178,failed,,HTTPError('403 Client Error: Forbidden for url: https://pubs.aip.org/apm/article/12/7/071121/3304144/Effect-of-neural-firing-pattern-on-NbOx-Al2O3')
819,Low-Temperature Dechlorosilylation Chemistry for Area-Selective Deposition of Ge2Sb2Te5 and Its Mechanism in Nanopatterns,Chemistry of Materials,2024-06-25,10.1021/acs.chemmater.4c00286,closed in Unpaywall,404 not found,False,closed,,,,
822,Effects of Plasma Reactants on Atomic Layer Deposition of Lithium Phosphate and Lithium Phosphorus Oxynitride Electrolyte Films,Chemistry of Materials,2024-06-25,10.1021/acs.chemmater.4c00960,closed in Unpaywall,404 not found,False,closed,,,,
823,Activation of polyimide by oxygen plasma for atomic layer deposition of highly compact titanium oxide coating,Nanotechnology,2024-06-24,10.1088/1361-6528/ad3743,OA PDF download failed,404 not found,True,hybrid,https://iopscience.iop.org/article/10.1088/1361-6528/ad3743/pdf,failed,,no PDF link found on OA page
824,Nucleation Delay in Selective Atomic Layer Deposition: Density Functional Insights Coupled Numerical Nucleation Model,Journal of Physical Chemistry C,2024-06-20,10.1021/acs.jpcc.4c01512,closed in Unpaywall,404 not found,False,closed,,,,
825,Comparative Study of Plasma-Enhanced-Atomic-Layer-Deposited Al2O3/HfO2/SiO2 and HfO2/Al2O3/SiO2 Trilayers for Ultraviolet Laser Applications,ACS Applied Materials and Interfaces,2024-06-19,10.1021/acsami.4c03747,closed in Unpaywall,404 not found,False,closed,,,,
826,A breathable inorganic-organic interface for fabricating a crack-free nickel-rich cathode with long-term stability,Energy and Environmental Science,2024-06-19,10.1039/d4ee01254b,closed in Unpaywall,404 not found,False,closed,,,,
827,Controlled NiOx Defect Engineering to Harnessing Redox Reactions in Perovskite Photovoltaic Cells via Atomic Layer Deposition,ACS Applied Materials and Interfaces,2024-06-19,10.1021/acsami.4c03761,closed in Unpaywall,404 not found,False,closed,,,,
830,Fostering Charge Carrier Transport and Absorber Growth Properties in CZTSSe Thin Films with an ALD-SnO2 Capping Layer,ACS Applied Materials and Interfaces,2024-06-12,10.1021/acsami.4c02432,closed in Unpaywall,404 not found,False,closed,,,,
831,Theoretical Design Strategies for Area-Selective Atomic Layer Deposition†,Chemistry of Materials,2024-06-11,10.1021/acs.chemmater.3c03326,OA PDF download failed,404 not found,True,hybrid,https://pubs.acs.org/doi/pdf/10.1021/acs.chemmater.3c03326,failed,,HTTPError('403 Client Error: Forbidden for url: https://pubs.acs.org/doi/pdf/10.1021/acs.chemmater.3c03326')
832,Unveiling growth mechanisms of PEALD In2O3 thin films with amide-based versus alkyl-based novel indium precursors,Journal of Materials Chemistry C,2024-06-11,10.1039/d4tc00868e,closed in Unpaywall,404 not found,False,closed,,,,
833,Domain Switching Characteristics in Ga-Doped HfO2 Ferroelectric Thin Films with Low Coercive Field,Nano Letters,2024-06-05,10.1021/acs.nanolett.4c00263,closed in Unpaywall,404 not found,False,closed,,,,
839,Exploring the Potential of InCp Precursor in Plasma-Enhanced Atomic Layer Deposition for High-Performance IZO-TFTs,IEEE Transactions on Electron Devices,2024-06-01,10.1109/TED.2024.3383401,closed in Unpaywall,404 not found,False,closed,,,,
840,Study of thermal properties of tetrakis(dimethylamido)zirconium as a precursor for atomic layer deposition processes,Russian Chemical Bulletin,2024-06-01,10.1007/s11172-024-4671-2,closed in Unpaywall,404 not found,False,closed,,,,
841,Surface Modification Induces Oriented Zn(002) Deposition for Highly Stable Zinc Anode,Batteries,2024-06-01,10.3390/batteries10060178,OA PDF download failed,404 not found,True,gold,https://www.mdpi.com/2313-0105/10/6/178/pdf?version=1716541809,failed,,HTTPError('403 Client Error: Forbidden for url: https://www.mdpi.com/2313-0105/10/6/178/pdf?version=1716541809')
846,Large-Size Laser Coatings for ICF Laser Drive Device,Zhongguo Jiguang Chinese Journal of Lasers,2024-06-01,10.3788/CJL231592,DOI not found in Unpaywall,404 not found,,doi_not_found,,,,
848,Funktionale Beschichtung von Batteriepulvern: Entwicklung ultradünner Schichten zur Erhöhung der Lebensdauer von Batterien,Vakuum in Forschung Und Praxis,2024-06-01,10.1002/vipr.202400816,OA PDF download failed,404 not found,True,hybrid,https://onlinelibrary.wiley.com/doi/pdfdirect/10.1002/vipr.202400816,failed,,HTTPError('403 Client Error: Forbidden for url: https://onlinelibrary.wiley.com/doi/pdfdirect/10.1002/vipr.202400816')
849,Atomic Layer Deposition Growth and Characterization of Al2O3 Layers on Cu-Supported CVD Graphene,Coatings,2024-06-01,10.3390/coatings14060662,OA PDF download failed,404 not found,True,gold,https://www.mdpi.com/2079-6412/14/6/662/pdf?version=1716534594,failed,,HTTPError('403 Client Error: Forbidden for url: https://www.mdpi.com/2079-6412/14/6/662/pdf?version=1716534594')
852,High-Speed and Low-Power Ferroelectric HfO2/ZrO2 Superlattice FinFET Memory Device Using AlON Interfacial Layer,IEEE Transactions on Electron Devices,2024-06-01,10.1109/TED.2024.3385388,closed in Unpaywall,404 not found,False,closed,,,,
853,Preparation of palladium-based catalyst by plasma-assisted atomic layer deposition and its applications in CO2 hydrogenation reduction,Plasma Science and Technology,2024-06-01,10.1088/2058-6272/ad1fd9,OA PDF download failed,404 not found,True,hybrid,https://iopscience.iop.org/article/10.1088/2058-6272/ad1fd9/pdf,failed,,no PDF link found on OA page
855,Modulation of Oxygen Content and Ferroelectricity in Sputtered Hafnia-Zirconia by Engineering of Tungsten Oxide Bottom Electrodes,Advanced Electronic Materials,2024-06-01,10.1002/aelm.202300798,OA PDF download failed,404 not found,True,gold,https://onlinelibrary.wiley.com/doi/pdfdirect/10.1002/aelm.202300798,failed,,HTTPError('403 Client Error: Forbidden for url: https://onlinelibrary.wiley.com/doi/pdfdirect/10.1002/aelm.202300798')
857,Facile Fabrication of Large-Area CuO Flakes for Sodium-Ion Energy Storage Applications,Molecules,2024-06-01,10.3390/molecules29112528,OA PDF download failed,404 not found,True,gold,https://www.mdpi.com/1420-3049/29/11/2528/pdf?version=1716869854,failed,,HTTPError('403 Client Error: Forbidden for url: https://www.mdpi.com/1420-3049/29/11/2528/pdf?version=1716869854')
859,Ultrathin Titanium Dioxide Coating Enables High-Rate and Long-Life Lithium Cobalt Oxide,Materials,2024-06-01,10.3390/ma17123036,OA PDF download failed,404 not found,True,gold,https://www.mdpi.com/1996-1944/17/12/3036/pdf?version=1718891077,failed,,HTTPError('403 Client Error: Forbidden for url: https://www.mdpi.com/1996-1944/17/12/3036/pdf?version=1718891077')
861,The Mechanism and the Prevention of Plasma Enhanced Atomic Layer Deposition Induced Polysilicon Damage,Zhenkong Kexue Yu Jishu Xuebao Journal of Vacuum Science and Technology,2024-06-01,10.13922/j.cnki.cjvst.202401024,DOI not found in Unpaywall,404 not found,,doi_not_found,,,,
863,Nanomolecularly-induced Effects at Titania/Organo-Diphosphonate Interfaces for Stable Hybrid Multilayers with Emergent Properties,ACS Applied Nano Materials,2024-05-24,10.1021/acsanm.4c00743,OA PDF download failed,404 not found,True,hybrid,https://pubs.acs.org/doi/pdf/10.1021/acsanm.4c00743,failed,,HTTPError('403 Client Error: Forbidden for url: https://pubs.acs.org/doi/pdf/10.1021/acsanm.4c00743')
864,Crystallization Disruption via Atomic Layer Deposition Substitutional Dopant Scheduling: High-Mobility Amorphous Indium Zinc Tin Oxide,ACS Applied Optical Materials,2024-05-24,10.1021/acsaom.4c00135,closed in Unpaywall,404 not found,False,closed,,,,
865,Growth and characterization of Peald deposited La2O3 on SiO2/Si,International Journal of Modern Physics B,2024-05-20,10.1142/S0217979224400174,closed in Unpaywall,404 not found,False,closed,,,,
867,Controlled 2D growth approach via atomic layer deposition for improved stability and performance in flexible SnO thin-film transistors,Journal of Materials Chemistry C,2024-05-16,10.1039/d4tc01169d,closed in Unpaywall,404 not found,False,closed,,,,
870,Atomic Layer Deposition of WO3-Doped In2O3 for Reliable and Scalable BEOL-Compatible Transistors,Nano Letters,2024-05-15,10.1021/acs.nanolett.4c00746,closed in Unpaywall,404 not found,False,closed,,,,
873,HfO2 Area-Selective Atomic Layer Deposition with a Carbon-Free Inhibition Layer,Chemistry of Materials,2024-05-14,10.1021/acs.chemmater.3c03161,closed in Unpaywall,404 not found,False,closed,,,,
875,"Enhancing control in spatial atomic layer deposition: insights into precursor diffusion, geometric parameters, and CVD mitigation strategies",Nanotechnology,2024-05-13,10.1088/1361-6528/ad28d6,OA PDF download failed,404 not found,True,bronze,https://iopscience.iop.org/article/10.1088/1361-6528/ad28d6/pdf,failed,,no PDF link found on OA page
876,Atomic layer deposition of SnS2 film on a precursor pre-treated substrate,Nanotechnology,2024-05-13,10.1088/1361-6528/ad2573,OA PDF download failed,404 not found,True,bronze,https://iopscience.iop.org/article/10.1088/1361-6528/ad2573/pdf,failed,,no PDF link found on OA page
878,Precursor Induced Assembly of Si Nanoparticles Encapsulated in Graphene/Carbon Matrices and the Influence of Al2O3 Coating on their Properties as Anode for Lithium-Ion Batteries,Small,2024-05-02,10.1002/smll.202307722,closed in Unpaywall,404 not found,False,closed,,,,
879,Catalytic atomic layer deposition of amorphous alumina-silica thin films on carbon microfibers,Journal of Vacuum Science and Technology A Vacuum Surfaces and Films,2024-05-01,10.1116/6.0003422,closed in Unpaywall,404 not found,False,closed,,,,
880,Development on Fabrication Methods of Zirconia-based Electrolyte Thin Films for Solid Oxide Fuel Cells,Kuei Suan Jen Hsueh Pao Journal of the Chinese Ceramic Society,2024-05-01,10.14062/j.issn.0454-5648.20230636,DOI not found in Unpaywall,404 not found,,doi_not_found,,,,
884,Remote inductively coupled plasmas in Ar/N2 mixtures and implications for plasma enhanced ALD,Journal of Vacuum Science and Technology A Vacuum Surfaces and Films,2024-05-01,10.1116/6.0003538,OA PDF download failed,404 not found,True,hybrid,https://pubs.aip.org/avs/jva/article-pdf/doi/10.1116/6.0003538/19877778/033008_1_6.0003538.pdf,failed,,HTTPError('403 Client Error: Forbidden for url: https://pubs.aip.org/avs/jva/article-pdf/doi/10.1116/6.0003538/19877778/033008_1_6.0003538.pdf')
885,"Enhancing Carbon Fiber Fabrics with ALD AlxOy Coatings: An Investigation of Thickness Effects on Weight, Morphology, Coloration, and Thermal Properties",Coatings,2024-05-01,10.3390/coatings14050596,OA PDF download failed,404 not found,True,gold,https://www.mdpi.com/2079-6412/14/5/596/pdf?version=1715324160,failed,,HTTPError('403 Client Error: Forbidden for url: https://www.mdpi.com/2079-6412/14/5/596/pdf?version=1715324160')
886,High-performance of ZnO/TiO2 heterostructured thin-film photocatalyst fabricated via atomic layer deposition,Journal of Vacuum Science and Technology A Vacuum Surfaces and Films,2024-05-01,10.1116/6.0003348,closed in Unpaywall,404 not found,False,closed,,,,
888,Effect of High-Temperature Annealing in Oxygen on the Properties of Hafnium Oxide Films Grown by Atomic Layer Deposition,Inorganic Materials,2024-05-01,10.1134/S0020168524700821,closed in Unpaywall,404 not found,False,closed,,,,
889,Exploring TMA and H2O Flow Rate Effects on Al2O3 Thin Film Deposition by Thermal ALD: Insights from Zero-Dimensional Modeling,Coatings,2024-05-01,10.3390/coatings14050578,OA PDF download failed,404 not found,True,gold,https://www.mdpi.com/2079-6412/14/5/578/pdf?version=1715076318,failed,,HTTPError('403 Client Error: Forbidden for url: https://www.mdpi.com/2079-6412/14/5/578/pdf?version=1715076318')
890,Improved Specific Contact Resistivity in Amorphous IGZO Transistors Using an ALD-Derived Al-Doped ZnO Interlayer,IEEE Electron Device Letters,2024-05-01,10.1109/LED.2024.3381159,closed in Unpaywall,404 not found,False,closed,,,,
892,Properties of low-resistivity molybdenum metal thin film deposited by atomic layer deposition using MoO2Cl2 as precursor,Journal of Vacuum Science and Technology A Vacuum Surfaces and Films,2024-05-01,10.1116/6.0003361,OA PDF download failed,404 not found,True,bronze,https://pubs.aip.org/avs/jva/article-pdf/doi/10.1116/6.0003361/19854769/032405_1_6.0003361.pdf,failed,,HTTPError('403 Client Error: Forbidden for url: https://pubs.aip.org/avs/jva/article-pdf/doi/10.1116/6.0003361/19854769/032405_1_6.0003361.pdf')
895,Atom-Scaled Hafnium Doping for Strengthening the Germanium Oxide Interfacial Layer of The Gate Stack of Germanium P-Type Metal-Oxide-Semiconductor Field Effect Transistor,Ecs Journal of Solid State Science and Technology,2024-05-01,10.1149/2162-8777/ad46f0,OA PDF download failed,404 not found,True,hybrid,https://iopscience.iop.org/article/10.1149/2162-8777/ad46f0/pdf,failed,,no PDF link found on OA page
898,Fabrication of amorphous TiO2 hydrogen channels and graphene wrappers to enhance the hydrogen storage properties of MgH2 with extremely high cycle stability,Journal of Materials Chemistry A,2024-04-26,10.1039/d4ta00722k,closed in Unpaywall,404 not found,False,closed,,,,
899,Mechanistic study of the atomic layer deposition of cobalt: a combined mass spectrometric and computational approach,Physical Chemistry Chemical Physics,2024-04-25,10.1039/d4cp00093e,closed in Unpaywall,404 not found,False,closed,,,,
900,Flexible Li–CO2 Batteries with Boosted Reaction Kinetics and Cyclelife Enabled by Heterostructured Mo3N2@TiN Cathode and Interface-protected Li Anode,Small,2024-04-25,10.1002/smll.202309064,closed in Unpaywall,404 not found,False,closed,,,,
902,Dense and Uniform Integration of Cu-BDC Particles on a Nafion Film for a High-Performance Hydrogen-Producing Device,ACS Applied Energy Materials,2024-04-22,10.1021/acsaem.4c00170,closed in Unpaywall,404 not found,False,closed,,,,
903,Mechatronic Spatial Atomic Layer Deposition for Closed-Loop and Customizable Process Control,Advanced Materials Technologies,2024-04-18,10.1002/admt.202301728,OA PDF download failed,404 not found,True,hybrid,https://onlinelibrary.wiley.com/doi/pdfdirect/10.1002/admt.202301728,failed,,HTTPError('403 Client Error: Forbidden for url: https://onlinelibrary.wiley.com/doi/pdfdirect/10.1002/admt.202301728')
904,Colloidal Atomic Layer Deposition on Nanocrystals Using Ligand-Modified Precursors,Journal of the American Chemical Society,2024-04-17,10.1021/jacs.4c00538,OA PDF download failed,404 not found,True,green,https://infoscience.epfl.ch/handle/20.500.14299/207686,failed,,HTTPError('405 Client Error: Not Allowed for url: https://infoscience.epfl.ch/handle/20.500.14299/207686')
906,Er-Doped MgAl2O4 Nanofilms Enabling Highly Efficient Near-Infrared Electroluminescence from the Silicon-Based MOS Devices Fabricated by Atomic Layer Deposition,Advanced Optical Materials,2024-04-15,10.1002/adom.202302417,closed in Unpaywall,404 not found,False,closed,,,,
908,Ferroelectric capacitors with triple level cell storage capability at low operating voltage by introducing TiN interlayer,Applied Physics Letters,2024-04-15,10.1063/5.0196828,closed in Unpaywall,404 not found,False,closed,,,,
913,Constructing tin oxides Interfacial Layer with Gradient Compositions for Efficient Perovskite/Silicon Tandem Solar Cells with Efficiency Exceeding 28%,Small,2024-04-11,10.1002/smll.202308024,closed in Unpaywall,404 not found,False,closed,,,,
916,Constructing an Al3+/Zn2+-Based Solid Electrolyte Interphase to Enable Extraordinarily Stable Al3+-Based Electrochromic Devices,ACS Applied Materials and Interfaces,2024-04-10,10.1021/acsami.4c00303,closed in Unpaywall,404 not found,False,closed,,,,
917,High-Temperature Atomic Layer Deposition of Rutile TiO2 Films on RuO2 Substrates: Interfacial Reactions and Dielectric Performance,Chemistry of Materials,2024-04-09,10.1021/acs.chemmater.3c03324,closed in Unpaywall,404 not found,False,closed,,,,
918,Tailoring the Brønsted acidity of Ti−OH species by regulating Pt−TiO2 interaction,Chemsuschem,2024-04-08,10.1002/cssc.202301410,closed in Unpaywall,404 not found,False,closed,,,,
920,Study on the Sodium-Doped Titania Interface-Type Memristor,ACS Applied Materials and Interfaces,2024-04-03,10.1021/acsami.3c19531,closed in Unpaywall,404 not found,False,closed,,,,
927,Atomic vs. sub-atomic layer deposition: impact of growth rate on the optical and structural properties of MoS2 and WS2,2d Materials,2024-04-01,10.1088/2053-1583/ad3134,closed in Unpaywall,404 not found,False,closed,,,,
928,Emerging Non-Noble-Metal Atomic Layer Deposited Copper as Seeds for Electroless Copper Deposition,Materials,2024-04-01,10.3390/ma17071620,OA PDF download failed,404 not found,True,gold,https://www.mdpi.com/1996-1944/17/7/1620/pdf?version=1712051221,failed,,HTTPError('403 Client Error: Forbidden for url: https://www.mdpi.com/1996-1944/17/7/1620/pdf?version=1712051221')
929,Room temperature atomic layer deposition of zinc titanium oxide using sequential adsorption of dimethyl zinc and tetrakis(dimethylamino)titanium,Japanese Journal of Applied Physics,2024-04-01,10.35848/1347-4065/ad33f1,OA PDF download failed,404 not found,True,bronze,https://iopscience.iop.org/article/10.35848/1347-4065/ad33f1/pdf,failed,,no PDF link found on OA page
931,Ferroelectricity of Hf0.5Zr0.5O2 Thin Film Induced at 350°C by Thermally Accelerated Nucleation During Atomic Layer Deposition,IEEE Transactions on Electron Devices,2024-04-01,10.1109/TED.2024.3361846,closed in Unpaywall,404 not found,False,closed,,,,
932,A Controllable and Effective Method to Prepare Nano-LnMOFs Film on Silk Fabric and Extend the Temperature-Sensing Range,Fibers and Polymers,2024-04-01,10.1007/s12221-024-00514-7,not_extracted,404 not found,True,green,,,,
934,Reducing the Thermal Effects during Coating of Superconducting Radio-Frequency Cavities: A Case Study for Atomic Layer Deposition of Alumina with a Combined Numerical and Experimental Approach,Chemistry of Materials,2024-03-26,10.1021/acs.chemmater.3c03173,OA PDF download failed,404 not found,True,hybrid,https://pubs.acs.org/doi/pdf/10.1021/acs.chemmater.3c03173,failed,,HTTPError('403 Client Error: Forbidden for url: https://pubs.acs.org/doi/pdf/10.1021/acs.chemmater.3c03173')
935,Organosulfide Inhibitor Instigated Passivation of Multiple Substrates for Area-Selective Atomic Layer Deposition of HfO2,Chemistry of Materials,2024-03-26,10.1021/acs.chemmater.3c02525,closed in Unpaywall,404 not found,False,closed,,,,
936,Conformal High-Aspect-Ratio Solid Electrolyte Thin Films for Li-Ion Batteries by Atomic Layer Deposition,ACS Applied Electronic Materials,2024-03-26,10.1021/acsaelm.3c01565,OA PDF download failed,404 not found,True,hybrid,https://pubs.acs.org/doi/pdf/10.1021/acsaelm.3c01565,failed,,HTTPError('403 Client Error: Forbidden for url: https://pubs.acs.org/doi/pdf/10.1021/acsaelm.3c01565')
937,High-Performance Sulfide All-Solid-State Batteries Enabled by High-Voltage Ni-Rich Cathode with a Conformal and Conductive Protective Layer,ACS Applied Energy Materials,2024-03-25,10.1021/acsaem.4c00127,closed in Unpaywall,404 not found,False,closed,,,,
938,Effect of the number and distribution of Al2O3 atomic layer deposition cycles within HfO2 layer on ferroelectric characteristics,Applied Physics Letters,2024-03-25,10.1063/5.0202549,OA PDF download failed,404 not found,True,bronze,https://pubs.aip.org/aip/apl/article-pdf/doi/10.1063/5.0202549/19845775/132102_1_5.0202549.pdf,failed,,HTTPError('403 Client Error: Forbidden for url: https://pubs.aip.org/aip/apl/article-pdf/doi/10.1063/5.0202549/19845775/132102_1_5.0202549.pdf')
941,Unfolding an Elusive Area-Selective Deposition Process: Atomic Layer Deposition of TiO2 and TiON on SiN vs SiO2,ACS Applied Materials and Interfaces,2024-03-20,10.1021/acsami.3c17917,closed in Unpaywall,404 not found,False,closed,,,,
942,Reinforcing self-assembly of hole transport molecules for stable inverted perovskite solar cells,Science,2024-03-15,10.1126/science.adj9602,closed in Unpaywall,404 not found,False,closed,,,,
943,Reducing contact resistance of MoS2-based field effect transistors through uniform interlayer insertion via atomic layer deposition,Journal of Chemical Physics,2024-03-14,10.1063/5.0196668,closed in Unpaywall,404 not found,False,closed,,,,
944,Advanced TiO2/Al2O3 Bilayer ALD Coatings for Improved Lithium-Rich Layered Oxide Electrodes,ACS Applied Materials and Interfaces,2024-03-13,10.1021/acsami.3c16948,OA PDF download failed,404 not found,True,hybrid,https://pubs.acs.org/doi/pdf/10.1021/acsami.3c16948,failed,,HTTPError('403 Client Error: Forbidden for url: https://pubs.acs.org/doi/pdf/10.1021/acsami.3c16948')
945,Atomic Layer Deposition of ScF3 and ScxAlyFz Thin Films,ACS Omega,2024-03-12,10.1021/acsomega.3c09147,OA PDF download failed,404 not found,True,gold,https://pubs.acs.org/doi/pdf/10.1021/acsomega.3c09147,failed,,HTTPError('403 Client Error: Forbidden for url: https://pubs.acs.org/doi/pdf/10.1021/acsomega.3c09147')
946,Review of Material Properties of Oxide Semiconductor Thin Films Grown by Atomic Layer Deposition for Next-Generation 3D Dynamic Random-Access Memory Devices,Chemistry of Materials,2024-03-12,10.1021/acs.chemmater.3c02223,closed in Unpaywall,404 not found,False,closed,,,,
947,Aluminum-Decorated MIL-100(Fe) Nanozyme for the Detection of Glutathione,ACS Applied Nano Materials,2024-03-08,10.1021/acsanm.3c05262,closed in Unpaywall,404 not found,False,closed,,,,
948,Gas Sensing and Electrochemical Properties of CNT/WS2 Core-shell Nanostructures,ACS Applied Nano Materials,2024-03-08,10.1021/acsanm.3c05751,closed in Unpaywall,404 not found,False,closed,,,,
949,Atomic Layer Deposition of Transition-Metal Dichalcogenides,Crystal Growth and Design,2024-03-06,10.1021/acs.cgd.3c01044,closed in Unpaywall,404 not found,False,closed,,,,
950,Atomic layer deposition niobium oxide and lithium niobium oxide as a protection technique for anode-free batteries,Battery Energy,2024-03-01,10.1002/bte2.20230051,OA PDF download failed,404 not found,True,gold,https://onlinelibrary.wiley.com/doi/pdfdirect/10.1002/bte2.20230051,failed,,HTTPError('403 Client Error: Forbidden for url: https://onlinelibrary.wiley.com/doi/pdfdirect/10.1002/bte2.20230051')
953,Study of Mid-Pressure Ar Radiofrequency Plasma Used in Plasma-Enhanced Atomic Layer Deposition of α-Al2O3,Processes,2024-03-01,10.3390/pr12030612,OA PDF download failed,404 not found,True,gold,https://www.mdpi.com/2227-9717/12/3/612/pdf?version=1710910677,failed,,HTTPError('403 Client Error: Forbidden for url: https://www.mdpi.com/2227-9717/12/3/612/pdf?version=1710910677')
956,Atomic layer deposition of ZnO thin films using a liquid cyclopentadienyl-based precursor,Journal of Vacuum Science and Technology A Vacuum Surfaces and Films,2024-03-01,10.1116/6.0003178,closed in Unpaywall,404 not found,False,closed,,,,
957,Dual-single-atoms of Pt–Co boost sulfur redox kinetics for ultrafast Li–S batteries,Carbon Energy,2024-03-01,10.1002/cey2.422,OA PDF download failed,404 not found,True,gold,https://onlinelibrary.wiley.com/doi/pdfdirect/10.1002/cey2.422,failed,,HTTPError('403 Client Error: Forbidden for url: https://onlinelibrary.wiley.com/doi/pdfdirect/10.1002/cey2.422')
959,Top-Down Electrochemical Synthesis of Nanoporous Metal Nanosheets from Nonlayered Alloy Precursors,Advanced Engineering Materials,2024-03-01,10.1002/adem.202301538,closed in Unpaywall,404 not found,False,closed,,,,
961,Hydrogen Plasma-Assisted Atomic Layer Deposition of Ru with Low Oxygen Content,Korean Journal of Chemical Engineering,2024-03-01,10.1007/s11814-024-00035-2,closed in Unpaywall,404 not found,False,closed,,,,
962,Formation of oxygen vacancy at surfaces of ZnO by trimethylaluminum,APL Materials,2024-03-01,10.1063/5.0198197,OA PDF download failed,404 not found,True,gold,https://pubs.aip.org/aip/apm/article-pdf/doi/10.1063/5.0198197/19727852/031115_1_5.0198197.pdf,failed,,HTTPError('403 Client Error: Forbidden for url: https://pubs.aip.org/aip/apm/article-pdf/doi/10.1063/5.0198197/19727852/031115_1_5.0198197.pdf')
964,Effect of Yttrium Treatment on Germanium-Oxide-Based Interfacial Layer of Ge P-Channel Metal-Oxide-Semiconductor Field-Effect Transistor Fabricated Through in Situ Plasma-Enhanced Atomic Layer Deposition,IEEE Transactions on Electron Devices,2024-03-01,10.1109/TED.2024.3349998,closed in Unpaywall,404 not found,False,closed,,,,
965,Device Feasibility of 60-nm-Scaled Vertical-Channel Memory Transistors Using InGaZnO Channel and ZnO Charge-Trap Layers,IEEE Transactions on Electron Devices,2024-03-01,10.1109/TED.2024.3350562,closed in Unpaywall,404 not found,False,closed,,,,
968,"High enhancement, low cost, large area surface enhanced Raman scattering substrates all by atomic layer deposition on porous filter paper",Journal of Vacuum Science and Technology A Vacuum Surfaces and Films,2024-03-01,10.1116/6.0003352,closed in Unpaywall,404 not found,False,closed,,,,
969,Crystallinity-Controlled Atomic Layer Deposition of Ti-Doped ZrO2 Thin Films,Ecs Advances,2024-03-01,10.1149/2754-2734/ad1a75,OA PDF download failed,404 not found,True,gold,https://iopscience.iop.org/article/10.1149/2754-2734/ad1a75/pdf,failed,,no PDF link found on OA page
970,Enhancement of Conformality of Silicon Nitride Thin Films by ABC-Type Atomic Layer Deposition,Advanced Electronic Materials,2024-03-01,10.1002/aelm.202300722,OA PDF download failed,404 not found,True,gold,https://onlinelibrary.wiley.com/doi/pdfdirect/10.1002/aelm.202300722,failed,,HTTPError('403 Client Error: Forbidden for url: https://onlinelibrary.wiley.com/doi/pdfdirect/10.1002/aelm.202300722')
971,A stable undoped low-voltage memristor cell based on Titania (TiOx),Nano Express,2024-03-01,10.1088/2632-959X/ad1413,OA PDF download failed,404 not found,True,gold,https://iopscience.iop.org/article/10.1088/2632-959X/ad1413/pdf,failed,,no PDF link found on OA page
973,"Thermal atomic layer deposition of aluminum oxide, nitride, and oxynitride: A mechanistic investigation",Aip Advances,2024-03-01,10.1063/5.0190183,OA PDF download failed,404 not found,True,gold,https://pubs.aip.org/aip/adv/article-pdf/doi/10.1063/5.0190183/19797879/035133_1_5.0190183.pdf,failed,,HTTPError('403 Client Error: Forbidden for url: https://pubs.aip.org/aip/adv/article-pdf/doi/10.1063/5.0190183/19797879/035133_1_5.0190183.pdf')
974,An ultrathin and crack-free metal-organic framework film for effective polysulfide inhibition in lithium–sulfur batteries,Interdisciplinary Materials,2024-03-01,10.1002/idm2.12143,OA PDF download failed,404 not found,True,gold,https://onlinelibrary.wiley.com/doi/pdfdirect/10.1002/idm2.12143,failed,,HTTPError('403 Client Error: Forbidden for url: https://onlinelibrary.wiley.com/doi/pdfdirect/10.1002/idm2.12143')
978,High-Reliability and Self-Rectifying Alkali Ion Memristor through Bottom Electrode Design and Dopant Incorporation,ACS Nano,2024-02-27,10.1021/acsnano.3c11325,OA PDF download failed,404 not found,True,hybrid,https://pubs.acs.org/doi/pdf/10.1021/acsnano.3c11325,failed,,HTTPError('403 Client Error: Forbidden for url: https://pubs.acs.org/doi/pdf/10.1021/acsnano.3c11325')
979,Effect of different oxygen precursors on alumina deposited using a spatial atomic layer deposition system for thin-film encapsulation of perovskite solar cells,Nanotechnology,2024-02-26,10.1088/1361-6528/ad1059,OA PDF download failed,404 not found,True,hybrid,https://iopscience.iop.org/article/10.1088/1361-6528/ad1059/pdf,failed,,no PDF link found on OA page
980,Graded-Band-Gap Zinc−Tin Oxide Thin-Film Transistors with a Vertically Stacked Structure for Wavelength-Selective Photodetection,ACS Applied Materials and Interfaces,2024-02-21,10.1021/acsami.3c18737,closed in Unpaywall,404 not found,False,closed,,,,
981,Plasma-Enhanced Atomic Layer Deposition of Amorphous Tantalum Thin Films for Copper Interconnects Using an Organometallic Precursor,Advanced Materials Technologies,2024-02-19,10.1002/admt.202301541,OA PDF download failed,404 not found,True,bronze,https://onlinelibrary.wiley.com/doi/pdfdirect/10.1002/admt.202301541,failed,,HTTPError('403 Client Error: Forbidden for url: https://onlinelibrary.wiley.com/doi/pdfdirect/10.1002/admt.202301541')
991,Building Semipermeable Films One Monomer at a Time: Structural Advantages via Molecular Layer Deposition vs Interfacial Polymerization,Chemistry of Materials,2024-02-13,10.1021/acs.chemmater.3c02519,OA PDF download failed,404 not found,True,hybrid,https://doi.org/10.1021/acs.chemmater.3c02519,failed,,HTTPError('403 Client Error: Forbidden for url: https://pubs.acs.org/doi/10.1021/acs.chemmater.3c02519')
992,"Where Atomically Precise Catalysts, Optoelectronic Devices, and Quantum Information Technology Intersect: Atomic Layer Deposition†",Chemistry of Materials,2024-02-13,10.1021/acs.chemmater.3c00589,closed in Unpaywall,404 not found,False,closed,,,,
993,Suppressing substrate oxidation during plasma-enhanced atomic layer deposition on semiconductor surfaces,Applied Physics Letters,2024-02-12,10.1063/5.0182200,OA PDF download failed,404 not found,True,hybrid,https://pubs.aip.org/aip/apl/article-pdf/doi/10.1063/5.0182200/19638411/071601_1_5.0182200.pdf,failed,,HTTPError('403 Client Error: Forbidden for url: https://pubs.aip.org/aip/apl/article-pdf/doi/10.1063/5.0182200/19638411/071601_1_5.0182200.pdf')
994,Controllable interface-tailored strategy to reduce the nanotribological properties of Ti3C2Tx by depositing MoS2 using atomic layer deposition,Nanotechnology,2024-02-12,10.1088/1361-6528/ad0d23,OA PDF download failed,404 not found,True,hybrid,https://doi.org/10.1088/1361-6528/ad0d23,failed,,no PDF link found on OA page
995,Towards understanding the first half-ALD cycle of Ag growth: adsorption and dissociation of silver(i) acetamidinates on the Ag(110) surface,Physical Chemistry Chemical Physics,2024-02-08,10.1039/d3cp05448a,closed in Unpaywall,404 not found,False,closed,,,,
1003,Recent progress in regulating of zeolite-based catalysts by atomic layer deposition technology,Ranliao Huaxue Xuebao Journal of Fuel Chemistry and Technology,2024-02-01,10.19906/j.cnki.JFCT.2023056,DOI not found in Unpaywall,404 not found,,doi_not_found,,,,
1006,High-energy all-solid-state lithium batteries enabled by Co-free LiNiO2 cathodes with robust outside-in structures,Nature Nanotechnology,2024-02-01,10.1038/s41565-023-01519-8,closed in Unpaywall,404 not found,False,closed,,,,
1007,Antiferroelectric Hf0.25Zr0.75O2With Ferroelectric Properties and Low Voltage Operation of AFeRAM and AFeFET by Using Low-Temperature Atomic Layer Deposition,IEEE Transactions on Electron Devices,2024-02-01,10.1109/TED.2023.3347370,closed in Unpaywall,404 not found,False,closed,,,,
1008,c-Axis Aligned 3 nm Thick In2O3 Crystal Using New Liquid DBADMIn Precursor for Highly Scaled FET Beyond the Mobility-Stability Trade-off,Nano Letters,2024-01-31,10.1021/acs.nanolett.3c04312,closed in Unpaywall,404 not found,False,closed,,,,
1009,Reactive Vapor-Phase Inhibitors for Area-Selective Depositions at Tunable Critical Dimensions,ACS Applied Materials and Interfaces,2024-01-31,10.1021/acsami.3c14821,closed in Unpaywall,404 not found,False,closed,,,,
1012,Reactive Force Field Molecular Dynamics Studies of the Initial Growth of Boron Nitride Using BCl3 and NH3 by Atomic Layer Deposition,Journal of Physical Chemistry C,2024-01-25,10.1021/acs.jpcc.3c06704,closed in Unpaywall,404 not found,False,closed,,,,
1014,Coherent X-ray Spectroscopy Elucidates Nanoscale Dynamics of Plasma-Enhanced Thin-Film Growth,ACS Nano,2024-01-23,10.1021/acsnano.3c07619,OA PDF download failed,404 not found,True,hybrid,https://pubs.acs.org/doi/pdf/10.1021/acsnano.3c07619,failed,,HTTPError('403 Client Error: Forbidden for url: https://pubs.acs.org/doi/pdf/10.1021/acsnano.3c07619')
1015,Plasma-Enhanced Atomic Layer Deposition of Titanium Oxynitride (TiOxNy) Thin Films and Their Neuromorphic Applications,ACS Applied Electronic Materials,2024-01-23,10.1021/ACSAELM.3C01343,closed in Unpaywall,404 not found,False,closed,,,,
1016,Atomic-scale stress modulation of nanolaminate for micro-LED encapsulation,Nanoscale,2024-01-22,10.1039/d3nr06169h,closed in Unpaywall,404 not found,False,closed,,,,
1017,Atomic Layer Deposition of HfS2 on Functionalized Self-Assembled Monolayers on Ordered Oxide Surfaces: A Model Study under UHV Conditions,Journal of Physical Chemistry C,2024-01-18,10.1021/acs.jpcc.3c06772,closed in Unpaywall,404 not found,False,closed,,,,
1018,Prolonging the Cycle Stability of Anion Redox P3-Type Na0.6Li0.2Mn0.8O2 through Al2O3 Atomic Layer Deposition Surface Modification,ACS Applied Materials and Interfaces,2024-01-17,10.1021/acsami.3c15720,closed in Unpaywall,404 not found,False,closed,,,,
1022,Role of a cyclopentadienyl ligand in a heteroleptic alkoxide precursor in atomic layer deposition,Journal of Chemical Physics,2024-01-14,10.1063/5.0182690,closed in Unpaywall,404 not found,False,closed,,,,
1024,Enhanced Growth in Atomic Layer Deposition of Ruthenium Metal: The Role of Surface Diffusion and Nucleation Sites,Chemistry of Materials,2024-01-09,10.1021/acs.chemmater.3c02663,closed in Unpaywall,404 not found,False,closed,,,,
1025,Amidoxime-Containing Zr and Hf Atomic Layer Deposition Precursors for Metal Oxide Thin Films,Inorganic Chemistry,2024-01-08,10.1021/acs.inorgchem.3c03455,closed in Unpaywall,404 not found,False,closed,,,,
1028,"Reactant-Dependent, 108× Conductivity Modulation in Plasma-Enhanced Atomic Layer Deposition for Black TiO2 Films",Chemistry of Materials,2024-01-01,10.1021/acs.chemmater.4c00667,closed in Unpaywall,404 not found,False,closed,,,,
1029,Ultra Low-k Properties of Atomic Layer Deposited Amorphous Boron Nitride for Futuristic Inter Metal Dielectric,2024 IEEE International Interconnect Technology Conference Iitc 2024,2024-01-01,10.1109/IITC61274.2024.10732073,closed in Unpaywall,404 not found,False,closed,,,,
1030,Optimized MFS Stack With N-Doped TiO2 Channel and La-Doped HfO2 Ferroelectric Layer for Highly Stable FeFETs,IEEE Electron Device Letters,2024-01-01,10.1109/LED.2024.3458999,closed in Unpaywall,404 not found,False,closed,,,,
1031,Area-Selective Atomic Layer Deposition of Ruthenium via Reduction of Interfacial Oxidation,Chemistry of Materials,2024-01-01,10.1021/acs.chemmater.4c01133,closed in Unpaywall,404 not found,False,closed,,,,
1032,Aluminum Capping-Induced Enhancement of Electrical Performance and Stability in Zinc Tin Oxide Thin-Film Transistors via a Low-Resistance Electron Pathway,IEEE Transactions on Electron Devices,2024-01-01,10.1109/TED.2024.3469162,closed in Unpaywall,404 not found,False,closed,,,,
1033,SnO2 thin film deposition using atomic layer deposition technique: Properties and applications,Comprehensive Materials Processing Volume 1 13 Second Edition,2024-01-01,10.1016/B978-0-323-96020-5.00063-7,closed in Unpaywall,400 bad request: INVALID_INPUT - View parameter specified in request is not valid,False,closed,,,,
1034,What You Need to Know for Growth of AlScN Thin Film via Atomic Layer Deposition?,2024 IEEE International Conference on IC Design and Technology ICICDT 2024,2024-01-01,10.1109/ICICDT63592.2024.10717857,closed in Unpaywall,404 not found,False,closed,,,,
1036,"Effects of deposition of an ultra-thin Al2O3 layer via atomic layer deposition on electrochromic property, self-discharge, and discharge capacity of photo-electrochromic devices",Journal of Ceramic Processing Research,2024-01-01,10.36410/jcpr.2024.25.1.34,DOI not found in Unpaywall,404 not found,,doi_not_found,,,,
1037,Achieving 1-nm-Scale Equivalent Oxide Thickness Top Gate Dielectric on Monolayer Transition Metal Dichalcogenide Transistors with CMOS-Friendly Approaches,Digest of Technical Papers Symposium on VLSI Technology,2024-01-01,10.1109/VLSITechnologyandCir46783.2024.10631360,closed in Unpaywall,404 not found,False,closed,,,,
1038,Full Wafer Combinatorial Deposition With In-Situ XPS/UPS Characterizations,2024 Conference of Science and Technology for Integrated Circuits Cstic 2024,2024-01-01,10.1109/CSTIC61820.2024.10531891,closed in Unpaywall,404 not found,False,closed,,,,
1040,Film growth and epitaxy methods,Encyclopedia of Condensed Matter Physics,2024-01-01,10.1016/B978-0-323-90800-9.00210-9,closed in Unpaywall,400 bad request: INVALID_INPUT - View parameter specified in request is not valid,False,closed,,,,
1041,A Brief Review on Commonly Used Metal ALD Precursors for Semiconductor from A Structural Chemistry Perspective,2024 Conference of Science and Technology for Integrated Circuits Cstic 2024,2024-01-01,10.1109/CSTIC61820.2024.10531857,closed in Unpaywall,404 not found,False,closed,,,,
1043,Highly-Scaled BEOL E-mode Transistor and Discrete-Domain Ferroelectric Memory Platform Enabled by PEALD In2O3,Technical Digest International Electron Devices Meeting Iedm,2024-01-01,10.1109/IEDM50854.2024.10873392,closed in Unpaywall,404 not found,False,closed,,,,
1045,The effect of TiO2 film on the surface roughness and optical properties of Mo/Si periodic films by atomic layer deposition,Proceedings of SPIE the International Society for Optical Engineering,2024-01-01,10.1117/12.3032256,closed in Unpaywall,404 not found,False,closed,,,,
1046,Machine learning-based exploration of molecular design descriptors for area-selective atomic layer deposition (AS-ALD) precursors,Journal of Molecular Modeling,2024-01-01,10.1007/s00894-023-05806-y,closed in Unpaywall,404 not found,False,closed,,,,
1047,Tailoring SS of a-IGZO TFT through Defect Formation Mechanism during PEALD Deposition Sequences,Digest of Technical Papers SID International Symposium,2024-01-01,10.1002/sdtp.17937,closed in Unpaywall,404 not found,False,closed,,,,
1048,Hafnium Chloride Pulse Time Reduction on Atomic Layer Deposited High-K HfO2 Dielectric Films,Asmc Advanced Semiconductor Manufacturing Conference Proceedings,2024-01-01,10.1109/ASMC61125.2024.10545469,closed in Unpaywall,404 not found,False,closed,,,,
1050,Hollow-cathode plasma deposited vanadium oxide films: Metal precursor influence on growth and material properties,Journal of Vacuum Science and Technology A Vacuum Surfaces and Films,2024-01-01,10.1116/6.0002988,closed in Unpaywall,404 not found,False,closed,,,,
1052,SPATIAL ATOMIC LAYER DEPOSITION: REDUCED ORDER MODEL TOWARDS IN-LINE PROCESS CONTROL,Proceedings of ASME 2024 19th International Manufacturing Science and Engineering Conference Msec 2024,2024-01-01,10.1115/MSEC2024-124112,closed in Unpaywall,404 not found,False,closed,,,,
1053,ATOMIC LAYER DEPOSITION OF NICKEL USING NI(DMAMB)2 ON THE TOP OF ZNO ADHESION LAYER WITHOUT PLASMA,ASME International Mechanical Engineering Congress and Exposition Proceedings Imece,2024-01-01,,missing DOI,,,,,,,
1054,"Development of ALD precursors for low resistivity Zr, Hf, and Nb nitride films",Proceedings of SPIE the International Society for Optical Engineering,2024-01-01,10.1117/12.3010175,closed in Unpaywall,404 not found,False,closed,,,,
1055,A Novel Kinetic Framework Based Multiscale Modeling of Spatial Atomic Layer Deposition Process,Proceedings of SPIE the International Society for Optical Engineering,2024-01-01,10.1117/12.3010331,closed in Unpaywall,404 not found,False,closed,,,,
1056,Characterization of MoO3 and TixMoyOz Thin Films Prepared by Atomic Layer Deposition,Russian Journal of Inorganic Chemistry,2024-01-01,10.1134/S003602362360274X,closed in Unpaywall,404 not found,False,closed,,,,
1057,Enhanced Responsivity of Solar Blind Ultraviolet Photodetector by PEALD Deposited Zn-Doped Ga2O3Thin Films,IEEE Transactions on Electron Devices,2024-01-01,10.1109/TED.2023.3336853,closed in Unpaywall,404 not found,False,closed,,,,
1058,Performance Optimization for Ferroelectric HfZrOxon a Ge Substrate by Modifying the Deposition Temperature,IEEE Transactions on Nanotechnology,2024-01-01,10.1109/TNANO.2023.3338616,closed in Unpaywall,404 not found,False,closed,,,,
1059,Characterization of program and erase speed of memory capacitors with nanolaminated HfO2/Al2O3stacks for application in non-volatile memories,Journal of Physics Conference Series,2024-01-01,10.1088/1742-6596/2710/1/012027,OA PDF download failed,404 not found,True,gold,https://doi.org/10.1088/1742-6596/2710/1/012027,failed,,no PDF link found on OA page
1060,Memcapacitor with High Switching Ratio and Tunable Synaptic Plasticity,2024 IEEE International Conference on IC Design and Technology ICICDT 2024,2024-01-01,10.1109/ICICDT63592.2024.10717739,closed in Unpaywall,404 not found,False,closed,,,,
1061,"Atomic layer deposition of Pt nanoparticles using dimethyl (N, N -dimethyl-3-butene-1-amine- N) platinum and H2 reactant and its application to 2D WS2 photodetectors",Journal of Vacuum Science and Technology A Vacuum Surfaces and Films,2024-01-01,10.1116/6.0003194,closed in Unpaywall,404 not found,False,closed,,,,
1062,Noble Metal Nanoparticles Functionalized 2D Transition Metal Dichalcogenides by Atomic Layer Deposition for Enhanced Sensing Properties Toward Amino Acids,Proceedings of the International Conference on Sensing Technology Icst,2024-01-01,10.1109/ICST62759.2024.10992029,closed in Unpaywall,404 not found,False,closed,,,,
1063,Halogen Free Low Temperature ALD Mo-based Films for Interconnects Applications,2024 IEEE International Interconnect Technology Conference Iitc 2024,2024-01-01,10.1109/IITC61274.2024.10732092,closed in Unpaywall,404 not found,False,closed,,,,
1067,Enhanced Dielectric Performance of HfO2 Thin Films Via Novel Atomic Layer Deposition Conversion at Production Speed and Efficiency,Cs Mantech 2024 2024 International Conference on Compound Semiconductor Manufacturing Technology,2024-01-01,,missing DOI,,,,,,,
1068,Preparation of X-Ray Multilayers Based on Atomic Layer Deposition,Guangxue Xuebao Acta Optica Sinica,2024-01-01,10.3788/AOS231331,OA PDF download failed,404 not found,True,bronze,https://www.opticsjournal.net/Articles/GetArticlePDF/OJ7cacd50bcf5c6e66,failed,,no PDF link found on OA page
1070,Study of ALD Grown Multilayers Exhibiting Vacancy Induced Conductivity for Electron Emitters,2024 37th International Vacuum Nanoelectronics Conference Ivnc 2024,2024-01-01,10.1109/IVNC63480.2024.10652514,closed in Unpaywall,404 not found,False,closed,,,,
1071,BEOL-Compatible Ferroelectric Capacitor with Excellent Endurance and Retention by Improving Interface Quality,2024 International VLSI Symposium on Technology Systems and Applications VLSI Tsa 2024 Proceedings,2024-01-01,10.1109/VLSITSA60681.2024.10546363,closed in Unpaywall,404 not found,False,closed,,,,
1072,Development of Flexible Electronics Packaging Technology,Flexible Electronic Packaging and Encapsulation Technology,2024-01-01,10.1002/9783527845729.ch6,OA PDF download failed,404 not found,True,gold,https://onlinelibrary.wiley.com/doi/pdfdirect/10.1002/9783527845729.ch6,failed,,HTTPError('403 Client Error: Forbidden for url: https://onlinelibrary.wiley.com/doi/pdfdirect/10.1002/9783527845729.ch6')
1073,Investigation of the Chemical Durability and Thermal Impact on Functional Coated Surfaces,Heat Transfer Engineering,2024-01-01,10.1080/01457632.2023.2249731,closed in Unpaywall,404 not found,False,closed,,,,
1074,Weight-Update Characteristics Dependent on Carrier Densities of Hf-ZnO Charge-Trap Layers in Sub-Threshold Synaptic Transistors,IEEE Access,2024-01-01,10.1109/ACCESS.2024.3505925,OA PDF download failed,404 not found,True,gold,https://doi.org/10.1109/access.2024.3505925,failed,,no PDF link found on OA page
1075,Surface Functionalization and Atomic Layer Deposition of Metal Oxides on MoS2 Surfaces,Proceedings of SPIE the International Society for Optical Engineering,2024-01-01,10.1117/12.3028875,closed in Unpaywall,404 not found,False,closed,,,,
1076,BEOL-Compatible Ferroelectric Capacitor of 5 nm Ultrathin HZO with High Remanent Polarization and Excellent Endurance,IEEE Transactions on Nanotechnology,2024-01-01,10.1109/TNANO.2024.3407817,closed in Unpaywall,404 not found,False,closed,,,,
1077,Improved Stability of BEOL-Compatible Highly Scaled Ultrathin InZnO Channel Ferroelectric Thin-Film Transistor with TiO Interfacial Layer,IEEE Transactions on Electron Devices,2024-01-01,10.1109/TED.2024.3433835,closed in Unpaywall,404 not found,False,closed,,,,
1078,Conformal coating of macroscopic nanoparticle compacts with ZnO via atomic layer deposition,Journal of Vacuum Science and Technology A Vacuum Surfaces and Films,2024-01-01,10.1116/6.0003182,OA PDF download failed,404 not found,True,hybrid,https://pubs.aip.org/avs/jva/article-pdf/doi/10.1116/6.0003182/18279960/012402_1_6.0003182.pdf,failed,,HTTPError('403 Client Error: Forbidden for url: https://pubs.aip.org/avs/jva/article-pdf/doi/10.1116/6.0003182/18279960/012402_1_6.0003182.pdf')
1080,Atomic layer deposition (ALD) of palladium: from processes to applications,Critical Reviews in Solid State and Materials Sciences,2024-01-01,10.1080/10408436.2023.2273463,closed in Unpaywall,404 not found,False,closed,,,,
1081,Effect of Metal Oxide Deposition on the Sensitivity and Resolution of E-Beam Photoresist,ACS Applied Materials and Interfaces,2024-01-01,10.1021/acsami.4c08591,closed in Unpaywall,404 not found,False,closed,,,,
1082,Influence of ALD pulse times and deposition temperature on electrical properties and reliability of MIM decoupling capacitors based on Al-doped ZrO2 high-κ dielectric in BEoL conditions,IEEE Electron Devices Technology and Manufacturing Conference Strengthening the Globalization in Semiconductors Edtm 2024,2024-01-01,10.1109/EDTM58488.2024.10512192,closed in Unpaywall,404 not found,False,closed,,,,
1083,Post-treatment of plasma enhanced atomic layer deposited MoS2 via ultra short pulse laser to increase the crystallinity,Proceedings of SPIE the International Society for Optical Engineering,2024-01-01,10.1117/12.3016372,closed in Unpaywall,404 not found,False,closed,,,,
1084,Engineering Ferroelectric HZO with n+-Si/Ge Substrates Achieving High 2Pr=84 μc/cm2and Endurance >1E11,IEEE Access,2024-01-01,10.1109/ACCESS.2024.3402120,OA PDF download failed,404 not found,True,gold,https://doi.org/10.1109/access.2024.3402120,failed,,no PDF link found on OA page
1085,Advances in plasma-based atomic layer processing of AlF3 for the passivation of broadband Aluminum mirrors,Proceedings of SPIE the International Society for Optical Engineering,2024-01-01,10.1117/12.3021426,closed in Unpaywall,404 not found,False,closed,,,,
1086,"HAO + Al2O3 FeFET Gate-Stack for Overall Improvement in Operating Voltage, Endurance, and Retention",IEEE Transactions on Electron Devices,2024-01-01,10.1109/TED.2024.3453228,closed in Unpaywall,404 not found,False,closed,,,,
1088,Exploring the Bifunctionality of YSZ Thin Films in MOS Structures: Bridging the Gap between RRAM and Super-Pseudocapacitor Technologies,ACS Applied Electronic Materials,2024-01-01,10.1021/acsaelm.3c01447,closed in Unpaywall,404 not found,False,closed,,,,
1090,Oxidizer Engineering of ALD for Efficient Production of ZrO2 Capacitors in DRAM,IEEE Electron Device Letters,2024-01-01,10.1109/LED.2024.3455338,closed in Unpaywall,404 not found,False,closed,,,,
1091,Atomic layer deposition of materials,Encyclopedia of Condensed Matter Physics,2024-01-01,10.1016/B978-0-323-90800-9.00206-7,closed in Unpaywall,400 bad request: INVALID_INPUT - View parameter specified in request is not valid,False,closed,,,,
1092,Low-temperature atomic layer deposition as an advanced fabrication technique of semiconductor polymer materials,Semiconducting Polymer Materials for Biosensing Applications,2024-01-01,10.1016/B978-0-323-95105-0.00010-3,OA PDF download failed,400 bad request: INVALID_INPUT - View parameter specified in request is not valid,True,green,http://doi.org/10.1016/B978-0-323-95105-0.00010-3,failed,,no PDF link found on OA page
1094,Machine Learning Modeling and Run-to-Run Control of an Area-Selective Atomic Layer Deposition Spatial Reactor,Coatings,2024-01-01,10.3390/coatings14010038,OA PDF download failed,404 not found,True,gold,https://www.mdpi.com/2079-6412/14/1/38/pdf?version=1703685870,failed,,HTTPError('403 Client Error: Forbidden for url: https://www.mdpi.com/2079-6412/14/1/38/pdf?version=1703685870')
1096,Highly Robust All-Oxide Transistors Toward Vertical Logic and Memory,IEEE Transactions on Electron Devices,2024-01-01,10.1109/TED.2024.3495632,closed in Unpaywall,404 not found,False,closed,,,,
1098,Fabrication and Electrical Characterization of Mo/HfxZrl-xO2/Mo Ferroelectric Capacitors,2024 IEEE 17th International Conference on Solid State and Integrated Circuit Technology Icsict 2024,2024-01-01,10.1109/ICSICT62049.2024.10830941,closed in Unpaywall,404 not found,False,closed,,,,
1102,Growth of Atomic layer-deposited Monoclinic Molybdenum Dioxide Films Stabilized by Tin Oxide Doping for DRAM Capacitor Electrode Applications,ACS Applied Materials and Interfaces,2024-01-01,10.1021/acsami.4c03158,closed in Unpaywall,404 not found,False,closed,,,,
1103,Demonstration of Wake-Up Free 6 nm Ultrathin ZrO-HfO Superlattice Ferroelectric Capacitors with High Endurance Against Fatigue,IEEE Electron Device Letters,2024-01-01,10.1109/LED.2024.3410378,closed in Unpaywall,404 not found,False,closed,,,,
1104,Ultrafast-Speed MoS/CuO Photodetector Based on Strongly Coupled Heterojunction,IEEE Electron Device Letters,2024-01-01,10.1109/LED.2024.3435842,closed in Unpaywall,404 not found,False,closed,,,,
1105,Nanoengineering of Thin Film V2O5 Cathode Interfaces via Atomic Layer Deposition for use with Polymer Gel Ionic Liquid Electrolytes,Batteries and Supercaps,2024-01-01,10.1002/batt.202300447,OA PDF download failed,404 not found,True,hybrid,https://onlinelibrary.wiley.com/doi/pdfdirect/10.1002/batt.202300447,failed,,HTTPError('403 Client Error: Forbidden for url: https://onlinelibrary.wiley.com/doi/pdfdirect/10.1002/batt.202300447')
1106,Studies on Selective Deposition of SiO2by Rapid Atomic Layer Deposition,2024 IEEE 17th International Conference on Solid State and Integrated Circuit Technology Icsict 2024,2024-01-01,10.1109/ICSICT62049.2024.10831080,closed in Unpaywall,404 not found,False,closed,,,,
1107,Atomic Layer Deposition of TiN in Horizontal Vias Using Hydrazine as Nitrogen Precursor,2024 IEEE International Interconnect Technology Conference Iitc 2024,2024-01-01,10.1109/IITC61274.2024.10732554,closed in Unpaywall,404 not found,False,closed,,,,
1110,Lanthanum Oxide Surface Treatment to Form Diffusion Barrier and Interface Dipoles on Ferroelectric FET,IEEE Electron Device Letters,2024-01-01,10.1109/LED.2024.3439256,closed in Unpaywall,404 not found,False,closed,,,,
1111,Atomic/Molecular Layer Deposition Technology and Its Application in Advanced Process of Semiconductor,Cailiao Daobao Materials Reports,2024-01-01,10.11896/cldb.23030081,DOI not found in Unpaywall,404 not found,,doi_not_found,,,,
1112,"Shear Bond Strength to Enamel, Mechanical Properties and Cellular Studies of Fiber-Reinforced Composites Modified by Depositing SiO2 Nanofilms on Quartz Fibers via Atomic Layer Deposition",International Journal of Nanomedicine,2024-01-01,10.2147/IJN.S446584,OA PDF download failed,404 not found,True,gold,https://www.dovepress.com/getfile.php?fileID=97294,failed,,HTTPError('404 Client Error: Not Found for url: https://www.dovepress.com/getfile.php?fileID=97294')
1118,Direct Visualization of the Formation about Inverse Catalyst CoO(x)/Pt(111),Journal of Physical Chemistry C,2023-12-21,10.1021/acs.jpcc.3c06974,closed in Unpaywall,404 not found,False,closed,,,,
1119,Surface-Modified Carbon Nanotubes with Ultrathin Co3O4 Layer for Enhanced Oxygen Evolution Reaction,ACS Applied Materials and Interfaces,2023-12-20,10.1021/acsami.3c13220,closed in Unpaywall,404 not found,False,closed,,,,
1127,Fluorine-free Plasma Enhanced Atomic Layer Deposited Ultrathin Tungsten Nitride Thin Films for Dual Diffusion Barrier Performance,ACS Applied Nano Materials,2023-12-08,10.1021/acsanm.3c03956,closed in Unpaywall,404 not found,False,closed,,,,
1130,CsPbBr3@Glass@SiO2 Composite Materials with Ultrahigh Water Resistance and Thermal Reversibility of Photoluminescence,Advanced Optical Materials,2023-12-04,10.1002/adom.202300963,OA PDF download failed,404 not found,True,bronze,https://onlinelibrary.wiley.com/doi/pdfdirect/10.1002/adom.202300963,failed,,HTTPError('403 Client Error: Forbidden for url: https://onlinelibrary.wiley.com/doi/pdfdirect/10.1002/adom.202300963')
1131,High-performance all-solid-state thin-film lithium microbatteries based on wet-chemistry-prepared 3D CuO electrodes,Journal of Solid State Electrochemistry,2023-12-01,10.1007/s10008-023-05622-7,closed in Unpaywall,404 not found,False,closed,,,,
1132,Performance evaluation of a single microchannel plate with large length-to-diameter ratio,Journal of Instrumentation,2023-12-01,10.1088/1748-0221/18/12/P12011,closed in Unpaywall,404 not found,False,closed,,,,
1136,Novel Energetic Co-Reactant for Thermal Oxide Atomic Layer Deposition: The Impact of Plasma-Activated Water on Al2O3 Film Growth,Nanomaterials,2023-12-01,10.3390/nano13243110,OA PDF download failed,404 not found,True,gold,https://www.mdpi.com/2079-4991/13/24/3110/pdf?version=1702195028,failed,,HTTPError('403 Client Error: Forbidden for url: https://www.mdpi.com/2079-4991/13/24/3110/pdf?version=1702195028')
1137,The Effect of Pore Sealing in a Multilayer Si–O–Zr/Al2O3 Coating Designed to Protect Aluminium from Corrosion,Metals,2023-12-01,10.3390/met13121960,OA PDF download failed,404 not found,True,gold,https://www.mdpi.com/2075-4701/13/12/1960/pdf?version=1701349960,failed,,HTTPError('403 Client Error: Forbidden for url: https://www.mdpi.com/2075-4701/13/12/1960/pdf?version=1701349960')
1138,Computer Modeling of Plasma-Enhanced Atomic Layer Deposition of HfO2 and ZrO2,Russian Microelectronics,2023-12-01,10.1134/S1063739723600462,closed in Unpaywall,404 not found,False,closed,,,,
1139,Ultrathin atomic layer deposition Al2O3 coatings on graphite cathode materials for improving anti-self-discharging Al-ion battery,Journal of the Chinese Chemical Society,2023-12-01,10.1002/jccs.202300291,closed in Unpaywall,404 not found,False,closed,,,,
1140,Chemisorption and Surface Reaction of Hafnium Precursors on the Hydroxylated Si(100) Surface,Coatings,2023-12-01,10.3390/coatings13122094,OA PDF download failed,404 not found,True,gold,https://www.mdpi.com/2079-6412/13/12/2094/pdf?version=1706517612,failed,,HTTPError('403 Client Error: Forbidden for url: https://www.mdpi.com/2079-6412/13/12/2094/pdf?version=1706517612')
1141,Al2O3 atomic layer deposition on a porous matrix of carbon fibers (FiberForm) for oxidation resistance,Journal of Vacuum Science and Technology A Vacuum Surfaces and Films,2023-12-01,10.1116/6.0003085,closed in Unpaywall,404 not found,False,closed,,,,
1144,Stabilization of the tetragonal phase in ZrO2 thin films according to ozone concentration using atomic layer deposition,Journal of Vacuum Science and Technology A Vacuum Surfaces and Films,2023-12-01,10.1116/6.0002901,closed in Unpaywall,404 not found,False,closed,,,,
1145,Investigation of tetrakis(ethylmethylamido)hafnium adsorption mechanism in initial growth of atomic layer deposited-HfO2 thin films on H-/OH-terminated Si (100) surfaces,Journal of Vacuum Science and Technology B,2023-12-01,10.1116/6.0002920,OA PDF download failed,404 not found,True,bronze,https://pubs.aip.org/avs/jvb/article-pdf/doi/10.1116/6.0002920/18144471/062801_1_6.0002920.pdf,failed,,HTTPError('403 Client Error: Forbidden for url: https://pubs.aip.org/avs/jvb/article-pdf/doi/10.1116/6.0002920/18144471/062801_1_6.0002920.pdf')
1146,Mechanistic analysis on low temperature thermal atomic layer deposition of nitrides utilizing H2S,Journal of Vacuum Science and Technology A Vacuum Surfaces and Films,2023-12-01,10.1116/6.0003041,closed in Unpaywall,404 not found,False,closed,,,,
1147,Combination of Multiple Operando and In-Situ Characterization Techniques in a Single Cluster System for Atomic Layer Deposition: Unraveling the Early Stages of Growth of Ultrathin Al2O3 Films on Metallic Ti Substrates,Inorganics,2023-12-01,10.3390/inorganics11120477,OA PDF download failed,404 not found,True,gold,https://www.mdpi.com/2304-6740/11/12/477/pdf?version=1702528571,failed,,HTTPError('403 Client Error: Forbidden for url: https://www.mdpi.com/2304-6740/11/12/477/pdf?version=1702528571')
1149,Back-End-of-Line-Compatible Scaled InGaZnO Transistors by Atomic Layer Deposition,IEEE Transactions on Electron Devices,2023-12-01,10.1109/TED.2023.3312357,closed in Unpaywall,404 not found,False,closed,,,,
1150,Role of a surface hydroxyl group depending on growth temperature in atomic layer deposition of ternary oxides,Journal of Vacuum Science and Technology A Vacuum Surfaces and Films,2023-12-01,10.1116/6.0002880,closed in Unpaywall,404 not found,False,closed,,,,
1151,Germanium surface cleaning and ALD of a protective boron nitride overlayer,Journal of Vacuum Science and Technology A Vacuum Surfaces and Films,2023-12-01,10.1116/6.0002928,closed in Unpaywall,404 not found,False,closed,,,,
1153,Effects of Al2O3 Interfacial Layer Thickness for HZO/InGaAs Ferroelectric Capacitors With Superior Polarization and MOS Interface Properties,IEEE Transactions on Electron Devices,2023-12-01,10.1109/TED.2023.3326428,closed in Unpaywall,404 not found,False,closed,,,,
1155,Correlation of interfacial and dielectric characteristics in atomic layer deposited Al2O3/TiO2 nanolaminates grown with different precursor purge times,Journal of Vacuum Science and Technology A Vacuum Surfaces and Films,2023-12-01,10.1116/6.0002849,closed in Unpaywall,404 not found,False,closed,,,,
1157,Plasma-enhanced atomic layer deposition of molybdenum carbide and carbonitride films using bis(isopropylcyclopentadienyl)molybdenum(IV) dihydride and an H2/N2/Ar plasma,Journal of Vacuum Science and Technology A Vacuum Surfaces and Films,2023-12-01,10.1116/6.0002970,closed in Unpaywall,404 not found,False,closed,,,,
1158,Ternary Ga-Sn-O and quaternary In-Ga-Sn-O channel based thin film transistors fabricated by plasma-enhanced atomic layer deposition,Journal of Vacuum Science and Technology A Vacuum Surfaces and Films,2023-12-01,10.1116/6.0003004,closed in Unpaywall,404 not found,False,closed,,,,
1163,Electron-enhanced atomic layer deposition of Ru thin films using Ru(DMBD)(CO)3 and effect of forming gas anneal,Journal of Vacuum Science and Technology A Vacuum Surfaces and Films,2023-12-01,10.1116/6.0002938,closed in Unpaywall,404 not found,False,closed,,,,
1168,"Plasma-Enhanced Atomic Layer-Deposited Ti,Si-Doped ZrO2 Antiferroelectric Films for Energy Storage Capacitors",ACS Applied Electronic Materials,2023-11-28,10.1021/acsaelm.3c00892,closed in Unpaywall,404 not found,False,closed,,,,
1170,New Heteroleptic Germanium Precursors for GeO2 Thin Films by Atomic Layer Deposition,ACS Omega,2023-11-21,10.1021/acsomega.3c05657,OA PDF download failed,404 not found,True,gold,https://doi.org/10.1021/acsomega.3c05657,failed,,HTTPError('403 Client Error: Forbidden for url: https://pubs.acs.org/doi/10.1021/acsomega.3c05657')
1171,Boosted Reaction Kinetics of Li-CO2 Batteries by Atomic Layer-Deposited Mo2N on Hydrogen Substituted Graphdiyne,ACS Sustainable Chemistry and Engineering,2023-11-13,10.1021/acssuschemeng.3c04090,closed in Unpaywall,404 not found,False,closed,,,,
1172,Effects of ammonia and oxygen plasma treatment on interface traps in AlGaN/GaN metal-insulator-semiconductor high-electron-mobility transistors,Applied Physics Letters,2023-11-13,10.1063/5.0172364,closed in Unpaywall,404 not found,False,closed,,,,
1175,Comparative Study on Indium Precursors for Plasma-Enhanced Atomic Layer Deposition of In2O3 and Application to High-Performance Field-Effect Transistors,ACS Applied Materials and Interfaces,2023-11-08,10.1021/acsami.3c11796,closed in Unpaywall,404 not found,False,closed,,,,
1176,Unveiling the Potential of HfO2/WS2 Bilayer Films: Robust Analog Switching and Synaptic Emulation for Advanced Memory and Neuromorphic Computing,ACS Materials Letters,2023-11-06,10.1021/acsmaterialslett.3c00600,closed in Unpaywall,404 not found,False,closed,,,,
1179,Atomic Layer Deposition of Cobalt Film from Dicobalt-hexacarbonyl-tert-butylacetylene and Hydrogen,Ecs Journal of Solid State Science and Technology,2023-11-01,10.1149/2162-8777/ad07ee,OA PDF download failed,404 not found,True,bronze,https://iopscience.iop.org/article/10.1149/2162-8777/ad07ee/pdf,failed,,no PDF link found on OA page
1180,Ultrashort-Pulsed-Laser Annealing of Amorphous Atomic-Layer-Deposited MoS2 Films,Advanced Engineering Materials,2023-11-01,10.1002/adem.202300677,OA PDF download failed,404 not found,True,hybrid,https://onlinelibrary.wiley.com/doi/pdfdirect/10.1002/adem.202300677,failed,,HTTPError('403 Client Error: Forbidden for url: https://onlinelibrary.wiley.com/doi/pdfdirect/10.1002/adem.202300677')
1187,Characteristics and electrochemical properties of Al2O3 thin films on surgical scalpel blades,Journal of Achievements in Materials and Manufacturing Engineering,2023-11-01,10.5604/01.3001.0054.1805,closed in Unpaywall,404 not found,False,closed,,,,
1189,Suppresses Dissolution and Enhanced Conductivity in Core–Shell VO2@Ni3N as a High-Capacitance and Improved Cycling Anode Materials for Supercapacitor,Advanced Energy and Sustainability Research,2023-11-01,10.1002/aesr.202300115,OA PDF download failed,404 not found,True,gold,https://onlinelibrary.wiley.com/doi/pdfdirect/10.1002/aesr.202300115,failed,,HTTPError('403 Client Error: Forbidden for url: https://onlinelibrary.wiley.com/doi/pdfdirect/10.1002/aesr.202300115')
1190,Atomic Layer Deposition of Perpendicularly Magnetized Co Layers Showing Current-Induced Domain Wall Motion,IEEE Transactions on Magnetics,2023-11-01,10.1109/TMAG.2023.3288159,closed in Unpaywall,404 not found,False,closed,,,,
1193,Optimizing Li Ion Transport in a Garnet-Type Solid Electrolyte via a Grain Boundary Design,Batteries,2023-11-01,10.3390/batteries9110526,OA PDF download failed,404 not found,True,gold,https://www.mdpi.com/2313-0105/9/11/526/pdf?version=1698149303,failed,,HTTPError('403 Client Error: Forbidden for url: https://www.mdpi.com/2313-0105/9/11/526/pdf?version=1698149303')
1194,Atomic layer annealing with radio-frequency substrate bias for control of grain morphology in gallium nitride thin films,MRS Bulletin,2023-11-01,10.1557/s43577-023-00539-y,closed in Unpaywall,404 not found,False,closed,,,,
1195,Defect-Selective Functionalization of 2D-WS2 Nanofilms with Pt Nanoparticles for Enhanced Room-Temperature NO2 Gas Sensing,ACS Applied Nano Materials,2023-10-27,10.1021/acsanm.3c03566,closed in Unpaywall,404 not found,False,closed,,,,
1196,Atomic Layer Deposition and Pulsed Chemical Vapor Deposition of SnI2 and CsSnI3,Chemistry of Materials,2023-10-24,10.1021/acs.chemmater.3c02059,OA PDF download failed,404 not found,True,hybrid,https://doi.org/10.1021/acs.chemmater.3c02059,failed,,HTTPError('403 Client Error: Forbidden for url: https://pubs.acs.org/doi/10.1021/acs.chemmater.3c02059')
1197,Evaluating an electric field modulated plasma enhanced atomic layer deposition of platinum layers on different substrates,Journal of Applied Physics,2023-10-21,10.1063/5.0157164,closed in Unpaywall,404 not found,False,closed,,,,
1198,Approaches for 3D Integration Using Plasma-Enhanced Atomic-Layer-Deposited Atomically-Ordered InGaZnO Transistors with Ultra-High Mobility,Small Methods,2023-10-20,10.1002/smtd.202300549,closed in Unpaywall,404 not found,False,closed,,,,
1202,"Atomic Layer Deposition of HfO2 Films Using Tetrakis(1-(N,N-dimethylamino)-2-propoxy)hafnium [Hf(dmap)4] for Advanced Gate Dielectrics Applications",ACS Applied Nano Materials,2023-10-13,10.1021/acsanm.3c03319,closed in Unpaywall,404 not found,False,closed,,,,
1204,Engineering a Subnanometer Interface Tailoring Layer for Precise Hydrogen Incorporation and Defect Passivation for High-End Oxide Thin-Film Transistors,ACS Applied Materials and Interfaces,2023-10-11,10.1021/acsami.3c10185,closed in Unpaywall,404 not found,False,closed,,,,
1206,"Sn1-xGexOy and Zn1-xGexOy by Atomic Layer Deposition─Growth Dynamics, Film Properties, and Compositional Tuning for Charge Selective Transport in (Ag,Cu)(In,Ga)Se2 Solar Cells",ACS Applied Energy Materials,2023-10-09,10.1021/acsaem.3c00960,OA PDF download failed,404 not found,True,hybrid,https://doi.org/10.1021/acsaem.3c00960,failed,,HTTPError('403 Client Error: Forbidden for url: https://pubs.acs.org/doi/10.1021/acsaem.3c00960')
1207,Optimizing Both Bulk and Surface Structure of Li-Rich Layered Cathodes for Long-Life and Safe Li-Ion Batteries,Advanced Functional Materials,2023-10-09,10.1002/adfm.202302236,OA PDF download failed,404 not found,True,bronze,https://onlinelibrary.wiley.com/doi/pdfdirect/10.1002/adfm.202302236,failed,,HTTPError('403 Client Error: Forbidden for url: https://onlinelibrary.wiley.com/doi/pdfdirect/10.1002/adfm.202302236')
1208,Evaluation of tin nitride (Sn3N4) via atomic layer deposition using novel volatile Sn precursors,Dalton Transactions,2023-10-09,10.1039/d3dt02138f,closed in Unpaywall,404 not found,False,closed,,,,
1210,Atomic Layer Deposition as the Enabler for the Metastable Semiconductor InN and Its Alloys,Crystal Growth and Design,2023-10-04,10.1021/acs.cgd.3c00775,OA PDF download failed,404 not found,True,hybrid,https://doi.org/10.1021/acs.cgd.3c00775,failed,,HTTPError('403 Client Error: Forbidden for url: https://pubs.acs.org/doi/10.1021/acs.cgd.3c00775')
1211,Atomic Layer Deposition of Defective Amorphous TiOx Thin Films with Improved Photoelectrochemical Performance,ACS Applied Materials and Interfaces,2023-10-04,10.1021/acsami.3c06780,closed in Unpaywall,404 not found,False,closed,,,,
1212,Interplay of Precursor and Plasma for The Deposition of HfO2 via PEALD: Film Growth and Dielectric Properties,Advanced Materials Interfaces,2023-10-04,10.1002/admi.202300244,OA PDF download failed,404 not found,True,gold,https://onlinelibrary.wiley.com/doi/pdfdirect/10.1002/admi.202300244,failed,,HTTPError('403 Client Error: Forbidden for url: https://onlinelibrary.wiley.com/doi/pdfdirect/10.1002/admi.202300244')
1213,Dramatic Reduction of Silicon Surface Recombination by ALD TiOx Capping Layer from TiCl4 and H2O: The Role of Chlorine,ACS Applied Materials and Interfaces,2023-10-04,10.1021/acsami.3c09083,closed in Unpaywall,404 not found,False,closed,,,,
1214,Vapor-Phase Infiltrated Organic–Inorganic Positive-Tone Hybrid Photoresist for Extreme UV Lithography,Advanced Materials Interfaces,2023-10-04,10.1002/admi.202300420,OA PDF download failed,404 not found,True,gold,https://onlinelibrary.wiley.com/doi/pdfdirect/10.1002/admi.202300420,failed,,HTTPError('403 Client Error: Forbidden for url: https://onlinelibrary.wiley.com/doi/pdfdirect/10.1002/admi.202300420')
1216,Experimental Investigation of Electrochemical Capacitive Responses versus Pore Geometries through Artificial Nanotubes,Micromachines,2023-10-01,10.3390/mi14101909,OA PDF download failed,404 not found,True,gold,https://www.mdpi.com/2072-666X/14/10/1909/pdf?version=1696659077,failed,,HTTPError('403 Client Error: Forbidden for url: https://www.mdpi.com/2072-666X/14/10/1909/pdf?version=1696659077')
1219,Stabilizing Antiferroelectric-Like Aluminum-Doped Hafnium Oxide for Energy Storage Capacitors,Advanced Engineering Materials,2023-10-01,10.1002/adem.202300443,OA PDF download failed,404 not found,True,hybrid,https://onlinelibrary.wiley.com/doi/pdfdirect/10.1002/adem.202300443,failed,,HTTPError('403 Client Error: Forbidden for url: https://onlinelibrary.wiley.com/doi/pdfdirect/10.1002/adem.202300443')
1220,Effects of different metal electrodes on the ferroelectric properties of HZO thin films,Journal of Materials Science Materials in Electronics,2023-10-01,10.1007/s10854-023-11303-y,closed in Unpaywall,404 not found,False,closed,,,,
1221,DFT modeling of atomic layer deposition of Ru interconnect metal for EUV scaling,MRS Advances,2023-10-01,10.1557/s43580-022-00482-1,closed in Unpaywall,404 not found,False,closed,,,,
1222,"Emerging Atomic Layer Deposition Technology toward High-k Gate Dielectrics, Energy, and Photocatalysis Applications",Energy Technology,2023-10-01,10.1002/ente.202300289,OA PDF download failed,404 not found,True,hybrid,https://onlinelibrary.wiley.com/doi/pdfdirect/10.1002/ente.202300289,failed,,HTTPError('403 Client Error: Forbidden for url: https://onlinelibrary.wiley.com/doi/pdfdirect/10.1002/ente.202300289')
1223,Mechanical and Optical Properties of Cr2O3 Thin Films Grown by Atomic Layer Deposition Method Using Cr(thd)3 and Ozone,Nanomaterials,2023-10-01,10.3390/nano13192702,OA PDF download failed,404 not found,True,gold,https://www.mdpi.com/2079-4991/13/19/2702/pdf?version=1696417820,failed,,HTTPError('403 Client Error: Forbidden for url: https://www.mdpi.com/2079-4991/13/19/2702/pdf?version=1696417820')
1225,Less Energetic Routes for the Production of SiOx Films from Tris(dimethylamino)silane by Plasma Enhanced Atomic Layer Deposition,Coatings,2023-10-01,10.3390/coatings13101730,OA PDF download failed,404 not found,True,gold,https://www.mdpi.com/2079-6412/13/10/1730/pdf?version=1696401389,failed,,HTTPError('403 Client Error: Forbidden for url: https://www.mdpi.com/2079-6412/13/10/1730/pdf?version=1696401389')
1227,Inserted Al2O3Barrier Layer for Improvement in Stability of Mini Light Emitting Diodes,IEEE Transactions on Electron Devices,2023-10-01,10.1109/TED.2023.3302274,closed in Unpaywall,404 not found,False,closed,,,,
1228,In-Depth Physical Mechanism Analysis of Polymer Artificial Optoelectronic Synapse with High Endurance and Applications of Visual System and Operant Conditioning,Advanced Electronic Materials,2023-10-01,10.1002/aelm.202300135,OA PDF download failed,404 not found,True,gold,https://onlinelibrary.wiley.com/doi/pdfdirect/10.1002/aelm.202300135,failed,,HTTPError('403 Client Error: Forbidden for url: https://onlinelibrary.wiley.com/doi/pdfdirect/10.1002/aelm.202300135')
1230,Mitigating Heavy Ion Irradiation-Induced Degradation in p-type SnO Thin-Film Transistors at Room Temperature,Physica Status Solidi A Applications and Materials Science,2023-10-01,10.1002/pssa.202300392,OA PDF download failed,404 not found,True,bronze,https://onlinelibrary.wiley.com/doi/pdfdirect/10.1002/pssa.202300392,failed,,HTTPError('403 Client Error: Forbidden for url: https://onlinelibrary.wiley.com/doi/pdfdirect/10.1002/pssa.202300392')
1234,Novel Bilayer SnO2 Electron Transport Layers with Atomic Layer Deposition for High-Performance α-FAPbI3 Perovskite Solar Cells,Small,2023-09-27,10.1002/smll.202303254,closed in Unpaywall,404 not found,False,closed,,,,
1236,Nature of GaOx Shells Grown on Silica by Atomic Layer Deposition,Chemistry of Materials,2023-09-26,10.1021/acs.chemmater.3c00923,OA PDF download failed,404 not found,True,hybrid,https://doi.org/10.1021/acs.chemmater.3c00923,failed,,HTTPError('403 Client Error: Forbidden for url: https://pubs.acs.org/doi/10.1021/acs.chemmater.3c00923')
1239,Performance enhancement of HfO2-based resistive random-access memory devices using ZnO nanoparticles,Nanotechnology,2023-09-24,10.1088/1361-6528/ace057,OA PDF download failed,404 not found,True,hybrid,https://doi.org/10.1088/1361-6528/ace057,failed,,no PDF link found on OA page
1240,Area-Selective Deposition by Cyclic Adsorption and Removal of 1-Nitropropane,Journal of Physical Chemistry A,2023-09-21,10.1021/acs.jpca.3c04339,closed in Unpaywall,404 not found,False,closed,,,,
1241,"Synergetic Effects of Nanoscale ALD-HfO2 Coatings and Bionic Microstructures for Antiadhesive Surgical Electrodes: Improved Cutting Performance, Antibacterial Property, and Biocompatibility",ACS Applied Materials and Interfaces,2023-09-20,10.1021/acsami.3c09374,closed in Unpaywall,404 not found,False,closed,,,,
1242,Effects of atmospheric UV-O3 exposure of WSe2 on the properties of the HfO2/WSe2 interface,Applied Physics Letters,2023-09-18,10.1063/5.0165599,closed in Unpaywall,404 not found,False,closed,,,,
1243,Atomic layer deposited high quality AlN thin films for efficient thermal management,Journal of Materials Chemistry A,2023-09-18,10.1039/d3ta04618d,closed in Unpaywall,404 not found,False,closed,,,,
1250,Area-Selective Atomic Layer Deposition for Resistive Random-Access Memory Devices,ACS Applied Materials and Interfaces,2023-09-13,10.1021/acsami.3c05822,closed in Unpaywall,404 not found,False,closed,,,,
1251,Tailoring the performance of the LiNi0.8Mn0.1Co0.1O2 cathode using Al2O3 and MoO3 artificial cathode electrolyte interphase (CEI) layers through plasma-enhanced atomic layer deposition (PEALD) coating,Dalton Transactions,2023-09-13,10.1039/d3dt02865h,closed in Unpaywall,404 not found,False,closed,,,,
1253,Thermal Atomic Layer Etching of Zinc Sulfide Using Sequential Trimethylaluminum and Hydrogen Fluoride Exposures: Evidence for a Conversion Mechanism,Chemistry of Materials,2023-09-12,10.1021/acs.chemmater.3c00616,closed in Unpaywall,404 not found,False,closed,,,,
1254,Atomic Layer Deposition of Ultrathin Al2O3 Layer on Carbon Nanotube Anodes for Potassium Ion Batteries with High Initial Coulombic Efficiency and Electrochemical Performance,Advanced Materials Technologies,2023-09-11,10.1002/admt.202300435,OA PDF download failed,404 not found,True,bronze,https://onlinelibrary.wiley.com/doi/pdfdirect/10.1002/admt.202300435,failed,,HTTPError('403 Client Error: Forbidden for url: https://onlinelibrary.wiley.com/doi/pdfdirect/10.1002/admt.202300435')
1256,Direct-Patterning ZnO Deposition by Atomic-Layer Additive Manufacturing Using a Safe and Economical Precursor,Small,2023-09-06,10.1002/smll.202301774,OA PDF download failed,404 not found,True,hybrid,https://onlinelibrary.wiley.com/doi/pdfdirect/10.1002/smll.202301774,failed,,HTTPError('403 Client Error: Forbidden for url: https://onlinelibrary.wiley.com/doi/pdfdirect/10.1002/smll.202301774')
1258,In Pursuit of Next Generation N-Heterocyclic Carbene-Stabilized Copper and Silver Precursors for Metalorganic Chemical Vapor Deposition and Atomic Layer Deposition Processes,Chemistry Switzerland,2023-09-01,10.3390/chemistry5030138,OA PDF download failed,404 not found,True,gold,https://www.mdpi.com/2624-8549/5/3/138/pdf?version=1695212536,failed,,HTTPError('403 Client Error: Forbidden for url: https://www.mdpi.com/2624-8549/5/3/138/pdf?version=1695212536')
1259,Preparation and Photoelectric Properties of Silver Nanowire/ZnO Thin Film Ultraviolet Detector,Electronic Materials Letters,2023-09-01,10.1007/s13391-023-00421-8,closed in Unpaywall,404 not found,False,closed,,,,
1260,Conformal Three-Dimensional Platinum Coating Using Rotary-Type Atomic Layer Deposition for a Diesel Oxidation Catalyst Application,International Journal of Precision Engineering and Manufacturing Green Technology,2023-09-01,10.1007/s40684-022-00475-3,closed in Unpaywall,404 not found,False,closed,,,,
1261,Radiation-Hardened ReRAM Devices for Flexible Electronics,IEEE Journal on Flexible Electronics,2023-09-01,10.1109/JFLEX.2023.3289481,closed in Unpaywall,404 not found,False,closed,,,,
1262,Intrinsic and atomic layer etching enhanced area-selective atomic layer deposition of molybdenum disulfide thin films,Journal of Vacuum Science and Technology A Vacuum Surfaces and Films,2023-09-01,10.1116/6.0002811,closed in Unpaywall,404 not found,False,closed,,,,
1264,Effects of pre-deposition on the optoelectronic properties of AZO films by atomic layer deposition,Journal of Materials Science Materials in Electronics,2023-09-01,10.1007/s10854-023-11132-z,closed in Unpaywall,404 not found,False,closed,,,,
1266,Effect of oxidant sources on carbon-related impurities in ALD-Al2O3 for solid-state devices,Applied Physics Express,2023-09-01,10.35848/1882-0786/acf486,OA PDF download failed,404 not found,True,hybrid,https://doi.org/10.35848/1882-0786/acf486,failed,,no PDF link found on OA page
1267,The growth mechanisms of TiO2 film onto PET surfaces by atomic layer deposition,Materials Research Express,2023-09-01,10.1088/2053-1591/acf650,OA PDF download failed,404 not found,True,gold,https://iopscience.iop.org/article/10.1088/2053-1591/acf650/pdf,failed,,no PDF link found on OA page
1269,Stepped Identical Reset-Pulse and Lookup Table Programming of Multilevel Conductance in HfOx/AlOy Superlattice-Like Memristors,IEEE Transactions on Electron Devices,2023-09-01,10.1109/TED.2023.3294352,closed in Unpaywall,404 not found,False,closed,,,,
1271,Preparation and microwave absorption properties of Co3Fe7@ZnO core-shell nanofibers,Zhongguo Youse Jinshu Xuebao Chinese Journal of Nonferrous Metals,2023-09-01,10.11817/j.ysxb.1004.0609.2022-43750,DOI not found in Unpaywall,404 not found,,doi_not_found,,,,
1274,Atomic Layer Deposition of GeSb2Te4 Thin Films for Reliable Phase Change Memory With a High Dynamic Range,IEEE Electron Device Letters,2023-09-01,10.1109/LED.2023.3296807,closed in Unpaywall,404 not found,False,closed,,,,
1275,Density functional theory study on reaction mechanisms of Co(tbu2DAD)2 for area selective-atomic layer deposition of Co films on metal surfaces,Journal of Vacuum Science and Technology A Vacuum Surfaces and Films,2023-09-01,10.1116/6.0002840,closed in Unpaywall,404 not found,False,closed,,,,
1277,Effect of Electrode Material on the Polarization Switching Kinetics of Hf0.5Zr0.5O2 Film,IEEE Electron Device Letters,2023-09-01,10.1109/LED.2023.3294522,closed in Unpaywall,404 not found,False,closed,,,,
1278,Atomic layer deposition of thin films: from a chemistry perspective,International Journal of Extreme Manufacturing,2023-09-01,10.1088/2631-7990/acd88e,OA PDF download failed,404 not found,True,gold,https://iopscience.iop.org/article/10.1088/2631-7990/acd88e/pdf,failed,,no PDF link found on OA page
1279,Effect of atomic layer annealing in plasma-enhanced atomic layer deposition of aluminum nitride on silicon,Journal of Vacuum Science and Technology A Vacuum Surfaces and Films,2023-09-01,10.1116/6.0002705,OA PDF download failed,404 not found,True,hybrid,https://pubs.aip.org/avs/jva/article-pdf/doi/10.1116/6.0002705/18050531/052401_1_6.0002705.pdf,failed,,HTTPError('403 Client Error: Forbidden for url: https://pubs.aip.org/avs/jva/article-pdf/doi/10.1116/6.0002705/18050531/052401_1_6.0002705.pdf')
1280,High crystalline epitaxial thin films of NiO by plasma-enhanced ALD and their properties,APL Materials,2023-09-01,10.1063/5.0157628,OA PDF download failed,404 not found,True,gold,https://doi.org/10.1063/5.0157628,failed,,HTTPError('403 Client Error: Forbidden for url: https://pubs.aip.org/apm/article/11/9/091105/2909741/High-crystalline-epitaxial-thin-films-of-NiO-by')
1281,Atomic Layer Etching Applications in Nano-Semiconductor Device Fabrication,Electronic Materials Letters,2023-09-01,10.1007/s13391-023-00409-4,closed in Unpaywall,404 not found,False,closed,,,,
1283,Low-Energy He+ Ions Induced Functionalization of the MoS2 Surface for ALD HfO2 Growth Enhancement,Journal of Physical Chemistry C,2023-08-31,10.1021/acs.jpcc.3c00578,closed in Unpaywall,404 not found,False,closed,,,,
1284,Molecular Mechanism of Selective Al2O3 Atomic Layer Deposition on Self-Assembled Monolayers,ACS Applied Materials and Interfaces,2023-08-30,10.1021/acsami.3c09529,closed in Unpaywall,404 not found,False,closed,,,,
1286,Group 10 Metal Allyl Amidinates: A Family of Readily Accessible and Stable Molecular Precursors to Generate Supported Nanoparticles,Jacs Au,2023-08-28,10.1021/jacsau.3c00334,OA PDF download failed,404 not found,True,gold,https://doi.org/10.1021/jacsau.3c00334,failed,,HTTPError('403 Client Error: Forbidden for url: https://pubs.acs.org/doi/10.1021/jacsau.3c00334')
1287,Impact of Surface Hydroxyl Groups on CuO Film Growth by Atomic Layer Deposition,Langmuir,2023-08-22,10.1021/acs.langmuir.3c01109,closed in Unpaywall,404 not found,False,closed,,,,
1288,Low-Resistivity Titanium Nitride Thin Films Fabricated by Atomic Layer Deposition with TiCl4 and Metal-Organic Precursors in Horizontal Vias,ACS Applied Electronic Materials,2023-08-22,10.1021/acsaelm.3c00245,OA PDF download failed,404 not found,True,hybrid,https://doi.org/10.1021/acsaelm.3c00245,failed,,HTTPError('403 Client Error: Forbidden for url: https://pubs.acs.org/doi/10.1021/acsaelm.3c00245')
1289,Enhanced Endurance and Imprint Properties in Hf0.5Zr0.5O2−δ Ferroelectric Capacitors by Tailoring the Oxygen Vacancy,ACS Applied Electronic Materials,2023-08-22,10.1021/acsaelm.3c00756,closed in Unpaywall,404 not found,False,closed,,,,
1290,Enhancing the Crystallization and Properties of the SrRuO3 Electrode Film Grown by Atomic-Layer-Deposited SrO and Pulsed-Chemical Vapor-Deposited RuO2 through Al Substitution,ACS Applied Electronic Materials,2023-08-22,10.1021/acsaelm.3c00448,closed in Unpaywall,404 not found,False,closed,,,,
1291,"Atomic Layer Deposition Route to Scalable, Electronic-Grade van der Waals Te Thin Films",ACS Nano,2023-08-22,10.1021/acsnano.3c03559,closed in Unpaywall,404 not found,False,closed,,,,
1292,Precise control of the catalyst interface at the atomic level,Materials Chemistry Frontiers,2023-08-19,10.1039/d3qm00760j,closed in Unpaywall,404 not found,False,closed,,,,
1297,Area-Selective Atomic Layer Deposition of Al2O3 with a Methanesulfonic Acid Inhibitor,Chemistry of Materials,2023-08-08,10.1021/acs.chemmater.3c00904,closed in Unpaywall,404 not found,False,closed,,,,
1298,Enhanced Energy Transfer between Nitrogen-Vacancy Centers and 2D MoS2 Films Accurately Fabricated by Atomic Layer Deposition,Advanced Optical Materials,2023-08-07,10.1002/adom.202203105,closed in Unpaywall,404 not found,False,closed,,,,
1300,Atomic layer engineering on resistive switching in sub-4 nm AlN resistive random access memory devices,Journal of Materials Chemistry C,2023-08-02,10.1039/d3tc00542a,closed in Unpaywall,404 not found,False,closed,,,,
1301,Atomic Layer Deposition of Ga2O3 from GaI3 and O3: Growth of High-Density Phases,Crystal Growth and Design,2023-08-02,10.1021/acs.cgd.3c00502,closed in Unpaywall,404 not found,False,closed,,,,
1302,Atomic Layer Deposition of Titanium Oxide-Based Films for Semiconductor Applications—Effects of Precursor and Operating Conditions,Materials,2023-08-01,10.3390/ma16165522,OA PDF download failed,404 not found,True,gold,https://www.mdpi.com/1996-1944/16/16/5522/pdf?version=1691496668,failed,,HTTPError('403 Client Error: Forbidden for url: https://www.mdpi.com/1996-1944/16/16/5522/pdf?version=1691496668')
1304,Vertical GaN Transistor with Semi-Insulating Channel,Physica Status Solidi A Applications and Materials Science,2023-08-01,10.1002/pssa.202200776,OA PDF download failed,404 not found,True,bronze,https://onlinelibrary.wiley.com/doi/pdfdirect/10.1002/pssa.202200776,failed,,HTTPError('403 Client Error: Forbidden for url: https://onlinelibrary.wiley.com/doi/pdfdirect/10.1002/pssa.202200776')
1307,Plasma-Enhanced Atomic Layer Deposition of GaN Thin Films on GaAs Substrate,Bandaoti Guangdian Semiconductor Optoelectronics,2023-08-01,10.16818/j.issn1001-5868.2023031501,DOI not found in Unpaywall,404 not found,,doi_not_found,,,,
1308,Mechanisms of the Redistribution of Carbon Contamination in Films Formed by Atomic Layer Deposition,Russian Microelectronics,2023-08-01,10.1134/S1063739723700476,closed in Unpaywall,404 not found,False,closed,,,,
1313,Synthesis of AlOxNy thin films using a two-step PE-ALD process,Aip Advances,2023-08-01,10.1063/5.0154468,OA PDF download failed,404 not found,True,gold,https://pubs.aip.org/aip/adv/article-pdf/doi/10.1063/5.0154468/18099200/085128_1_5.0154468.pdf,failed,,HTTPError('403 Client Error: Forbidden for url: https://pubs.aip.org/aip/adv/article-pdf/doi/10.1063/5.0154468/18099200/085128_1_5.0154468.pdf')
1314,Coating of Si3N4 with HAp via atomic layer deposition,Journal of Ceramic Processing Research,2023-08-01,10.36410/jcpr.2023.24.4.736,DOI not found in Unpaywall,404 not found,,doi_not_found,,,,
1317,Selection Criteria for Small-Molecule Inhibitors in Area-Selective Atomic Layer Deposition: Fundamental Surface Chemistry Considerations,Accounts of Chemical Research,2023-08-01,10.1021/acs.accounts.3c00221,closed in Unpaywall,404 not found,False,closed,,,,
1320,Uniformity of AZO conductive film on microchannel plate by atomic layer deposition and effect of annealing on bulk resistance,Materials Research Express,2023-08-01,10.1088/2053-1591/acedee,OA PDF download failed,404 not found,True,gold,https://iopscience.iop.org/article/10.1088/2053-1591/acedee/pdf,failed,,no PDF link found on OA page
1321,The interface of atomic layer deposited ZrO2 on Si/SiO2 from an alkoxide zirconium precursor and ethanol: A transmission electron microscopy-focused study,Surface and Interface Analysis,2023-08-01,10.1002/sia.7211,closed in Unpaywall,404 not found,False,closed,,,,
1323,Yttrium Doping Effects on Ferroelectricity and Electric Properties of As-Deposited Hf1−xZrxO2 Thin Films via Atomic Layer Deposition,Nanomaterials,2023-08-01,10.3390/nano13152187,OA PDF download failed,404 not found,True,gold,https://www.mdpi.com/2079-4991/13/15/2187/pdf?version=1690448193,failed,,HTTPError('403 Client Error: Forbidden for url: https://www.mdpi.com/2079-4991/13/15/2187/pdf?version=1690448193')
1325,"Thermal atomic layer deposition of Er2O3 films from a volatile, thermally stable enaminolate precursor",Dalton Transactions,2023-07-27,10.1039/d3dt01824e,OA PDF download failed,404 not found,True,bronze,https://pubs.rsc.org/en/content/articlepdf/2023/dt/d3dt01824e,failed,,downloaded response was not a PDF
1326,Toolbox of Advanced Atomic Layer Deposition Processes for Tailoring Large-Area MoS2 Thin Films at 150 °C,ACS Applied Materials and Interfaces,2023-07-26,10.1021/acsami.3c02466,OA PDF download failed,404 not found,True,hybrid,https://pubs.acs.org/doi/pdf/10.1021/acsami.3c02466,failed,,HTTPError('403 Client Error: Forbidden for url: https://pubs.acs.org/doi/pdf/10.1021/acsami.3c02466')
1327,In Situ Monitoring of Etching Characteristic and Surface Reactions in Atomic Layer Etching of SiN Using Cyclic CF4/H2 and H2 Plasmas,ACS Applied Materials and Interfaces,2023-07-26,10.1021/acsami.3c04705,closed in Unpaywall,404 not found,False,closed,,,,
1328,"Molybdenum(III) Amidinate: Synthesis, Characterization, and Vapor Phase Growth of Mo-Based Materials",ACS Applied Materials and Interfaces,2023-07-26,10.1021/acsami.3c04074,closed in Unpaywall,404 not found,False,closed,,,,
1329,Area-Selective Deposition of Ruthenium Using Homometallic Precursor Inhibitor,Chemistry of Materials,2023-07-25,10.1021/acs.chemmater.3c00525,closed in Unpaywall,404 not found,False,closed,,,,
1331,Nonvolatile flash memory device with ferroelectric blocking layer via in situ ALD process,Applied Physics Letters,2023-07-24,10.1063/5.0123608,closed in Unpaywall,404 not found,False,closed,,,,
1333,Nucleation and Layer Closure Behavior of Iridium Films Grown Using Atomic Layer Deposition,Journal of Physical Chemistry Letters,2023-07-20,10.1021/acs.jpclett.3c01369,closed in Unpaywall,404 not found,False,closed,,,,
1334,Nucleation of Co and Ru Precursors on Silicon with Different Surface Terminations: Impact on Nucleation Delay,Journal of Physical Chemistry C,2023-07-20,10.1021/acs.jpcc.3c02933,OA PDF download failed,404 not found,True,hybrid,https://pubs.acs.org/doi/pdf/10.1021/acs.jpcc.3c02933,failed,,HTTPError('403 Client Error: Forbidden for url: https://pubs.acs.org/doi/pdf/10.1021/acs.jpcc.3c02933')
1335,Low-Temperature Atomic Layer Deposition of Double-Layer Water Vapor Barrier for High Humidity Stable Perovskite Solar Cells,Advanced Optical Materials,2023-07-18,10.1002/adom.202300148,closed in Unpaywall,404 not found,False,closed,,,,
1336,Room Temperature Synthesis and Near-infrared Fluorescence Performance Optimization of Ag2Se@Ag2S Core-shell Quantum Dots,Acta Chimica Sinica,2023-07-15,10.6023/A23040128,OA PDF download failed,404 not found,True,bronze,http://sioc-journal.cn/Jwk_hxxb/EN/article/downloadArticleFile.do?attachType=PDF&id=350174,failed,,HTTPError('403 Client Error: Forbidden for url: https://sioc-journal.cn/Jwk_hxxb/EN/article/downloadArticleFile.do?attachType=PDF&id=350174')
1339,Low-Temperature Growth of 2D-MoS2 Thin Films by Plasma-Enhanced Atomic Layer Deposition Using a New Molybdenum Precursor and Applicability to Gas Sensors,ACS Applied Nano Materials,2023-07-14,10.1021/acsanm.3c01887,closed in Unpaywall,404 not found,False,closed,,,,
1340,Temperature-Driven Anisotropic Mg2+ Doping for a Pillared LiCoO2 Interlayer Surface in High-Voltage Applications,ACS Applied Materials and Interfaces,2023-07-12,10.1021/acsami.3c05667,closed in Unpaywall,404 not found,False,closed,,,,
1347,In Situ H-Radical Surface Treatment on Aluminum Gallium Nitride for High-Performance Aluminum Gallium Nitride/Gallium Nitride MIS-HEMTs Fabrication,Micromachines,2023-07-01,10.3390/mi14071278,OA PDF download failed,404 not found,True,gold,https://www.mdpi.com/2072-666X/14/7/1278/pdf?version=1687349536,failed,,HTTPError('403 Client Error: Forbidden for url: https://www.mdpi.com/2072-666X/14/7/1278/pdf?version=1687349536')
1348,"Comparison of BCl3, TiCl4, and SOCl2 chlorinating agents for atomic layer etching of TiO2 and ZrO2 using tungsten hexafluoride",Journal of Vacuum Science and Technology A Vacuum Surfaces and Films,2023-07-01,10.1116/6.0002708,closed in Unpaywall,404 not found,False,closed,,,,
1349,Plasma enhanced atomic layer deposition of manganese nitride thin film from manganese amidinate and ammonia plasma,Journal of Vacuum Science and Technology A Vacuum Surfaces and Films,2023-07-01,10.1116/6.0002484,closed in Unpaywall,404 not found,False,closed,,,,
1353,Electron-enhanced SiO2 atomic layer deposition at 35 °C using disilane and ozone or water as reactants,Journal of Vacuum Science and Technology A Vacuum Surfaces and Films,2023-07-01,10.1116/6.0002726,closed in Unpaywall,404 not found,False,closed,,,,
1354,Atomic layer deposition of calcium fluoride for barrier coating applications,Journal of Vacuum Science and Technology A Vacuum Surfaces and Films,2023-07-01,10.1116/6.0002563,closed in Unpaywall,404 not found,False,closed,,,,
1355,High-Performance Graphene-Dielectric Interface by UV-Assisted Atomic Layer Deposition for Graphene Field Effect Transistor,Advanced Electronic Materials,2023-07-01,10.1002/aelm.202300074,OA PDF download failed,404 not found,True,gold,https://onlinelibrary.wiley.com/doi/pdfdirect/10.1002/aelm.202300074,failed,,HTTPError('403 Client Error: Forbidden for url: https://onlinelibrary.wiley.com/doi/pdfdirect/10.1002/aelm.202300074')
1357,Numerical Simulation of the Film Distribution During Atomic Layer Deposition within Porous Substrates,Zhenkong Kexue Yu Jishu Xuebao Journal of Vacuum Science and Technology,2023-07-01,10.13922/j.cnki.cjvst.202210005,DOI not found in Unpaywall,404 not found,,doi_not_found,,,,
1358,Optimization of Polyelectrolyte and Polymers in Inorganic/Organic Hybrid Gate Dielectrics for Flexible OFETs,IEEE Journal on Flexible Electronics,2023-07-01,10.1109/JFLEX.2023.3308082,closed in Unpaywall,404 not found,False,closed,,,,
1360,Atomic Layer Deposition of Alumina-Coated Thin-Film Cathodes for Lithium Microbatteries,International Journal of Molecular Sciences,2023-07-01,10.3390/ijms241311207,OA PDF download failed,404 not found,True,gold,https://www.mdpi.com/1422-0067/24/13/11207/pdf?version=1688718275,failed,,HTTPError('403 Client Error: Forbidden for url: https://www.mdpi.com/1422-0067/24/13/11207/pdf?version=1688718275')
1361,Novel liquid cobalt precursor for metal atomic layer deposition,Japanese Journal of Applied Physics,2023-07-01,10.35848/1347-4065/acc256,OA PDF download failed,404 not found,True,hybrid,https://iopscience.iop.org/article/10.35848/1347-4065/acc256/pdf,failed,,no PDF link found on OA page
1366,Novel Volatile Heteroleptic Barium Complexes Using Tetradentate Ligand and β-Diketonato Ligand,ACS Omega,2023-06-27,10.1021/acsomega.3c01697,OA PDF download failed,404 not found,True,gold,https://pubs.acs.org/doi/pdf/10.1021/acsomega.3c01697,failed,,HTTPError('403 Client Error: Forbidden for url: https://pubs.acs.org/doi/pdf/10.1021/acsomega.3c01697')
1367,Reduction of Fermi-Level Pinning and Controlling of Ni/β-Ga2O3 Schottky Barrier Height Using an Ultrathin HfO2 Interlayer,ACS Applied Electronic Materials,2023-06-27,10.1021/acsaelm.3c00259,closed in Unpaywall,404 not found,False,closed,,,,
1368,Synthesis of Micron-Sized WS2 Crystallites Using Atomic Layer Deposition and Sulfur Annealing,Chemistry of Materials,2023-06-27,10.1021/acs.chemmater.3c00013,closed in Unpaywall,404 not found,False,closed,,,,
1369,Atomic Layer Deposition of Boron-Doped Al2O3 Dielectric Films,Advanced Materials Interfaces,2023-06-27,10.1002/admi.202300173,OA PDF download failed,404 not found,True,gold,https://onlinelibrary.wiley.com/doi/pdfdirect/10.1002/admi.202300173,failed,,HTTPError('403 Client Error: Forbidden for url: https://onlinelibrary.wiley.com/doi/pdfdirect/10.1002/admi.202300173')
1371,Realization of an autonomously controllable process for atomic layer deposition and its encapsulation application in flexible organic light-emitting diodes,Optics Express,2023-06-19,10.1364/OE.488152,OA PDF download failed,404 not found,True,gold,https://doi.org/10.1364/oe.488152,failed,,no PDF link found on OA page
1372,Atomic Layer Deposition of Ru Thin Film Using a Newly Synthesized Precursor with Open-Coordinated Ligands,Advanced Materials Interfaces,2023-06-16,10.1002/admi.202202445,OA PDF download failed,404 not found,True,gold,https://onlinelibrary.wiley.com/doi/pdfdirect/10.1002/admi.202202445,failed,,HTTPError('403 Client Error: Forbidden for url: https://onlinelibrary.wiley.com/doi/pdfdirect/10.1002/admi.202202445')
1373,Solid-State NMR Spectroscopic Investigation of TiO2 Grown on Silica Nanoparticles by Solution Atomic Layer Deposition,Advanced Materials Interfaces,2023-06-16,10.1002/admi.202202131,OA PDF download failed,404 not found,True,gold,https://onlinelibrary.wiley.com/doi/pdfdirect/10.1002/admi.202202131,failed,,HTTPError('403 Client Error: Forbidden for url: https://onlinelibrary.wiley.com/doi/pdfdirect/10.1002/admi.202202131')
1379,"Area-Selective Atomic Layer Deposition on Metal/Dielectric Patterns: Amphiphobic Coating, Vaporizable Inhibitors, and Regenerative Processing",ACS Applied Materials and Interfaces,2023-06-14,10.1021/acsami.3c03752,closed in Unpaywall,404 not found,False,closed,,,,
1380,Wake-up free ferroelectric hafnia-zirconia capacitors fabricated via vacuum-maintaining atomic layer deposition,Journal of Applied Physics,2023-06-14,10.1063/5.0147124,closed in Unpaywall,404 not found,False,closed,,,,
1381,Atomic/Molecular Layer-Deposited Laminated Li2O-Lithicone Interfaces Enabling High-Performance Silicon Anodes,ACS Applied Materials and Interfaces,2023-06-14,10.1021/acsami.3c02925,closed in Unpaywall,404 not found,False,closed,,,,
1382,CFD Simulation of the Dosing Behavior within the Atomic Layer Deposition Feeding System,Industrial and Engineering Chemistry Research,2023-06-14,10.1021/acs.iecr.3c01151,closed in Unpaywall,404 not found,False,closed,,,,
1383,Plasma Enhanced Atomic Layer Deposition of Silicon Nitride for Two Different Aminosilane Precursors Using Very High Frequency (162 MHz) Plasma Source,ACS Applied Materials and Interfaces,2023-06-14,10.1021/acsami.3c02950,closed in Unpaywall,404 not found,False,closed,,,,
1384,Facile synthesis of cobalt fluoride (CoF2)/multi-walled carbon nanotube (MWCNT) nanocomposites and improvement of their electrochemical performance as cathode materials for Li-ion batteries,Journal of Materials Chemistry A,2023-06-14,10.1039/d3ta01918g,closed in Unpaywall,404 not found,False,closed,,,,
1385,Molecular Layer Deposition of Organic-Inorganic Hafnium Oxynitride Hybrid Films for Electrochemical Applications,ACS Applied Energy Materials,2023-06-12,10.1021/acsaem.3c00107,closed in Unpaywall,404 not found,False,closed,,,,
1386,In situ x-ray photoelectron spectroscopy analysis of the atomic layer deposition of Al2O3 on SiO x/Si: Interface dipole and persistent surface groups,Nanotechnology,2023-06-11,10.1088/1361-6528/acc408,closed in Unpaywall,404 not found,False,closed,,,,
1388,Interfacial Molecular Compatibility for Programming Organic-Metal Oxide Superlattices,ACS Applied Materials and Interfaces,2023-06-07,10.1021/acsami.3c04470,closed in Unpaywall,404 not found,False,closed,,,,
1389,Memory window enhancement in n-type ferroelectric field-effect transistors by engineering ozone exposure in atomic layer deposition of HfZrOx films,Applied Physics Letters,2023-06-05,10.1063/5.0152022,closed in Unpaywall,404 not found,False,closed,,,,
1390,Ultra-thin ZrO2 overcoating on CuO-ZnO-Al2O3 catalyst by atomic layer deposition for improved catalytic performance of CO2 hydrogenation to dimethyl ether,Nanotechnology,2023-06-04,10.1088/1361-6528/acc036,OA PDF download failed,404 not found,True,hybrid,https://iopscience.iop.org/article/10.1088/1361-6528/acc036/pdf,failed,,no PDF link found on OA page
1391,"Structural, Surface, and Optical Properties of AlN Thin Films Grown on Different Substrates by PEALD",Crystals,2023-06-01,10.3390/cryst13060910,OA PDF download failed,404 not found,True,gold,https://www.mdpi.com/2073-4352/13/6/910/pdf?version=1685778970,failed,,HTTPError('403 Client Error: Forbidden for url: https://www.mdpi.com/2073-4352/13/6/910/pdf?version=1685778970')
1393,High Performance On-Chip Energy Storage Capacitors with Plasma-Enhanced Atomic Layer-Deposited Hf0.5Zr0.5O2/Al-Doped Hf0.25Zr0.75O2 Nanofilms as Dielectrics,Nanomaterials,2023-06-01,10.3390/nano13111765,OA PDF download failed,404 not found,True,gold,https://www.mdpi.com/2079-4991/13/11/1765/pdf?version=1685437655,failed,,HTTPError('403 Client Error: Forbidden for url: https://www.mdpi.com/2079-4991/13/11/1765/pdf?version=1685437655')
1394,Preparation of X-Ray Fresnel Zone Plate by Atomic Layer Deposition and Focused Ion Beam Slicing,Guangxue Xuebao Acta Optica Sinica,2023-06-01,10.3788/AOS222052,OA PDF download failed,404 not found,True,bronze,https://www.opticsjournal.net/Articles/GetArticlePDF/OJdac80cfdaa0affc1,failed,,no PDF link found on OA page
1395,A First-Principles Investigation of the Driving Forces Defining the Selectivity of TiO2 Atomic Layer Deposition,Journal of Physical Chemistry C,2023-06-01,10.1021/acs.jpcc.3c00965,OA PDF download failed,404 not found,True,green,https://lirias.kuleuven.be/handle/20.500.12942/733301,failed,,no PDF link found on OA page
1397,Investigation on the Preparation of TiO2∶Al2O3 Nanocomposite Film Applied to the Conductive Layer of Microchannel Plate,Guangzi Xuebao Acta Photonica Sinica,2023-06-01,10.3788/gzxb20235206.0631003,closed in Unpaywall,404 not found,False,closed,,,,
1399,Study on the Deposition Characteristics of Molybdenum Thin Films Deposited by the Thermal Atomic Layer Deposition Method Using MoO2Cl2 as a Precursor,Coatings,2023-06-01,10.3390/coatings13061070,OA PDF download failed,404 not found,True,gold,https://www.mdpi.com/2079-6412/13/6/1070/pdf?version=1686299707,failed,,HTTPError('403 Client Error: Forbidden for url: https://www.mdpi.com/2079-6412/13/6/1070/pdf?version=1686299707')
1401,Fabrication and Light-Emission Study of Ti-δ-Doped Quasi-2D γ-Alumina by Graphene-Assisted Atomic Layer Deposition,Advanced Engineering Materials,2023-06-01,10.1002/adem.202300101,closed in Unpaywall,404 not found,False,closed,,,,
1402,"Comparative Study of Thermal and Plasma-Enhanced Atomic Layer Deposition of Iron Oxide Using Bis(N,N′-di-butylacetamidinato)iron(II)",Nanomaterials,2023-06-01,10.3390/nano13121858,OA PDF download failed,404 not found,True,gold,https://www.mdpi.com/2079-4991/13/12/1858/pdf?version=1686735970,failed,,HTTPError('403 Client Error: Forbidden for url: https://www.mdpi.com/2079-4991/13/12/1858/pdf?version=1686735970')
1405,Wide temperature operation of piezoelectric sensors for detecting precursor levels in a canister,Measurement Science and Technology,2023-06-01,10.1088/1361-6501/acc2d7,OA PDF download failed,404 not found,True,hybrid,https://doi.org/10.1088/1361-6501/acc2d7,failed,,no PDF link found on OA page
1406,Design and Preparation of Anti-Reflection Nanoarray Structure on the Surface of Space Solar Cell Glass Cover,Coatings,2023-06-01,10.3390/coatings13061092,OA PDF download failed,404 not found,True,gold,https://www.mdpi.com/2079-6412/13/6/1092/pdf?version=1686648204,failed,,HTTPError('403 Client Error: Forbidden for url: https://www.mdpi.com/2079-6412/13/6/1092/pdf?version=1686648204')
1407,Fabrication of Bilayer Stacked Antiferroelectric/ Ferroelectric HfxZr1-xO2FeRAM and FeFET With Improved Leakage Current and Robust Reliability by Modifying Atomic Layer Deposition Temperatures,IEEE Electron Device Letters,2023-06-01,10.1109/LED.2023.3268179,closed in Unpaywall,404 not found,False,closed,,,,
1408,Improvement of Voltage Linearity and Leakage Current of MIM Capacitors With Atomic Layer Deposited Ti-Doped ZrO2Insulators,IEEE Transactions on Electron Devices,2023-06-01,10.1109/TED.2023.3267752,closed in Unpaywall,404 not found,False,closed,,,,
1409,Review of molecular layer deposition process and application to area selective deposition via graphitization,Japanese Journal of Applied Physics,2023-06-01,10.35848/1347-4065/acc3a7,OA PDF download failed,404 not found,True,bronze,https://iopscience.iop.org/article/10.35848/1347-4065/acc3a7/pdf,failed,,no PDF link found on OA page
1410,Optical Properties of Titanium-doped Gallium Oxide Thin Films by Thermal Atomic Layer Deposition,Guangzi Xuebao Acta Photonica Sinica,2023-06-01,10.3788/gzxb20235206.0631002,OA PDF download failed,404 not found,True,green,http://ir.opt.ac.cn/handle/181661/96854,failed,,"ConnectTimeout(MaxRetryError(""HTTPConnectionPool(host='ir.opt.ac.cn', port=80): Max retries exceeded with url: /handle/181661/96854 (Caused by ConnectTimeoutError(<urllib3.connection.HTTPConnection object at 0x7a7d953a5e80>, 'Connection to ir.opt.ac.cn timed out. (connect timeout=45)'))""))"
1412,Exploring thermally stable metal-oxide/SiO2 stack for metal oxide semiconductor memory and demonstration of pulse controlled linear response,Applied Physics Express,2023-06-01,10.35848/1882-0786/acdd4e,OA PDF download failed,404 not found,True,hybrid,https://iopscience.iop.org/article/10.35848/1882-0786/acdd4e/pdf,failed,,no PDF link found on OA page
1413,Investigation of PEALD ZrO2/La2O3-based high-k nanolaminates sandwiched between Al and Ti electrodes for MIM capacitors,Journal of Materials Science Materials in Electronics,2023-06-01,10.1007/s10854-023-10655-9,closed in Unpaywall,404 not found,False,closed,,,,
1415,Atomic Layer Deposition and Its Impact on Transparent Conductive Films,Rengong Jingti Xuebao Journal of Synthetic Crystals,2023-06-01,,missing DOI,,,,,,,
1416,Atomic-scale engineering of advanced catalytic and energy materials via atomic layer deposition for eco-friendly vehicles,International Journal of Extreme Manufacturing,2023-06-01,10.1088/2631-7990/acc6a7,OA PDF download failed,404 not found,True,gold,https://iopscience.iop.org/article/10.1088/2631-7990/acc6a7/pdf,failed,,no PDF link found on OA page
1417,Effect of Top-Gate Dielectric Deposition on the Performance of Indium Tin Oxide Transistors,IEEE Electron Device Letters,2023-06-01,10.1109/LED.2023.3265316,closed in Unpaywall,404 not found,False,closed,,,,
1418,Atomic Layer Deposition of HfO2 Films Using TDMAH and Water or Ammonia Water,Materials,2023-06-01,10.3390/ma16114077,OA PDF download failed,404 not found,True,gold,https://www.mdpi.com/1996-1944/16/11/4077/pdf?version=1685518740,failed,,HTTPError('403 Client Error: Forbidden for url: https://www.mdpi.com/1996-1944/16/11/4077/pdf?version=1685518740')
1419,Dielectric-on-Dielectric Achieved on SiO2 in Preference to W by Water-free Chemical Vapor Depositions with Aniline Passivation,ACS Applied Materials and Interfaces,2023-05-31,10.1021/acsami.3c02278,closed in Unpaywall,404 not found,False,closed,,,,
1421,Enhanced electrocatalytic performance for oxygen evolution reaction via active interfaces of Co3O4 arrays@FeO x /Carbon cloth heterostructure by plasma-enhanced atomic layer deposition,Nanotechnology,2023-05-28,10.1088/1361-6528/acc038,OA PDF download failed,404 not found,True,hybrid,https://iopscience.iop.org/article/10.1088/1361-6528/acc038/pdf,failed,,no PDF link found on OA page
1422,Redox Properties of TiO2Thin Films Grown on Mesoporous Silica by Atomic Layer Deposition,Journal of Physical Chemistry Letters,2023-05-25,10.1021/acs.jpclett.3c00834,OA PDF download failed,404 not found,True,hybrid,https://pubs.acs.org/doi/pdf/10.1021/acs.jpclett.3c00834,failed,,HTTPError('403 Client Error: Forbidden for url: https://pubs.acs.org/doi/pdf/10.1021/acs.jpclett.3c00834')
1423,"Multifunctional Coatings on Sulfide-Based Solid Electrolyte Powders with Enhanced Processability, Stability, and Performance for Solid-State Batteries",Advanced Materials,2023-05-25,10.1002/adma.202300673,OA PDF download failed,404 not found,True,hybrid,https://onlinelibrary.wiley.com/doi/pdfdirect/10.1002/adma.202300673,failed,,HTTPError('403 Client Error: Forbidden for url: https://onlinelibrary.wiley.com/doi/pdfdirect/10.1002/adma.202300673')
1425,Dynamic Electrode-Electrolyte Intermixing in Solid-State Sodium Nano-Batteries,ACS Applied Materials and Interfaces,2023-05-24,10.1021/acsami.2c23256,closed in Unpaywall,404 not found,False,closed,,,,
1427,Pyridine-Catalyzed Atomic Layer Deposition of SiO2from Hexachlorodisilane and Water: An in Situ Mechanistic Study,Chemistry of Materials,2023-05-23,10.1021/acs.chemmater.3c00621,closed in Unpaywall,404 not found,False,closed,,,,
1428,"Reaction mechanism of nickel sulfide atomic layer deposition using bis(N,N′-di-tert-butylacetamidinato)nickel(ii) and hydrogen sulfide",Physical Chemistry Chemical Physics,2023-05-21,10.1039/d2cp05450g,closed in Unpaywall,404 not found,False,closed,,,,
1430,Rational Strategy for Space-Confined Atomic Layer Deposition,ACS Applied Materials and Interfaces,2023-05-17,10.1021/acsami.3c01443,closed in Unpaywall,404 not found,False,closed,,,,
1433,Reductive Thermal Atomic Layer Deposition Process for Gold,ACS Materials Au,2023-05-10,10.1021/acsmaterialsau.2c00075,OA PDF download failed,404 not found,True,gold,https://pubs.acs.org/doi/pdf/10.1021/acsmaterialsau.2c00075,failed,,HTTPError('403 Client Error: Forbidden for url: https://pubs.acs.org/doi/pdf/10.1021/acsmaterialsau.2c00075')
1434,Thermal decomposition of trimethylindium and indium trisguanidinate precursors for InN growth: An ab initio and kinetic modeling study,Journal of Chemical Physics,2023-05-07,10.1063/5.0148070,OA PDF download failed,404 not found,True,hybrid,https://pubs.aip.org/aip/jcp/article-pdf/doi/10.1063/5.0148070/17355732/174313_1_5.0148070.pdf,failed,,HTTPError('403 Client Error: Forbidden for url: https://pubs.aip.org/aip/jcp/article-pdf/doi/10.1063/5.0148070/17355732/174313_1_5.0148070.pdf')
1436,MIL-101-NH2(Fe)-Coated Nylon Microfibers for Immobilized Photocatalysts in RhB and Cr(VI) Removal,ACS Omega,2023-05-02,10.1021/acsomega.3c00432,OA PDF download failed,404 not found,True,gold,https://pubs.acs.org/doi/pdf/10.1021/acsomega.3c00432,failed,,HTTPError('403 Client Error: Forbidden for url: https://pubs.acs.org/doi/pdf/10.1021/acsomega.3c00432')
1439,The improvement of the embedded Ag nanoislands on the performance of Au/Ag/HfOx/HfO2/Ag-NIs/Au devices,Journal of Materials Science Materials in Electronics,2023-05-01,10.1007/s10854-023-10622-4,closed in Unpaywall,404 not found,False,closed,,,,
1441,Influence of low energy ion irradiation on oxygen deficient hafnium oxide (HfO2) thin films,Journal of Materials Science Materials in Electronics,2023-05-01,10.1007/s10854-023-10614-4,closed in Unpaywall,404 not found,False,closed,,,,
1442,Low-temperature synthesis of crystalline vanadium oxide films using oxygen plasmas,Journal of Vacuum Science and Technology A Vacuum Surfaces and Films,2023-05-01,10.1116/6.0002383,closed in Unpaywall,404 not found,False,closed,,,,
1443,Atomic layer deposition of yttrium oxide as a protective coating for lithium metal anodes,Dalton Transactions,2023-05-01,10.1039/d2dt03907a,OA PDF download failed,404 not found,True,green,http://hdl.handle.net/1854/LU-01HA47WETP6S3N6MZKQ4Q9SG8G,failed,,downloaded response was not a PDF
1444,Thermodynamic Modeling and Experimental Implementation of the Synthesis of Vanadium Oxide Films,Russian Journal of Inorganic Chemistry,2023-05-01,10.1134/S0036023623600491,closed in Unpaywall,404 not found,False,closed,,,,
1445,Atomic Layer Deposition of La2O3 Film with Precursor La(thd)3-DMEA,Coatings,2023-05-01,10.3390/coatings13050870,OA PDF download failed,404 not found,True,gold,https://www.mdpi.com/2079-6412/13/5/870/pdf?version=1683278636,failed,,HTTPError('403 Client Error: Forbidden for url: https://www.mdpi.com/2079-6412/13/5/870/pdf?version=1683278636')
1446,Area selective atomic layer deposition of SnO2as an etch resist in fluorine based processes,Journal of Vacuum Science and Technology A Vacuum Surfaces and Films,2023-05-01,10.1116/6.0002429,closed in Unpaywall,404 not found,False,closed,,,,
1449,Microkinetic based growth and property modeling of plasma enhanced atomic layer deposition silicon nitride thin film,Journal of Vacuum Science and Technology A Vacuum Surfaces and Films,2023-05-01,10.1116/6.0002499,closed in Unpaywall,404 not found,False,closed,,,,
1453,"Colloidal, Room-Temperature Growth of Metal Oxide Shells on InP Quantum Dots",Inorganic Chemistry,2023-05-01,10.1021/acs.inorgchem.3c00161,closed in Unpaywall,404 not found,False,closed,,,,
1455,Interfacial band parameters of ultrathin ALD-ZrO2 on Ga-polar GaN through XPS measurements,Aip Advances,2023-05-01,10.1063/5.0145286,OA PDF download failed,404 not found,True,gold,https://pubs.aip.org/aip/adv/article-pdf/doi/10.1063/5.0145286/17356255/055110_1_5.0145286.pdf,failed,,HTTPError('403 Client Error: Forbidden for url: https://pubs.aip.org/aip/adv/article-pdf/doi/10.1063/5.0145286/17356255/055110_1_5.0145286.pdf')
1457,Atomic Layer Deposition of Chlorine Containing Titanium–Zinc Oxide Nanofilms Using the Supercycle Approach,Coatings,2023-05-01,10.3390/coatings13050960,OA PDF download failed,404 not found,True,gold,https://www.mdpi.com/2079-6412/13/5/960/pdf?version=1684632063,failed,,HTTPError('403 Client Error: Forbidden for url: https://www.mdpi.com/2079-6412/13/5/960/pdf?version=1684632063')
1458,Electrical Properties of Boron-Doped Diamond MOSFETs With Ozone as Oxygen Precursor for Al2O3Deposition,IEEE Transactions on Electron Devices,2023-05-01,10.1109/TED.2023.3256349,closed in Unpaywall,404 not found,False,closed,,,,
1459,Significant Reliability Improvement by Inducing Dual Atomic-Thin Titanium Intercalation Layers in Hf0.5Zr0.5O2 Films,IEEE Electron Device Letters,2023-05-01,10.1109/LED.2023.3263294,closed in Unpaywall,404 not found,False,closed,,,,
1460,Thermal decomposition pathways of chlorinated trisilanes,Silicon,2023-05-01,10.1007/s12633-022-02248-8,closed in Unpaywall,404 not found,False,closed,,,,
1461,Synthesis and Properties of Vanadium Oxide Nanocoatings on the Surface of Polycrystalline α-Al2O3,Russian Journal of Applied Chemistry,2023-05-01,10.1134/S1070427223050099,closed in Unpaywall,404 not found,False,closed,,,,
1462,Silicon surface passivation of industrial n-type CZ Si (111) by Al2O3 layers deposited by thermal ALD process for application in carrier selective contact solar cells,Journal of Materials Science Materials in Electronics,2023-05-01,10.1007/s10854-023-10587-4,closed in Unpaywall,404 not found,False,closed,,,,
1467,Ultrathin Al2O3 Protective Layer to Stabilize the Electrochromic Switching Performance of Amorphous WOx Thin Films,Advanced Materials Interfaces,2023-04-24,10.1002/admi.202202422,OA PDF download failed,404 not found,True,gold,https://onlinelibrary.wiley.com/doi/pdfdirect/10.1002/admi.202202422,failed,,HTTPError('403 Client Error: Forbidden for url: https://onlinelibrary.wiley.com/doi/pdfdirect/10.1002/admi.202202422')
1468,Optimal Aluminum Doping Method in PEALD for Designing Outstandingly Stable InAlZnO TFT,Advanced Materials Interfaces,2023-04-24,10.1002/admi.202300128,OA PDF download failed,404 not found,True,gold,https://onlinelibrary.wiley.com/doi/pdfdirect/10.1002/admi.202300128,failed,,HTTPError('403 Client Error: Forbidden for url: https://onlinelibrary.wiley.com/doi/pdfdirect/10.1002/admi.202300128')
1469,Atomic layer deposition (ALD)-constructed TaS2 nanoflakes for cancer-related nucleolin detection,Nanotechnology,2023-04-23,10.1088/1361-6528/acb35c,closed in Unpaywall,404 not found,False,closed,,,,
1470,Performance improvement of Hf0.45Zr0.55O x ferroelectric field effect transistor memory with ultrathin Al-O bonds-modified InO x channels,Nanotechnology,2023-04-23,10.1088/1361-6528/acb653,closed in Unpaywall,404 not found,False,closed,,,,
1471,Gamma-radiation hardness and long-term stability of ALD-Al2O3surface passivated Si,Journal of Applied Physics,2023-04-21,10.1063/5.0143013,OA PDF download failed,404 not found,True,hybrid,https://aip.scitation.org/doi/pdf/10.1063/5.0143013,failed,,no PDF link found on OA page
1472,Bright white electroluminescence from polycrystalline dysprosium-doped yttrium gallium garnet nanofilms fabricated by atomic layer deposition on silicon,Nanoscale,2023-04-20,10.1039/d3nr00921a,closed in Unpaywall,404 not found,False,closed,,,,
1473,Enabling rotary atomic layer deposition for optical applications,Applied Optics,2023-04-20,10.1364/AO.477448,closed in Unpaywall,404 not found,False,closed,,,,
1474,Mechanistic Insight into Solution-Based Atomic Layer Deposition of CuSCN Provided by In Situ and Ex Situ Methods,ACS Applied Materials and Interfaces,2023-04-19,10.1021/acsami.2c16943,closed in Unpaywall,404 not found,False,closed,,,,
1476,Buried Interface Passivation of Perovskite Solar Cells by Atomic Layer Deposition of Al2O3,ACS Energy Letters,2023-04-14,10.1021/acsenergylett.3c00296,closed in Unpaywall,404 not found,False,closed,,,,
1477,The Mechanism of Growing MoS2 via Sulfuration of Molybdenum Hexacarbonyl: First principles study,Chemistryselect,2023-04-13,10.1002/slct.202204944,closed in Unpaywall,404 not found,False,closed,,,,
1479,Extreme Gradient Boosting to Predict Atomic Layer Deposition for Platinum Nano-Film Coating,Langmuir,2023-04-11,10.1021/acs.langmuir.2c03465,OA PDF download failed,404 not found,True,hybrid,https://doi.org/10.1021/acs.langmuir.2c03465,failed,,HTTPError('403 Client Error: Forbidden for url: https://pubs.acs.org/doi/10.1021/acs.langmuir.2c03465')
1480,Atomic-Molecular Engineering Tailoring Graphene Microlaminates to Tune Multifunctional Antennas,Advanced Functional Materials,2023-04-11,10.1002/adfm.202212379,closed in Unpaywall,404 not found,False,closed,,,,
1482,Optimization of optical and structural properties of Al2O3/TiO2 nano-laminates deposited by atomic layer deposition for optical coating,Optics Express,2023-04-10,10.1364/OE.487881,OA PDF download failed,404 not found,True,gold,https://doi.org/10.1364/oe.487881,failed,,no PDF link found on OA page
1483,Physical Properties of an Ultrathin Al2O3/HfO2 Composite Film by Atomic Layer Deposition and the Application in Thin-Film Transistors,ACS Applied Materials and Interfaces,2023-04-05,10.1021/acsami.2c22227,closed in Unpaywall,404 not found,False,closed,,,,
1486,Transient Thermal and Electrical Co-Optimization of BEOL Top-Gated ALD In2O3 FETs Toward Monolithic 3-D Integration,IEEE Transactions on Electron Devices,2023-04-01,10.1109/TED.2023.3235313,closed in Unpaywall,404 not found,False,closed,,,,
1488,Thickness effect on solar-blind photoelectric properties of ultrathin β-Ga2O3 films prepared by atomic layer deposition,Chinese Physics B,2023-04-01,10.1088/1674-1056/ac8ce9,closed in Unpaywall,404 not found,False,closed,,,,
1493,"Growth of Aluminum Molybdenum Oxide Films by Atomic Layer Deposition with Using Trimethylaluminum, Molybdenum Oxytetrachloride, and Water",Inorganic Materials,2023-04-01,10.1134/S0020168523040052,closed in Unpaywall,404 not found,False,closed,,,,
1494,Inserting Interfacial Layer for Atomic-Scaled Hydrogen Control to Enhance Electrical Properties of InZnO TFTs,IEEE Electron Device Letters,2023-04-01,10.1109/LED.2023.3250439,closed in Unpaywall,404 not found,False,closed,,,,
1500,Small-Molecule Modification Provides Pt Nucleation Sites for Enhanced Propane Dehydrogenation Performance,Journal of Physical Chemistry C,2023-03-30,10.1021/acs.jpcc.3c00013,closed in Unpaywall,404 not found,False,closed,,,,
1501,Dimension Control of Platinum Nanostructures by Atomic Layer Deposition: From Surface Chemical Reactions to Applications,Chemistry of Materials,2023-03-28,10.1021/acs.chemmater.2c03476,closed in Unpaywall,404 not found,False,closed,,,,
1503,Multicolor Bipolar Modulation of Titanium-Chromium Oxide Electrochromic Coatings,ACS Applied Electronic Materials,2023-03-28,10.1021/acsaelm.3c00012,OA PDF download failed,404 not found,True,green,https://hub.hku.hk/handle/10722/351693,failed,,HTTPError('403 Client Error: Forbidden for url: https://hub.hku.hk/handle/10722/351693')
1504,Enhanced resistive switching uniformity in HfO2/TiO2NWA memristor for synaptic simulation,Applied Physics Letters,2023-03-27,10.1063/5.0140746,closed in Unpaywall,404 not found,False,closed,,,,
1506,Molecular-Layer-Deposited Zincone Films Induce the Formation of LiF-Rich Interphase for Lithium Metal Anodes,Advanced Energy Materials,2023-03-24,10.1002/aenm.202204002,closed in Unpaywall,404 not found,False,closed,,,,
1508,Amidoxime-Containing Ti Precursors for Atomic Layer Deposition of TiN Thin Films with Suppressed Columnar Microstructure,Inorganic Chemistry,2023-03-20,10.1021/acs.inorgchem.3c00141,closed in Unpaywall,404 not found,False,closed,,,,
1509,Reduced fatigue and leakage of ferroelectric TiN/Hf0.5Zr0.5O2/TiN capacitors by thin alumina interlayers at the top or bottom interface,Nanotechnology,2023-03-19,10.1088/1361-6528/acad0a,closed in Unpaywall,404 not found,False,closed,,,,
1510,Improving the Efficiency of Hydrogen Spillover by an Organic Molecular Decoration Strategy for Enhanced Catalytic Hydrogenation Performance,ACS Catalysis,2023-03-17,10.1021/acscatal.2c06074,closed in Unpaywall,404 not found,False,closed,,,,
1511,Syntheses of η1-Alkyl-η3-Allyl-η5-Cyclopentadienyl Cobalt(III) Complexes and Their Use in Low-temperature Atomic Layer Deposition of Cobalt-Containing Thin Films,Chemistry A European Journal,2023-03-16,10.1002/chem.202203656,closed in Unpaywall,404 not found,False,closed,,,,
1515,On the Mechanism of the Atomic Layer Deposition of Cu Films on Silicon Oxide Surfaces: Activation Using Atomic Hydrogen and Three-Dimensional Growth,Chemistry of Materials,2023-03-14,10.1021/acs.chemmater.2c03789,OA PDF download failed,404 not found,True,hybrid,https://doi.org/10.1021/acs.chemmater.2c03789,failed,,HTTPError('403 Client Error: Forbidden for url: https://pubs.acs.org/doi/10.1021/acs.chemmater.2c03789')
1516,Sinter-Resistant Nickel Catalyst for Lignin Hydrogenolysis Achieved by Liquid Phase Atomic Layer Deposition of Alumina,Advanced Energy Materials,2023-03-10,10.1002/aenm.202203377,OA PDF download failed,404 not found,True,green,http://infoscience.epfl.ch/record/300129,failed,,HTTPError('405 Client Error: Not Allowed for url: https://infoscience.epfl.ch/record/300129')
1517,Molecular Layer Deposition of Pyrrone Thin Films by Oxidative Polymerization,Advanced Materials Interfaces,2023-03-06,10.1002/admi.202202174,OA PDF download failed,404 not found,True,gold,https://onlinelibrary.wiley.com/doi/pdfdirect/10.1002/admi.202202174,failed,,HTTPError('403 Client Error: Forbidden for url: https://onlinelibrary.wiley.com/doi/pdfdirect/10.1002/admi.202202174')
1518,Formation Mechanism and Bandgap Reduction of GaN–ZnO Solid-Solution Thin Films Fabricated by Nanolamination of Atomic Layer Deposition,Advanced Materials,2023-03-02,10.1002/adma.202207849,closed in Unpaywall,404 not found,False,closed,,,,
1521,Effect of a ZrO2 Seed Layer on an Hf0.5Zr0.5O2 Ferroelectric Device Fabricated via Plasma Enhanced Atomic Layer Deposition,Materials,2023-03-01,10.3390/ma16051959,OA PDF download failed,404 not found,True,gold,https://www.mdpi.com/1996-1944/16/5/1959/pdf?version=1677505561,failed,,HTTPError('403 Client Error: Forbidden for url: https://www.mdpi.com/1996-1944/16/5/1959/pdf?version=1677505561')
1524,Growth Features and Phase Composition of Hf–Sc–O thin Films Synthesized by Atomic Layer Deposition,Journal of Structural Chemistry,2023-03-01,10.1134/S0022476623030083,closed in Unpaywall,404 not found,False,closed,,,,
1526,Atomic layer deposition of Cu2O using copper acetylacetonate,Journal of Vacuum Science and Technology A Vacuum Surfaces and Films,2023-03-01,10.1116/6.0002238,OA PDF download failed,404 not found,True,hybrid,https://avs.scitation.org/doi/pdf/10.1116/6.0002238,failed,,HTTPError('403 Client Error: Forbidden for url: https://avs.scitation.org/doi/pdf/10.1116/6.0002238')
1527,Reversible alteration of 3D printed polymer properties via infiltration of alumina by atomic layer deposition,Journal of Vacuum Science and Technology A Vacuum Surfaces and Films,2023-03-01,10.1116/6.0002397,closed in Unpaywall,404 not found,False,closed,,,,
1530,Exploration on the growth of Bi2O2Se films and nanosheet by an ALD-assisted CVD method,Journal of Materials Science Materials in Electronics,2023-03-01,10.1007/s10854-023-10207-1,closed in Unpaywall,404 not found,False,closed,,,,
1531,Ultrasensitive and Wide-Range Flexible Hydrogen Sensor Based on Pd Nanoparticles Decorated Ultrathin SnO2 Film,Advanced Electronic Materials,2023-03-01,10.1002/aelm.202201047,OA PDF download failed,404 not found,True,gold,https://onlinelibrary.wiley.com/doi/pdfdirect/10.1002/aelm.202201047,failed,,HTTPError('403 Client Error: Forbidden for url: https://onlinelibrary.wiley.com/doi/pdfdirect/10.1002/aelm.202201047')
1533,On the limitations of thermal atomic layer deposition of InN using ammonia,Journal of Vacuum Science and Technology A Vacuum Surfaces and Films,2023-03-01,10.1116/6.0002355,OA PDF download failed,404 not found,True,hybrid,https://avs.scitation.org/doi/pdf/10.1116/6.0002355,failed,,HTTPError('403 Client Error: Forbidden for url: https://avs.scitation.org/doi/pdf/10.1116/6.0002355')
1534,Improved Performance of HfxZnyO-Based RRAM and its Switching Characteristics down to 4 K Temperature,Advanced Electronic Materials,2023-03-01,10.1002/aelm.202201250,OA PDF download failed,404 not found,True,gold,https://onlinelibrary.wiley.com/doi/pdfdirect/10.1002/aelm.202201250,failed,,HTTPError('403 Client Error: Forbidden for url: https://onlinelibrary.wiley.com/doi/pdfdirect/10.1002/aelm.202201250')
1535,Multiscale CFD Modeling of Area-Selective Atomic Layer Deposition: Application to Reactor Design and Operating Condition Calculation,Coatings,2023-03-01,10.3390/coatings13030558,OA PDF download failed,404 not found,True,gold,https://www.mdpi.com/2079-6412/13/3/558/pdf?version=1678091360,failed,,HTTPError('403 Client Error: Forbidden for url: https://www.mdpi.com/2079-6412/13/3/558/pdf?version=1678091360')
1536,Water-Free SbOx ALD Process for Coating Bi2Te3 Particles,Coatings,2023-03-01,10.3390/coatings13030641,OA PDF download failed,404 not found,True,gold,https://www.mdpi.com/2079-6412/13/3/641/pdf?version=1679122404,failed,,HTTPError('403 Client Error: Forbidden for url: https://www.mdpi.com/2079-6412/13/3/641/pdf?version=1679122404')
1537,Performance of Transparent Indium-Gallium-Zinc Oxide Thin Film Transistor Prepared by All Plasma Enhanced Atomic Layer Deposition,IEEE Electron Device Letters,2023-03-01,10.1109/LED.2023.3239379,closed in Unpaywall,404 not found,False,closed,,,,
1541,In vacuo cluster tool for studying reaction mechanisms in atomic layer deposition and atomic layer etching processes,Journal of Vacuum Science and Technology A Vacuum Surfaces and Films,2023-03-01,10.1116/6.0002312,closed in Unpaywall,404 not found,False,closed,,,,
1543,Interface Chemistry and Defect State Optimization of the ErSmO/InP Heterojunction Modified by ALD-Driven Al2O3 Interlayers,ACS Applied Electronic Materials,2023-02-28,10.1021/acsaelm.2c01494,closed in Unpaywall,404 not found,False,closed,,,,
1544,Electrical Properties of HfO2 on Si1-xGex Substrates Pretreated Using a Y Precursor with and without Subsequent Oxidant Pulsing,ACS Applied Electronic Materials,2023-02-28,10.1021/acsaelm.2c01641,closed in Unpaywall,404 not found,False,closed,,,,
1545,Plasma-Enhanced Molecular Layer Deposition of Phosphane-Ene Polymer Films,Chemistry of Materials,2023-02-28,10.1021/acs.chemmater.2c03036,closed in Unpaywall,404 not found,False,closed,,,,
1546,Spatially-Modulated Silicon Interface Energetics Via Hydrogen Plasma-Assisted Atomic Layer Deposition of Ultrathin Alumina,Advanced Materials Interfaces,2023-02-23,10.1002/admi.202202166,OA PDF download failed,404 not found,True,hybrid,https://doi.org/10.1002/admi.202202166,failed,,HTTPError('403 Client Error: Forbidden for url: https://advanced.onlinelibrary.wiley.com/doi/10.1002/admi.202202166')
1547,Advanced atomic layer deposition (ALD): controlling the reaction kinetics and nucleation of metal thin films using electric-potential-assisted ALD,Journal of Materials Chemistry C,2023-02-20,10.1039/d2tc04755a,closed in Unpaywall,404 not found,False,closed,,,,
1548,Two-Dimensional SnO2-ZnO Nanohybrid Electrode Fabricated via Atomic Layer Deposition for Electrochemical Supercapacitors,Energy and Fuels,2023-02-16,10.1021/acs.energyfuels.2c03299,OA PDF download failed,404 not found,True,green,http://hdl.handle.net/1854/LU-01GSRVFTG83M40GXMME0X0F429,failed,,downloaded response was not a PDF
1549,Near-Ideal Top-Gate Controllability of InGaZnO Thin-Film Transistors by Suppressing Interface Defects with an Ultrathin Atomic Layer Deposited Gate Insulator,ACS Applied Materials and Interfaces,2023-02-15,10.1021/acsami.2c20176,closed in Unpaywall,404 not found,False,closed,,,,
1552,Thermal Atomic Layer Etching of MoS2 Using MoF6 and H2O,Chemistry of Materials,2023-02-14,10.1021/acs.chemmater.2c02549,OA PDF download failed,404 not found,True,hybrid,https://pubs.acs.org/doi/pdf/10.1021/acs.chemmater.2c02549,failed,,HTTPError('403 Client Error: Forbidden for url: https://pubs.acs.org/doi/pdf/10.1021/acs.chemmater.2c02549')
1553,Reinforcement of Bonding Strength between Dental Y-TZP and Resin via Nano-Thin and Conformal SiO2 Films by Atomic Layer Deposition,Advanced Materials Interfaces,2023-02-14,10.1002/admi.202201910,OA PDF download failed,404 not found,True,hybrid,https://doi.org/10.1002/admi.202201910,failed,,HTTPError('403 Client Error: Forbidden for url: https://advanced.onlinelibrary.wiley.com/doi/10.1002/admi.202201910')
1554,Inhibitor-Free Area-Selective Atomic Layer Deposition with Feature Size Down to Nearly 10 nm,Chemistry of Materials,2023-02-14,10.1021/acs.chemmater.2c03046,closed in Unpaywall,404 not found,False,closed,,,,
1555,Enhanced pseudo-atomic layer deposition of antimony telluride thin films by co-injecting NH3 gas with both precursors,Journal of Materials Chemistry C,2023-02-13,10.1039/d3tc00007a,closed in Unpaywall,404 not found,False,closed,,,,
1556,Area-Selective Atomic Layer Deposition of SnS2 Nanosheets for Applications of Back-End-of-Line-Compatible Transistors,ACS Applied Nano Materials,2023-02-10,10.1021/acsanm.2c04620,closed in Unpaywall,404 not found,False,closed,,,,
1558,Refractive Index Tuning of All-Inorganic TiO2 Nanocrystal-Based Films and High Aspect Ratio Nanostructures Using Atomic Layer Deposition: Implications for High-Throughput Fabrication of Metalenses,ACS Applied Nano Materials,2023-02-10,10.1021/acsanm.2c04982,closed in Unpaywall,404 not found,False,closed,,,,
1559,Realizing Holistic Charging-Discharging for Dendrite-Free Lithium Metal Anodes via Constructing Three-Dimensional Li+ Conductive Networks,ACS Applied Materials and Interfaces,2023-02-08,10.1021/acsami.2c17953,closed in Unpaywall,404 not found,False,closed,,,,
1562,Fabrication of PtIrPd Noble Metal Medium Entropy Alloy Thin Film by Atomic Layer Deposition,Advanced Engineering Materials,2023-02-01,10.1002/adem.202201263,OA PDF download failed,404 not found,True,bronze,https://onlinelibrary.wiley.com/doi/pdfdirect/10.1002/adem.202201263,failed,,HTTPError('403 Client Error: Forbidden for url: https://onlinelibrary.wiley.com/doi/pdfdirect/10.1002/adem.202201263')
1564,Area-Selective Deposition of AlOx and Al-Silicate for Fully Self-Aligned Via Integration,ACS Applied Materials and Interfaces,2023-02-01,10.1021/acsami.2c18014,closed in Unpaywall,404 not found,False,closed,,,,
1565,Secondary electron emission characteristics of alumina coating on metallic substrate prepared by atomic layer deposition,Journal of Instrumentation,2023-02-01,10.1088/1748-0221/18/02/P02002,closed in Unpaywall,404 not found,False,closed,,,,
1569,Ultraflexible and Energy-Efficient Artificial Synapses Based on Molecular/Atomic Layer Deposited Organic–Inorganic Hybrid Thin Films,Advanced Electronic Materials,2023-02-01,10.1002/aelm.202200821,OA PDF download failed,404 not found,True,hybrid,https://onlinelibrary.wiley.com/doi/pdfdirect/10.1002/aelm.202200821,failed,,HTTPError('403 Client Error: Forbidden for url: https://onlinelibrary.wiley.com/doi/pdfdirect/10.1002/aelm.202200821')
1570,Simulation of Precursor Distribution in Chamber During Atomic Layer Deposition,Bandaoti Guangdian Semiconductor Optoelectronics,2023-02-01,10.16818/j.issn1001-5868.2022110702,DOI not found in Unpaywall,404 not found,,doi_not_found,,,,
1572,Fabrication of Aluminum Oxide Thin-Film Devices Based on Atomic Layer Deposition and Pulsed Discrete Feed Method,Micromachines,2023-02-01,10.3390/mi14020279,OA PDF download failed,404 not found,True,gold,https://www.mdpi.com/2072-666X/14/2/279/pdf?version=1674288880,failed,,HTTPError('403 Client Error: Forbidden for url: https://www.mdpi.com/2072-666X/14/2/279/pdf?version=1674288880')
1573,"Evaluation of the Structural, Optical and Photoconversion Efficiency of ZnO Thin Films Prepared Using Aerosol Deposition",Applied Sciences Switzerland,2023-02-01,10.3390/app13031905,OA PDF download failed,404 not found,True,gold,https://www.mdpi.com/2076-3417/13/3/1905/pdf?version=1675247620,failed,,HTTPError('403 Client Error: Forbidden for url: https://www.mdpi.com/2076-3417/13/3/1905/pdf?version=1675247620')
1574,"Robust, Conformal ZnO Coatings on Fabrics via Atmospheric-Pressure Spatial Atomic Layer Deposition with In-Situ Thickness Control**",Chemnanomat,2023-02-01,10.1002/cnma.202200498,closed in Unpaywall,404 not found,False,closed,,,,
1575,An Environmental and Technical Evaluation of Vacuum-Based Thin Film Technologies: Lithium Niobate Coated Cathode Active Material for Use in All-Solid-State Battery Cells,Energies,2023-02-01,10.3390/en16031278,OA PDF download failed,404 not found,True,gold,https://www.mdpi.com/1996-1073/16/3/1278/pdf?version=1675689970,failed,,HTTPError('403 Client Error: Forbidden for url: https://www.mdpi.com/1996-1073/16/3/1278/pdf?version=1675689970')
1576,Heterostructure Films of SiO2 and HfO2 for High-Power Laser Optics Prepared by Plasma-Enhanced Atomic Layer Deposition,Coatings,2023-02-01,10.3390/coatings13020278,OA PDF download failed,404 not found,True,gold,https://www.mdpi.com/2079-6412/13/2/278/pdf?version=1676368033,failed,,HTTPError('403 Client Error: Forbidden for url: https://www.mdpi.com/2079-6412/13/2/278/pdf?version=1676368033')
1579,Defect passivation through quick radiative annealing for high-performance solution-processed Al-doped ZnO TCOs,Journal of Materials Science Materials in Electronics,2023-02-01,10.1007/s10854-023-09867-w,closed in Unpaywall,404 not found,False,closed,,,,
1581,Multilayer Ultrathin MXene@AgNW@MoS2 Composite Film for High-Efficiency Electromagnetic Shielding,ACS Applied Materials and Interfaces,2023-02-01,10.1021/acsami.2c18759,closed in Unpaywall,404 not found,False,closed,,,,
1591,Optimizing impedance matching and interfacial characteristics of aromatic polyimide/graphene by molecular layer deposition for heat-conducting microwave absorption,Journal of Materials Chemistry A,2023-01-25,10.1039/d2ta09101a,closed in Unpaywall,404 not found,False,closed,,,,
1593,Reducing the β‑Ga2O3 Epitaxy Temperature to 240 °C via Atomic Layer Plasma Processing,ACS Applied Electronic Materials,2023-01-24,10.1021/ACSAELM.2C01353,closed in Unpaywall,404 not found,False,closed,,,,
1595,Reversible perovskite-fluorite phase transition in alumina-supported CeFeOx films,Journal of Materials Chemistry A,2023-01-23,10.1039/d2ta06215a,closed in Unpaywall,404 not found,False,closed,,,,
1596,Oxygen Evolution Electrocatalysis in Acids: Atomic Tuning of the Stability Number for Submonolayer IrOx on Conductive Oxides from Molecular Precursors,ACS Catalysis,2023-01-20,10.1021/acscatal.2c04439,closed in Unpaywall,404 not found,False,closed,,,,
1599,Silver Thin-Film Electrodes Grown by Low-Temperature Plasma-Enhanced Spatial Atomic Layer Deposition at Atmospheric Pressure,Advanced Materials Technologies,2023-01-10,10.1002/admt.202200796,OA PDF download failed,404 not found,True,hybrid,https://doi.org/10.1002/admt.202200796,failed,,HTTPError('403 Client Error: Forbidden for url: https://advanced.onlinelibrary.wiley.com/doi/10.1002/admt.202200796')
1601,Mechanistic Insights into Oxidative Molecular Layer Deposition of Conjugated Polymers,Chemistry of Materials,2023-01-10,10.1021/acs.chemmater.2c02923,closed in Unpaywall,404 not found,False,closed,,,,
1603,Chemical and electronic properties of interfaces between RuO2and Hf0.5Zr0.5O2studied by x-ray photoelectron spectroscopy,Applied Physics Letters,2023-01-09,10.1063/5.0132056,closed in Unpaywall,404 not found,False,closed,,,,
1604,Fabrication of ZnO dual electron transport layer via atomic layer deposition for highly stable and efficient CsPbBr3 perovskite nanocrystals light-emitting diodes,Nanotechnology,2023-01-08,10.1088/1361-6528/ac98ce,closed in Unpaywall,404 not found,False,closed,,,,
1605,ALD-Deposited NiO Approaches the Performance of Platinum as a Hydrogen Evolution Cocatalyst on Carbon Nitride,ACS Catalysis,2023-01-06,10.1021/acscatal.2c04795,closed in Unpaywall,404 not found,False,closed,,,,
1606,Influence of Substrates on Structure Development and Concentration of Residual Impurities in Hafnium-Titanium-Oxide Films Grown by Atomic Layer Deposition,Crystal Growth and Design,2023-01-04,10.1021/acs.cgd.2c01174,closed in Unpaywall,404 not found,False,closed,,,,
1607,ALD modified cross-linked ZnO nanowire sensors for pollutant gases,2023 IEEE Nanotechnology Materials and Devices Conference Nmdc 2023,2023-01-01,10.1109/NMDC57951.2023.10343609,closed in Unpaywall,404 not found,False,closed,,,,
1608,Monte Carlo Modeling of Growth Delay in Atomic Layer Deposited WS2on SiO2Substrate Based on Kinetic Extrapolation of Reaction Entropy and Enthalpy,IEEE Transactions on Nanotechnology,2023-01-01,10.1109/TNANO.2023.3329668,closed in Unpaywall,404 not found,False,closed,,,,
1609,DESIGN AND DEVELOPMENT OF LOW-TEMPERATURE NI COATING WITHOUT PLASMA USING ATOMIC LAYER DEPOSITION,ASME International Mechanical Engineering Congress and Exposition Proceedings Imece,2023-01-01,10.1115/IMECE2023-114158,closed in Unpaywall,404 not found,False,closed,,,,
1611,Nonlinear polarization holography of nanoscale iridium films,New Journal of Physics,2023-01-01,10.1088/1367-2630/ad0c83,OA PDF download failed,404 not found,True,gold,http://dx.doi.org/10.1088/1367-2630/ad0c83,failed,,no PDF link found on OA page
1612,The Structural and Electrical Properties of High-K Hf-Sm-O Thin Films Prepared by Atomic Layer Deposition,International Conference of Young Specialists on Micro Nanotechnologies and Electron Devices Edm,2023-01-01,10.1109/EDM58354.2023.10225098,closed in Unpaywall,404 not found,False,closed,,,,
1614,Fundamental studies of interactions between polymer substrate and precursor in sequential infiltration synthesis,Proceedings of SPIE the International Society for Optical Engineering,2023-01-01,10.1117/12.2655986,closed in Unpaywall,404 not found,False,closed,,,,
1616,Synaptic Characteristics of Atomic Layer-Deposited Ferroelectric Lanthanum-Doped HfO2 (La:HfO2) and TaN-Based Artificial Synapses,ACS Applied Materials and Interfaces,2023-01-01,10.1021/acsami.3c13159,closed in Unpaywall,404 not found,False,closed,,,,
1617,Thin Films of Wide Band Gap II-VI Semiconductor Compounds: Features of Preparation,Handbook of II Vi Semiconductor Based Sensors and Radiation Detectors Materials and Technology Volume 1,2023-01-01,10.1007/978-3-031-19531-0_10,closed in Unpaywall,404 not found,False,closed,,,,
1618,Multi Cycle and Material Deposition for Spatial Atomic Layer Deposition Process,2023 IEEE Nanotechnology Materials and Devices Conference Nmdc 2023,2023-01-01,10.1109/NMDC57951.2023.10344252,closed in Unpaywall,404 not found,False,closed,,,,
1619,Generative AI-Based Data Analysis for Evaluation of Variations in XPS Characteristics of MoS2,2023 IEEE 3rd International Conference on Smart Technologies for Power Energy and Control Stpec 2023,2023-01-01,10.1109/STPEC59253.2023.10431152,closed in Unpaywall,404 not found,False,closed,,,,
1620,Effect of Ga-Doping on Atomic-Layer-Deposited Ultrathin InGaO Thin Film Transistors with BEOL-Compatibility,2023 International VLSI Symposium on Technology Systems and Applications VLSI Tsa VLSI Dat 2023 Proceedings,2023-01-01,10.1109/VLSI-TSA/VLSI-DAT57221.2023.10133982,closed in Unpaywall,404 not found,False,closed,,,,
1621,Uniformity of HfO2 Thin Films Prepared on Trench Structures via Plasma-Enhanced Atomic Layer Deposition,Nanomaterials,2023-01-01,10.3390/nano13010161,OA PDF download failed,404 not found,True,gold,https://www.mdpi.com/2079-4991/13/1/161/pdf?version=1672906632,failed,,HTTPError('403 Client Error: Forbidden for url: https://www.mdpi.com/2079-4991/13/1/161/pdf?version=1672906632')
1622,Enhancing Specific Capacitance and Structural Durability of VO2 Through Rationally Constructed Core-Shell Heterostructures,Lecture Notes in Electrical Engineering,2023-01-01,10.1007/978-981-99-1027-4_117,closed in Unpaywall,404 not found,False,closed,,,,
1624,Inhibition of the atomic layer deposition of ZnO and SnO2using a vapor-based polymer thin film,Journal of Vacuum Science and Technology A Vacuum Surfaces and Films,2023-01-01,10.1116/6.0002248,closed in Unpaywall,404 not found,False,closed,,,,
1625,Synthesis of nanostructured materials via atomic and molecular layer deposition,Encyclopedia of Nanomaterials,2023-01-01,10.1016/B978-0-12-822425-0.00069-5,closed in Unpaywall,400 bad request: INVALID_INPUT - View parameter specified in request is not valid,False,closed,,,,
1630,Interfaces in ALD very thin Al2O3/HfO2 stacks studied by ellipsometry,Journal of Physics Conference Series,2023-01-01,10.1088/1742-6596/2436/1/012015,OA PDF download failed,404 not found,True,gold,https://doi.org/10.1088/1742-6596/2436/1/012015,failed,,no PDF link found on OA page
1631,Micron Channel Length ZnO Thin Film Transistors with Different Gate Dielectric Thicknesses Based on Electronic Design Automation Tools,2023 2nd International Conference on Power Systems and Electrical Technology Pset 2023,2023-01-01,10.1109/PSET59452.2023.10346376,closed in Unpaywall,404 not found,False,closed,,,,
1632,Wafer-Level Fabrication of Conformal Sub 10-NM Nanogaps,Proceedings of the IEEE International Conference on Micro Electro Mechanical Systems MEMS,2023-01-01,10.1109/MEMS49605.2023.10052564,closed in Unpaywall,404 not found,False,closed,,,,
1635,Blocking the reverse reactions of overall water splitting on a Rh/GaN–ZnO photocatalyst modified with Al2O3,Nature Catalysis,2023-01-01,10.1038/s41929-022-00907-y,closed in Unpaywall,404 not found,False,closed,,,,
1637,Thermal atomic layer deposition of molybdenum carbide films using bis(ethylbenzene)molybdenum and H2,Journal of Vacuum Science and Technology A Vacuum Surfaces and Films,2023-01-01,10.1116/6.0002308,closed in Unpaywall,404 not found,False,closed,,,,
1638,Industrial perspectives of Atomic Layer Deposition technique used for metal oxides coating of magnesium alloy powders,Mechanical Technology and Structural Materials,2023-01-01,,missing DOI,,,,,,,
1640,Study of PEALD-AlN as Dielectric Layer in GaN MIS-HEMTs,2023 20th China International Forum on Solid State Lighting and 2023 9th International Forum on Wide Bandgap Semiconductors Sslchina Ifws 2023,2023-01-01,10.1109/SSLChinaIFWS60785.2023.10399714,closed in Unpaywall,404 not found,False,closed,,,,
1641,Energy Harvesting Through a Low-Cost Device Using Reverse Electrowetting on Dielectric (REWOD),Lecture Notes in Mechanical Engineering,2023-01-01,10.1007/978-981-19-3410-0_1,closed in Unpaywall,404 not found,False,closed,,,,
1642,Enhanced PdSe2/Si heterojunction photodetector by Al2O3 layer,Zhejiang Daxue Xuebao Gongxue Ban Journal of Zhejiang University Engineering Science,2023-01-01,10.3785/j.issn.1008-973X.2023.01.019,DOI not found in Unpaywall,404 not found,,doi_not_found,,,,
1643,Towards Selective Cobalt Atomic Layer Deposition for Chip-to-Wafer 3D Heterogeneous Integration,Proceedings Electronic Components and Technology Conference,2023-01-01,10.1109/ECTC51909.2023.00069,closed in Unpaywall,404 not found,False,closed,,,,
1646,Opto-Electronic Monolayer ZnO Memristor Produced via Low Temperature Atomic Layer Deposition,Proceedings of 2023 IEEE International Conference on Integrated Circuits Technologies and Applications Icta 2023,2023-01-01,10.1109/ICTA60488.2023.10364307,closed in Unpaywall,404 not found,False,closed,,,,
1647,Ultra High-k HfZrO4Thin Films Grown by Atomic Layer Deposition using Metal-Organic and Brute HOOH precursors,2023 International VLSI Symposium on Technology Systems and Applications VLSI Tsa VLSI Dat 2023 Proceedings,2023-01-01,10.1109/VLSI-TSA/VLSI-DAT57221.2023.10134407,closed in Unpaywall,404 not found,False,closed,,,,
1648,Atomic Layer Deposition ZnO-Enhanced Negative Electrode for Lithium-Ion Battery: Understanding of Conversion/Alloying Reaction via 7Li Solid State NMR Spectroscopy,Journal of the Electrochemical Society,2023-01-01,10.1149/1945-7111/acaf3e,OA PDF download failed,404 not found,True,hybrid,https://iopscience.iop.org/article/10.1149/1945-7111/acaf3e/pdf,failed,,no PDF link found on OA page
1649,Cut-and-pasting ligands: The structure/function relationships of a thermally robust Mo(VI) precursor,Journal of Vacuum Science and Technology A Vacuum Surfaces and Films,2023-01-01,10.1116/6.0002254,closed in Unpaywall,404 not found,False,closed,,,,
1651,Study on immersion grating for methane detection spectrometer,Proceedings of SPIE the International Society for Optical Engineering,2023-01-01,10.1117/12.2665330,closed in Unpaywall,404 not found,False,closed,,,,
1652,Plasma-enhanced atomic layer deposition of WO3-SiO2films using a heteronuclear precursor,Journal of Vacuum Science and Technology A Vacuum Surfaces and Films,2023-01-01,10.1116/6.0002214,OA PDF download failed,404 not found,True,bronze,https://pubs.aip.org/avs/jva/article-pdf/doi/10.1116/6.0002214/16705965/012406_1_online.pdf,failed,,HTTPError('403 Client Error: Forbidden for url: https://pubs.aip.org/avs/jva/article-pdf/doi/10.1116/6.0002214/16705965/012406_1_online.pdf')
1654,The Effect of Deposition Temperature of TiN Thin Film Deposition Using Thermal Atomic Layer Deposition,Coatings,2023-01-01,10.3390/coatings13010104,OA PDF download failed,404 not found,True,gold,https://www.mdpi.com/2079-6412/13/1/104/pdf?version=1673514396,failed,,HTTPError('403 Client Error: Forbidden for url: https://www.mdpi.com/2079-6412/13/1/104/pdf?version=1673514396')
1655,Characteristics of High-Crystallinity ZrO2 Thin Films Deposited Using Remote Plasma Atomic Layer Deposition,Physica Status Solidi A Applications and Materials Science,2023-01-01,10.1002/pssa.202200278,closed in Unpaywall,404 not found,False,closed,,,,
1656,Predictive Evaluation of Atomic Layer Deposition Characteristics for Synthesis of Al2O3 thin Films †,Engineering Proceedings,2023-01-01,10.3390/ECP2023-14631,OA PDF download failed,404 not found,True,gold,https://www.mdpi.com/2673-4591/37/1/90/pdf?version=1689316960,failed,,HTTPError('403 Client Error: Forbidden for url: https://www.mdpi.com/2673-4591/37/1/90/pdf?version=1689316960')
1658,Surface Modification of Plastics,Applied Plastics Engineering Handbook Processing Sustainability Materials and Applications,2023-01-01,10.1016/B978-0-323-88667-3.00004-7,closed in Unpaywall,400 bad request: INVALID_INPUT - View parameter specified in request is not valid,False,closed,,,,
1659,Research progress of alumina coated cathode materials for lithium-ion batteries,Inorganic Chemicals Industry,2023-01-01,10.19964/j.issn.1006-4990.2022-0098,DOI not found in Unpaywall,404 not found,,doi_not_found,,,,
1660,Atomic Layer Deposited Supercapacitor Electrodes,Springer Series in Materials Science,2023-01-01,10.1007/978-3-031-23701-0_7,closed in Unpaywall,404 not found,False,closed,,,,
1661,Surface reaction modelling of thermal atomic layer etching on blanket hafnium oxide and its application on high aspect ratio structures,Journal of Vacuum Science and Technology A Vacuum Surfaces and Films,2023-01-01,10.1116/6.0002244,closed in Unpaywall,404 not found,False,closed,,,,
1662,Atomic layer deposition of ferrite thin films,Ferrite Nanostructured Magnetic Materials Technologies and Applications,2023-01-01,10.1016/B978-0-12-823717-5.00050-4,closed in Unpaywall,400 bad request: INVALID_INPUT - View parameter specified in request is not valid,False,closed,,,,
1664,Properties of SiO2 Thin Films Deposited by Atomic Layer Deposition in relation to Growth Temperature,New Physics Sae Mulli,2023-01-01,10.3938/NPSM.73.23,closed in Unpaywall,404 not found,False,closed,,,,
1665,Substrate Effect on Thermal ALD AlN Film Growth Rate,2023 China Semiconductor Technology International Conference Cstic 2023,2023-01-01,10.1109/CSTIC58779.2023.10219286,closed in Unpaywall,404 not found,False,closed,,,,
1666,Properties of ultrathin epitaxial NbNx film on C-cut sapphire,St Petersburg State Polytechnical University Journal Physics and Mathematics,2023-01-01,10.18721/JPM.163.112,DOI not found in Unpaywall,404 not found,,doi_not_found,,,,
1667,Towards low damage and fab-compatible top-contacts in MX2transistors using a combined synchronous pulse atomic layer etch and wet-chemical etch approach,Digest of Technical Papers Symposium on VLSI Technology,2023-01-01,10.23919/VLSITechnologyandCir57934.2023.10185413,closed in Unpaywall,404 not found,False,closed,,,,
1668,Role of dose optimization in Ru atomic layer deposition for low resistivity films,Journal of Vacuum Science and Technology B,2023-01-01,10.1116/6.0002153,closed in Unpaywall,404 not found,False,closed,,,,
1669,Membrane Fabrication and Modification by Atomic Layer Deposition: Processes and Applications in Water Treatment and Gas Separation,ACS Applied Materials and Interfaces,2023-01-01,10.1021/acsami.2c22627,closed in Unpaywall,404 not found,False,closed,,,,
1670,Charge trapping effects in nonvolatile memory cells with HfO2/Al2O3 nanolaminated trapping layer,Journal of Physics Conference Series,2023-01-01,10.1088/1742-6596/2436/1/012016,OA PDF download failed,404 not found,True,gold,https://iopscience.iop.org/article/10.1088/1742-6596/2436/1/012016/pdf,failed,,no PDF link found on OA page
1671,Atomic Layer Deposition of Perpendicularly Magnetized Co Layers Showing Current-induced Domain Wall Motion,2023 IEEE International Magnetic Conference Short Papers Intermag Short Papers 2023 Proceedings,2023-01-01,10.1109/INTERMAGShortPapers58606.2023.10228685,closed in Unpaywall,404 not found,False,closed,,,,
1674,Enhanced Resistive Switching in Flexible Hybrid RRAM Devices With PVK:MoS2/TiO2Bilayer,IEEE Transactions on Electron Devices,2023-01-01,10.1109/TED.2022.3221355,closed in Unpaywall,404 not found,False,closed,,,,
1675,Molecular layer deposition of an Al-based hybrid resist for electron-beam and EUV lithography,Proceedings of SPIE the International Society for Optical Engineering,2023-01-01,10.1117/12.2657636,closed in Unpaywall,404 not found,False,closed,,,,
1676,Improving the Stability of Polymer Electrolyte Membrane Fuel Cells via Atomic Layer-Deposited Cerium Oxide,International Journal of Energy Research,2023-01-01,10.1155/2023/5506063,OA PDF download failed,404 not found,True,gold,https://onlinelibrary.wiley.com/doi/pdfdirect/10.1155/2023/5506063?download=true,failed,,HTTPError('403 Client Error: Forbidden for url: https://onlinelibrary.wiley.com/doi/pdfdirect/10.1155/2023/5506063?download=true')
1677,The Formation of Ru/ZnO Multifunctional Bilayer through Area Selective Atomic Layer Deposition for Advanced Cu Metallization,2023 IEEE International Interconnect Technology Conference and IEEE Materials for Advanced Metallization Conference Iitc Mam 2023 Proceedings,2023-01-01,10.1109/IITC/MAM57687.2023.10154647,closed in Unpaywall,404 not found,False,closed,,,,
1678,Binder-Free Supercapacitors,Springer Series in Materials Science,2023-01-01,10.1007/978-3-031-23701-0_8,closed in Unpaywall,404 not found,False,closed,,,,
1679,Towards Epitaxial Ferroelectric HZO on n+-Si/Ge Substrates Achieving Record 2Pr= 84 μC/cm2and Endurance > 1E11,Digest of Technical Papers Symposium on VLSI Technology,2023-01-01,10.23919/VLSITechnologyandCir57934.2023.10185233,closed in Unpaywall,404 not found,False,closed,,,,
1680,First Demonstration of Highly Scaled Atomic Layer Deposited Ultrathin InSnZnO Channel Thin Film Transistor Exhibiting Superior Electrical Characteristics,Technical Digest International Electron Devices Meeting Iedm,2023-01-01,10.1109/IEDM45741.2023.10413671,closed in Unpaywall,404 not found,False,closed,,,,
1681,The Study of Silicon Nitride Films Deposited In Batch ALD System,2023 China Semiconductor Technology International Conference Cstic 2023,2023-01-01,10.1109/CSTIC58779.2023.10219244,closed in Unpaywall,404 not found,False,closed,,,,
1683,Atomic Layer Deposition of HfS2 on Oxide Interfaces: A Model Study on the Initial Nucleation Processes,Journal of Physical Chemistry C,2022-12-29,10.1021/acs.jpcc.2c06293,closed in Unpaywall,404 not found,False,closed,,,,
1684,Transition Metal Dichalcogenide TiS2Prepared by Hybrid Atomic Layer Deposition/Molecular Layer Deposition: Atomic-Level Insights with in Situ Synchrotron X-ray Studies and Molecular Surface Chemistry,Chemistry of Materials,2022-12-27,10.1021/acs.chemmater.2c02369,closed in Unpaywall,404 not found,False,closed,,,,
1685,Nanometer-Thick Oxide Semiconductor Transistor with Ultra-High Drain Current,ACS Nano,2022-12-27,10.1021/acsnano.2c10383,closed in Unpaywall,404 not found,False,closed,,,,
1686,Analysis on Contact Resistance and Effective Channel Length of Thin Film Transistors Using Composition-Modified In-Ga-Zn-O Active Channels Prepared with Atomic Layer Deposition and Various Electrode Materials,ACS Applied Electronic Materials,2022-12-27,10.1021/acsaelm.2c01342,closed in Unpaywall,404 not found,False,closed,,,,
1687,Tuning the Band Structure of Zn-Doped SnS2Nanosheet-Based Thin Films by Atomic Layer Deposition for Photoelectric Devices,ACS Applied Nano Materials,2022-12-23,10.1021/acsanm.2c04073,closed in Unpaywall,404 not found,False,closed,,,,
1695,Atomic Layer Deposition of Sb2Te3/GeTe Superlattice Film and Its Melt-Quenching-Free Phase-Transition Mechanism for Phase-Change Memory,Advanced Materials,2022-12-15,10.1002/adma.202207143,closed in Unpaywall,404 not found,False,closed,,,,
1696,Hafnium-doped zirconia ferroelectric thin films with excellent endurance at high polarization,Nanoscale,2022-12-14,10.1039/d2nr05678j,closed in Unpaywall,404 not found,False,closed,,,,
1697,Ultrathin ALD Aluminum Oxide Thin Films Suppress the Thermal Shrinkage of Battery Separator Membranes,ACS Omega,2022-12-13,10.1021/acsomega.2c06318,OA PDF download failed,404 not found,True,gold,https://pubs.acs.org/doi/pdf/10.1021/acsomega.2c06318,failed,,HTTPError('403 Client Error: Forbidden for url: https://pubs.acs.org/doi/pdf/10.1021/acsomega.2c06318')
1699,Advanced atomic layer deposition: metal oxide thin film growth using the discrete feeding method,Journal of Materials Chemistry C,2022-12-12,10.1039/d2tc03485a,closed in Unpaywall,404 not found,False,closed,,,,
1700,Unveiling Ruthenium(II) Diazadienyls for Gas Phase Deposition Processes: Low Resistivity Ru Thin Films and Their Performance in the Acidic Oxygen Evolution Reaction,Advanced Materials Interfaces,2022-12-12,10.1002/admi.202201709,OA PDF download failed,404 not found,True,hybrid,https://doi.org/10.1002/admi.202201709,failed,,HTTPError('403 Client Error: Forbidden for url: https://advanced.onlinelibrary.wiley.com/doi/10.1002/admi.202201709')
1702,Wafer-Scale Growth of Sb2Te3Films via Low-Temperature Atomic Layer Deposition for Self-Powered Photodetectors,ACS Applied Materials and Interfaces,2022-12-07,10.1021/acsami.2c16150,closed in Unpaywall,404 not found,False,closed,,,,
1704,Ferroelectricity induced double-direction conductance modulation in Hf x Zr1−x O2 capacitors,Nanotechnology,2022-12-03,10.1088/1361-6528/ac8e0b,closed in Unpaywall,404 not found,False,closed,,,,
1705,The Role of Al2O3 ALD Coating on Sn-Based Intermetallic Anodes for Rate Capability and Long-Term Cycling in Lithium-Ion Batteries,Advanced Materials Interfaces,2022-12-02,10.1002/admi.202201598,OA PDF download failed,404 not found,True,hybrid,https://doi.org/10.1002/admi.202201598,failed,,HTTPError('403 Client Error: Forbidden for url: https://advanced.onlinelibrary.wiley.com/doi/10.1002/admi.202201598')
1707,Atomic layer deposition of ultrafine Pd nanoparticles for enhancing the rate capability of LiNi0.8Co0.1Mn0.1O2 cathode,Tungsten,2022-12-01,10.1007/s42864-022-00178-x,closed in Unpaywall,404 not found,False,closed,,,,
1709,Thermomechanical properties of aluminum oxide thin films made by atomic layer deposition,Journal of Vacuum Science and Technology A Vacuum Surfaces and Films,2022-12-01,10.1116/6.0002095,OA PDF download failed,404 not found,True,hybrid,https://avs.scitation.org/doi/pdf/10.1116/6.0002095,failed,,HTTPError('403 Client Error: Forbidden for url: https://avs.scitation.org/doi/pdf/10.1116/6.0002095')
1713,Synthesis and characteristics of Sn-doped SiO2via plasma-enhanced atomic layer deposition for self-aligned patterning,Journal of Vacuum Science and Technology A Vacuum Surfaces and Films,2022-12-01,10.1116/6.0001895,closed in Unpaywall,404 not found,False,closed,,,,
1715,Deposition Mechanism and Properties of Plasma-Enhanced Atomic Layer Deposited Gallium Nitride Films with Different Substrate Temperatures,Molecules,2022-12-01,10.3390/molecules27238123,OA PDF download failed,404 not found,True,gold,https://www.mdpi.com/1420-3049/27/23/8123/pdf?version=1669369179,failed,,HTTPError('403 Client Error: Forbidden for url: https://www.mdpi.com/1420-3049/27/23/8123/pdf?version=1669369179')
1717,Role of ZnO and MgO interfaces on the growth and optoelectronic properties of atomic layer deposited Zn1- x MgxO films,Journal of Vacuum Science and Technology A Vacuum Surfaces and Films,2022-12-01,10.1116/6.0001925,OA PDF download failed,404 not found,True,hybrid,https://avs.scitation.org/doi/pdf/10.1116/6.0001925,failed,,HTTPError('403 Client Error: Forbidden for url: https://avs.scitation.org/doi/pdf/10.1116/6.0001925')
1718,Fluidized-bed plasma enhanced atomic layer deposition of Pd catalyst for low-temperature CO oxidation,Journal of Vacuum Science and Technology A Vacuum Surfaces and Films,2022-12-01,10.1116/6.0001946,closed in Unpaywall,404 not found,False,closed,,,,
1719,Atomic layer deposition of MoNxthin films using a newly synthesized liquid Mo precursor,Journal of Vacuum Science and Technology A Vacuum Surfaces and Films,2022-12-01,10.1116/6.0002154,OA PDF download failed,404 not found,True,bronze,https://pubs.aip.org/avs/jva/article-pdf/doi/10.1116/6.0002154/16630192/062411_1_online.pdf,failed,,HTTPError('403 Client Error: Forbidden for url: https://pubs.aip.org/avs/jva/article-pdf/doi/10.1116/6.0002154/16630192/062411_1_online.pdf')
1720,Atomic layer deposition of self-assembled aluminum nanoparticles using dimethylethylamine alane as precursor and trimethylaluminum as an initiator,Journal of Nanoparticle Research,2022-12-01,10.1007/s11051-022-05618-w,closed in Unpaywall,404 not found,False,closed,,,,
1727,First-Principles Molecular Dynamics Simulations on Water–Solid Interface Behavior of H2O-Based Atomic Layer Deposition of Zirconium Dioxide,Nanomaterials,2022-12-01,10.3390/nano12244362,OA PDF download failed,404 not found,True,gold,https://www.mdpi.com/2079-4991/12/24/4362/pdf?version=1670413899,failed,,HTTPError('403 Client Error: Forbidden for url: https://www.mdpi.com/2079-4991/12/24/4362/pdf?version=1670413899')
1728,Three-Dimensional Metal-Insulator-Metal Decoupling Capacitors with Optimized ZrO2 ALD Properties for Improved Electrical and Reliability Parameters,Materials,2022-12-01,10.3390/ma15238325,OA PDF download failed,404 not found,True,gold,https://www.mdpi.com/1996-1944/15/23/8325/pdf?version=1669205815,failed,,HTTPError('403 Client Error: Forbidden for url: https://www.mdpi.com/1996-1944/15/23/8325/pdf?version=1669205815')
1731,Packing of inhibitor molecules during area-selective atomic layer deposition studied using random sequential adsorption simulations,Journal of Vacuum Science and Technology A Vacuum Surfaces and Films,2022-12-01,10.1116/6.0002096,OA PDF download failed,404 not found,True,hybrid,https://pubs.aip.org/avs/jva/article-pdf/doi/10.1116/6.0002096/16630436/062409_1_online.pdf,failed,,HTTPError('403 Client Error: Forbidden for url: https://pubs.aip.org/avs/jva/article-pdf/doi/10.1116/6.0002096/16630436/062409_1_online.pdf')
1734,In situ spectroscopic ellipsometry and rigorous coupled wave analysis for real time profile evolution of atomic layer deposited films inside SiO2nanotrenches,Journal of Vacuum Science and Technology A Vacuum Surfaces and Films,2022-12-01,10.1116/6.0001937,OA PDF download failed,404 not found,True,bronze,https://pubs.aip.org/avs/jva/article-pdf/doi/10.1116/6.0001937/16630222/062403_1_online.pdf,failed,,HTTPError('403 Client Error: Forbidden for url: https://pubs.aip.org/avs/jva/article-pdf/doi/10.1116/6.0001937/16630222/062403_1_online.pdf')
1735,Ionic Liquid-Mediated Route to Atomic Layer Deposition of Tin(II) Oxide via a C-C Bond Cleavage Ligand Modification Mechanism,Journal of the American Chemical Society,2022-11-30,10.1021/jacs.2c10257,closed in Unpaywall,404 not found,False,closed,,,,
1737,Nanocrystallite Seeding of Metastable Ferroelectric Phase Formation in Atomic Layer-Deposited Hafnia-Zirconia Alloys,ACS Applied Materials and Interfaces,2022-11-30,10.1021/acsami.2c15047,closed in Unpaywall,404 not found,False,closed,,,,
1738,Dopamine facilitates Al2O3 film growth on polyethylene terephthalate by low-temperature plasma-enhanced atomic layer deposition,Nanotechnology,2022-11-26,10.1088/1361-6528/ac8d6d,closed in Unpaywall,404 not found,False,closed,,,,
1739,Growth of Multiple Island Layers during Iron Oxide Atomic Layer Deposition: An Electron Microscopy and Spectroscopic Ellipsometry Investigation,Journal of Physical Chemistry C,2022-11-24,10.1021/acs.jpcc.2c05694,closed in Unpaywall,404 not found,False,closed,,,,
1740,Indium-free GZO thin films prepared using plasma-enhanced atomic layer deposition: toward thin film transistor application,Journal of Materials Chemistry C,2022-11-23,10.1039/d2tc03052g,closed in Unpaywall,404 not found,False,closed,,,,
1741,Performance Improvement of an Al/TiO2/Al Electronic Bipolar Resistive Switching Memory Cell via Inserting an Ultrathin ZrO2Layer,ACS Applied Electronic Materials,2022-11-22,10.1021/acsaelm.2c01043,closed in Unpaywall,404 not found,False,closed,,,,
1743,Developing Subthreshold-Swing Limit of PEALD In-Sn-Ga-O Transistor via Atomic-Scaled Sn Control,ACS Applied Electronic Materials,2022-11-22,10.1021/acsaelm.2c01222,closed in Unpaywall,404 not found,False,closed,,,,
1744,Low-Temperature Dehydrogenation of Vapor-Deposited Magnesium Borohydrides Imaged Using Identical Location Microscopy,Journal of Physical Chemistry C,2022-11-17,10.1021/acs.jpcc.2c04777,OA PDF download failed,404 not found,True,hybrid,https://doi.org/10.1021/acs.jpcc.2c04777,failed,,HTTPError('403 Client Error: Forbidden for url: https://pubs.acs.org/doi/10.1021/acs.jpcc.2c04777')
1745,Schottky Contacts to ZnO-Nanocoated SnSe Powders by Atomic Layer Deposition,ACS Omega,2022-11-15,10.1021/acsomega.2c05584,OA PDF download failed,404 not found,True,gold,https://doi.org/10.1021/acsomega.2c05584,failed,,HTTPError('403 Client Error: Forbidden for url: https://pubs.acs.org/doi/10.1021/acsomega.2c05584')
1746,Thermally Annealed Molecular Layer-Deposited Indicone: Structural Analysis and Area Selective Deposition Application,Advanced Materials Interfaces,2022-11-14,10.1002/admi.202201411,closed in Unpaywall,404 not found,False,closed,,,,
1747,Sb2Se3 Thin-Film Growth by Solution Atomic Layer Deposition,Chemistry of Materials,2022-11-08,10.1021/acs.chemmater.2c01550,OA PDF download failed,404 not found,True,green,https://hdl.handle.net/10195/81023,failed,,"ConnectionError(MaxRetryError(""HTTPSConnectionPool(host='dk.upce.cz', port=443): Max retries exceeded with url: /handle/10195/81023 (Caused by NewConnectionError('<urllib3.connection.HTTPSConnection object at 0x7a7d9033deb0>: Failed to establish a new connection: [Errno 101] Network is unreachable'))""))"
1748,Electron-Enhanced Atomic Layer Deposition of Titanium Nitride Films Using an Ammonia Reactive Background Gas,Chemistry of Materials,2022-11-08,10.1021/acs.chemmater.2c02341,closed in Unpaywall,404 not found,False,closed,,,,
1749,Chemo-mechanical effect of chlorine modified TiO2 coatings on LMO,Journal of Materials Chemistry A,2022-11-07,10.1039/d2ta06009d,OA PDF download failed,404 not found,True,green,https://lirias.kuleuven.be/handle/20.500.12942/709976,failed,,no PDF link found on OA page
1752,A Gate-All-Around In2O3 Nanoribbon FET With Near 20 mA/µm Drain Current,IEEE Electron Device Letters,2022-11-01,10.1109/LED.2022.3210005,closed in Unpaywall,404 not found,False,closed,,,,
1755,Enhanced Resistive Switching and Synaptic Characteristics of ALD Deposited AlN-Based RRAM by Positive Soft Breakdown Process,International Journal of Molecular Sciences,2022-11-01,10.3390/ijms232113249,OA PDF download failed,404 not found,True,gold,https://www.mdpi.com/1422-0067/23/21/13249/pdf?version=1667206714,failed,,HTTPError('403 Client Error: Forbidden for url: https://www.mdpi.com/1422-0067/23/21/13249/pdf?version=1667206714')
1756,Preparation of SBA-15-Supported Metals by Vapor-Phase Infiltration,Inorganics,2022-11-01,10.3390/inorganics10110215,OA PDF download failed,404 not found,True,gold,https://www.mdpi.com/2304-6740/10/11/215/pdf?version=1669254997,failed,,HTTPError('403 Client Error: Forbidden for url: https://www.mdpi.com/2304-6740/10/11/215/pdf?version=1669254997')
1757,Improved Cycling Performance of Cation-Disordered Rock-Salt Li1.2Ti0.4Mn0.4O2 Cathode through Mo-Doping and Al2O3-Coating,Coatings,2022-11-01,10.3390/coatings12111613,OA PDF download failed,404 not found,True,gold,https://www.mdpi.com/2079-6412/12/11/1613/pdf?version=1666516373,failed,,HTTPError('403 Client Error: Forbidden for url: https://www.mdpi.com/2079-6412/12/11/1613/pdf?version=1666516373')
1758,Tantalum Oxide Coating of Ni-rich Cathode Active Material via Atomic Layer Deposition and its Influence on Gas Evolution and Electrochemical Performance in the Early and Advanced Stages of Degradation,Journal of the Electrochemical Society,2022-11-01,10.1149/1945-7111/aca2e5,closed in Unpaywall,404 not found,False,closed,,,,
1761,Crystallinity Effect on Electrical Properties of PEALD–HfO2 Thin Films Prepared by Different Substrate Temperatures,Nanomaterials,2022-11-01,10.3390/nano12213890,OA PDF download failed,404 not found,True,gold,https://www.mdpi.com/2079-4991/12/21/3890/pdf?version=1667889525,failed,,HTTPError('403 Client Error: Forbidden for url: https://www.mdpi.com/2079-4991/12/21/3890/pdf?version=1667889525')
1763,Stabilizing the surface of Ni-rich cathodes via facing-target sputtering for high-performance lithium-ion batteries,Journal of Materials Chemistry A,2022-10-27,10.1039/d2ta07322f,closed in Unpaywall,404 not found,False,closed,,,,
1764,Role of Cyclopentadienyl Ligands of Group 4 Precursors toward High-Temperature Atomic Layer Deposition,Journal of Physical Chemistry C,2022-10-27,10.1021/acs.jpcc.2c04425,closed in Unpaywall,404 not found,False,closed,,,,
1765,Atomic layer deposition of silicon oxide films using bis(dimethylaminomethylsilyl)trimethylsilylamine and ozone: first-principles and experimental study,Journal of Materials Chemistry C,2022-10-26,10.1039/d2tc03555c,closed in Unpaywall,404 not found,False,closed,,,,
1766,Atomic Layer Deposited RuO2 Diffusion Barrier for Next Generation Ru-Interconnects,Advanced Functional Materials,2022-10-26,10.1002/adfm.202206667,closed in Unpaywall,404 not found,False,closed,,,,
1767,An artificially tailored functional layer on Li-rich layer cathodes enables a stable high-temperature interphase for Li-ion batteries,Journal of Materials Chemistry A,2022-10-21,10.1039/d2ta07316a,closed in Unpaywall,404 not found,False,closed,,,,
1768,Encapsulation of locally welded silver nanowire with water-free ALD-SbOx for flexible thin-film transistors,Applied Physics Letters,2022-10-17,10.1063/5.0118500,OA PDF download failed,404 not found,True,hybrid,https://aip.scitation.org/doi/pdf/10.1063/5.0118500,failed,,no PDF link found on OA page
1772,Nanopixelated Cuprous Oxide Photocathodes for Durable Photoelectrochemical Water Splitting,ACS Energy Letters,2022-10-14,10.1021/acsenergylett.2c01540,closed in Unpaywall,404 not found,False,closed,,,,
1773,"Semi-hydrogenation of α,β-unsaturated aldehydes over sandwich-structured nanocatalysts prepared by phase transformation of thin-film Al2O3 to Al-TCPP",Nanoscale,2022-10-13,10.1039/d2nr04474a,closed in Unpaywall,404 not found,False,closed,,,,
1777,Dehydrogenation of Ammonia Borane by Platinum-Nickel Dimers: Regulation of Heteroatom Interspace Boosts Bifunctional Synergetic Catalysis,Angewandte Chemie International Edition,2022-10-10,10.1002/anie.202211919,closed in Unpaywall,404 not found,False,closed,,,,
1778,Atomic layer deposited Pt/Cu bimetallic catalysts for use in high-performance fuel cell cathodes,International Journal of Energy Research,2022-10-10,10.1002/er.8381,closed in Unpaywall,404 not found,False,closed,,,,
1779,Mesoporous Silica Supported Highly Dispersed GaN Catalysts Synthesized by Thermal Atomic Layer Deposition for Propane Dehydrogenation,Chemcatchem,2022-10-10,10.1002/cctc.202200406,closed in Unpaywall,404 not found,False,closed,,,,
1780,"Interfacial band parameters of ultrathin ALD-Al2O3, ALD-HfO2, and PEALD-AlN/ALD-Al2O3on c-plane, Ga-face GaN through XPS measurements",Journal of Applied Physics,2022-10-07,10.1063/5.0106485,closed in Unpaywall,404 not found,False,closed,,,,
1781,Filamentary and Interface-Type Memristors Based on Tantalum Oxide for Energy-Efficient Neuromorphic Hardware,ACS Applied Materials and Interfaces,2022-10-05,10.1021/acsami.2c12296,closed in Unpaywall,404 not found,False,closed,,,,
1783,Low-Temperature Atomic Layer Deposition of AlN Using Trimethyl Aluminum and Plasma Excited Ar Diluted Ammonia,IEICE Transactions on Electronics,2022-10-01,10.1587/transele.2021FUP0001,closed in Unpaywall,404 not found,False,closed,,,,
1784,Enhanced cyclic stability of LiNi0.8Co0.1Mn0.1O2 (NCM811) by AlF3 coating via atomic layer deposition,Ionics,2022-10-01,10.1007/s11581-022-04691-4,closed in Unpaywall,404 not found,False,closed,,,,
1786,Highly Photosensitive Lead Sulfide Thin Films Grown by H2S Free MOCVD Using a Single Source Metal-Organic Precursor,Small,2022-10-01,10.1002/smll.202203653,OA PDF download failed,404 not found,True,hybrid,https://doi.org/10.1002/smll.202203653,failed,,HTTPError('403 Client Error: Forbidden for url: https://onlinelibrary.wiley.com/doi/10.1002/smll.202203653')
1787,Studying the Atomic Layer Deposition of Molybdenum Oxide and Titanium–Molybdenum Oxide Films Using Quartz Crystal Microbalance,Russian Journal of Physical Chemistry A,2022-10-01,10.1134/S0036024422100181,closed in Unpaywall,404 not found,False,closed,,,,
1788,A TSV-Structured Room Temperature p-Type TiO2 Nitric Oxide Gas Sensor,Applied Sciences Switzerland,2022-10-01,10.3390/app12199946,OA PDF download failed,404 not found,True,gold,https://www.mdpi.com/2076-3417/12/19/9946/pdf?version=1664793077,failed,,HTTPError('403 Client Error: Forbidden for url: https://www.mdpi.com/2076-3417/12/19/9946/pdf?version=1664793077')
1791,Low-Temperature Deposition of Yttrium Oxide on Flexible PET Films Using Time-Separated Yttrium Precursor and Oxidizer Injections,IEICE Transactions on Electronics,2022-10-01,10.1587/transele.2021FUP0002,closed in Unpaywall,404 not found,False,closed,,,,
1793,Rationally tailoring interface characteristics of ZnO/amorphous carbon/graphene for heat-conduction microwave absorbers,Nano Research,2022-10-01,10.1007/s12274-022-4521-1,closed in Unpaywall,404 not found,False,closed,,,,
1798,A Novel p-Type ZnCoxOy Thin Film Grown by Atomic Layer Deposition,Nanomaterials,2022-10-01,10.3390/nano12193381,OA PDF download failed,404 not found,True,gold,https://www.mdpi.com/2079-4991/12/19/3381/pdf?version=1664527180,failed,,HTTPError('403 Client Error: Forbidden for url: https://www.mdpi.com/2079-4991/12/19/3381/pdf?version=1664527180')
1802,Substrate-Dependent Area-Selective Atomic Layer Deposition of Noble Metals from Metal β-Diketonate Precursors,Chemistry of Materials,2022-09-27,10.1021/acs.chemmater.2c02084,OA PDF download failed,404 not found,True,hybrid,https://doi.org/10.1021/acs.chemmater.2c02084,failed,,HTTPError('403 Client Error: Forbidden for url: https://pubs.acs.org/doi/10.1021/acs.chemmater.2c02084')
1804,TiO2Nanoflowers Decorated with FeO xNanocluster and Single Atoms by Atomic Layer Deposition for Peroxidase-Mimicking Nanozymes,ACS Applied Nano Materials,2022-09-23,10.1021/acsanm.2c02875,closed in Unpaywall,404 not found,False,closed,,,,
1808,Low-Temperature Route to Direct Amorphous to Rutile Crystallization of TiO2Thin Films Grown by Atomic Layer Deposition,Journal of Physical Chemistry C,2022-09-15,10.1021/acs.jpcc.2c04905,OA PDF download failed,404 not found,True,hybrid,https://pubs.acs.org/doi/pdf/10.1021/acs.jpcc.2c04905,failed,,HTTPError('403 Client Error: Forbidden for url: https://pubs.acs.org/doi/pdf/10.1021/acs.jpcc.2c04905')
1809,Computational Modeling of Physical Surface Reactions of Precursors in Atomic Layer Deposition by Monte Carlo Simulations on a Home Desktop Computer,Chemistry of Materials,2022-09-13,10.1021/acs.chemmater.2c00854,closed in Unpaywall,404 not found,False,closed,,,,
1810,Toward Optimization of the Chemical/Electrochemical Compatibility of Halide Solid Electrolytes in All-Solid-State Batteries,ACS Energy Letters,2022-09-09,10.1021/acsenergylett.2c01668,closed in Unpaywall,404 not found,False,closed,,,,
1811,Direct Bonding of CpCo- Fragments on Pt Nanoparticles and their Electronic Effect for Alkyne Semihydrogenation,ACS Catalysis,2022-09-02,10.1021/acscatal.2c03024,closed in Unpaywall,404 not found,False,closed,,,,
1813,Development of RuS2 for near-infrared photodetector by atomic layer deposition and post-sulfurization,Rare Metals,2022-09-01,10.1007/s12598-022-02012-2,closed in Unpaywall,404 not found,False,closed,,,,
1814,Highly sensitive stretchable sensor combined with low-power memristor for demonstration of artificial mechanoreceptor properties,Flexible and Printed Electronics,2022-09-01,10.1088/2058-8585/ac88e1,OA PDF download failed,404 not found,True,hybrid,https://doi.org/10.1088/2058-8585/ac88e1,failed,,no PDF link found on OA page
1815,Surface oxidation of hydrophobic ZnSe for enhanced growth of atomic layer deposited aluminum oxide,Journal of Vacuum Science and Technology A Vacuum Surfaces and Films,2022-09-01,10.1116/6.0002018,closed in Unpaywall,404 not found,False,closed,,,,
1818,Synthesis of ultrathin heteroepitaxial 3C-SiC films by pyrolysis of molecular layer deposition polyamide films on Si,Journal of Vacuum Science and Technology A Vacuum Surfaces and Films,2022-09-01,10.1116/6.0001889,closed in Unpaywall,404 not found,False,closed,,,,
1821,Passivation and Electrical Properties of Alumina Layers Deposited by Atomic-Layer Deposition with Different Precursors,Physica Status Solidi A Applications and Materials Science,2022-09-01,10.1002/pssa.202200138,OA PDF download failed,404 not found,True,hybrid,https://onlinelibrary.wiley.com/doi/pdfdirect/10.1002/pssa.202200138,failed,,HTTPError('403 Client Error: Forbidden for url: https://onlinelibrary.wiley.com/doi/pdfdirect/10.1002/pssa.202200138')
1823,ZrO2-HfO2Superlattice Ferroelectric Capacitors with Optimized Annealing to Achieve Extremely High Polarization Stability,IEEE Electron Device Letters,2022-09-01,10.1109/LED.2022.3193383,closed in Unpaywall,404 not found,False,closed,,,,
1826,Stabilization of platinum catalyst surface-treated by atomic layer deposition of cobalt for polymer electrolyte membrane fuel cells,International Journal of Energy Research,2022-09-01,10.1002/er.8239,closed in Unpaywall,404 not found,False,closed,,,,
1829,Large-Scale Multilayer MoS2Nanosheets Grown by Atomic Layer Deposition for Sensitive Photodetectors,ACS Applied Nano Materials,2022-08-26,10.1021/acsanm.2c01799,closed in Unpaywall,404 not found,False,closed,,,,
1830,"Synthesis, Structure and Thermal Properties of Volatile Indium and Gallium Triazenides**",European Journal of Inorganic Chemistry,2022-08-26,10.1002/ejic.202200161,OA PDF download failed,404 not found,True,green,http://urn.kb.se/resolve?urn=urn:nbn:se:liu:diva-187716,failed,,"ConnectTimeout(MaxRetryError(""HTTPSConnectionPool(host='liu.diva-portal.org', port=443): Max retries exceeded with url: /smash/record.jsf?pid=diva2:1691196 (Caused by ConnectTimeoutError(<urllib3.connection.HTTPSConnection object at 0x7a7d7b7ccb90>, 'Connection to liu.diva-portal.org timed out. (connect timeout=45)'))""))"
1835,Advances in Atomic Layer Deposition of Metal Sulfides: From a Precursors Perspective,Chemistry of Materials,2022-08-23,10.1021/acs.chemmater.2c00954,closed in Unpaywall,404 not found,False,closed,,,,
1836,Study of MIS structures based on CdHgTe and HfO2applied by PEALD,Applied Physics Letters,2022-08-22,10.1063/5.0096133,closed in Unpaywall,404 not found,False,closed,,,,
1838,Mechanisms for undesired nucleation on H-terminated Si and dimethylamino-trimethylsilane passivated SiO2during TiO2area-selective atomic layer deposition,Applied Physics Letters,2022-08-22,10.1063/5.0106132,OA PDF download failed,404 not found,True,green,https://lirias.kuleuven.be/handle/20.500.12942/716220,failed,,no PDF link found on OA page
1848,Stabilizing the (003) Facet of Micron-Sized LiNi0.6Co0.2Mn0.2O2 Cathode Material Using Tungsten Oxide as an Exemplar,Inorganics,2022-08-01,10.3390/inorganics10080111,OA PDF download failed,404 not found,True,gold,https://www.mdpi.com/2304-6740/10/8/111/pdf?version=1659533425,failed,,HTTPError('403 Client Error: Forbidden for url: https://www.mdpi.com/2304-6740/10/8/111/pdf?version=1659533425')
1849,Temperature-Dependent Polarization Switching and Endurance Cycling Properties of HfAlO Ferroelectric Thin Film,Ecs Journal of Solid State Science and Technology,2022-08-01,10.1149/2162-8777/ac8954,closed in Unpaywall,404 not found,False,closed,,,,
1850,Precise regulation of Ultra-thin platinum decorated Gold/Graphite carbon nitride photocatalysts by atomic layer deposition for efficient degradation of Rhodamine B under simulated sunlight,Arabian Journal of Chemistry,2022-08-01,10.1016/j.arabjc.2022.103951,OA PDF download failed,404 not found,True,gold,https://doi.org/10.1016/j.arabjc.2022.103951,failed,,"ConnectionError(ProtocolError('Connection aborted.', RemoteDisconnected('Remote end closed connection without response')))"
1855,Understanding Physicochemical Mechanisms of Sequential Infiltration Synthesis toward Rational Process Design for Uniform Incorporation of Metal Oxides,Sensors,2022-08-01,10.3390/s22166132,OA PDF download failed,404 not found,True,gold,https://www.mdpi.com/1424-8220/22/16/6132/pdf?version=1660714633,failed,,HTTPError('403 Client Error: Forbidden for url: https://www.mdpi.com/1424-8220/22/16/6132/pdf?version=1660714633')
1857,Deposition Mechanism and Characterization of Plasma-Enhanced Atomic Layer-Deposited SnOx Films at Different Substrate Temperatures,Nanomaterials,2022-08-01,10.3390/nano12162859,OA PDF download failed,404 not found,True,gold,https://www.mdpi.com/2079-4991/12/16/2859/pdf?version=1660904015,failed,,HTTPError('403 Client Error: Forbidden for url: https://www.mdpi.com/2079-4991/12/16/2859/pdf?version=1660904015')
1858,Ionic Conductive and Highly-Stable Interface for Alkali Metal Anodes,Small,2022-08-01,10.1002/smll.202203045,OA PDF download failed,404 not found,True,green,https://hdl.handle.net/2027.42/174843,failed,,HTTPError('403 Client Error: Forbidden for url: https://deepblue.lib.umich.edu/items/bc69ccf9-300b-45e2-a18a-71e73f2a34e8')
1859,A toolbox for easy entry low wavenumber in situ atomic layer deposition transmission FTIR spectroscopy studies,Review of Scientific Instruments,2022-08-01,10.1063/5.0102518,closed in Unpaywall,404 not found,False,closed,,,,
1863,Single-crystalline-like indium tin oxide thin films prepared by plasma enhanced atomic layer deposition,Journal of Materials Chemistry C,2022-07-29,10.1039/d2tc01834a,closed in Unpaywall,404 not found,False,closed,,,,
1865,Thermal Atomic Layer Etching of Al2O3Using Sequential HF and BCl3Exposures: Evidence for Combined Ligand-Exchange and Conversion Mechanisms,Chemistry of Materials,2022-07-26,10.1021/acs.chemmater.2c01120,closed in Unpaywall,404 not found,False,closed,,,,
1868,Atomic Layer Deposition of CsI and CsPbI3,Chemistry of Materials,2022-07-12,10.1021/acs.chemmater.2c01202,OA PDF download failed,404 not found,True,hybrid,https://doi.org/10.1021/acs.chemmater.2c01202,failed,,HTTPError('403 Client Error: Forbidden for url: https://pubs.acs.org/doi/10.1021/acs.chemmater.2c01202')
1870,Elucidating the Reaction Mechanism of Atomic Layer Deposition of Al2O3with a Series of Al(CH3)xCl3- xand Al(CyH2 y+1)3Precursors,Journal of the American Chemical Society,2022-07-06,10.1021/jacs.2c03752,closed in Unpaywall,404 not found,False,closed,,,,
1871,Nonlinear Effects of Pulsed Ion Beam in Ultra-High Resolution Material Removal,Micromachines,2022-07-01,10.3390/mi13071097,OA PDF download failed,404 not found,True,gold,https://www.mdpi.com/2072-666X/13/7/1097/pdf?version=1657700238,failed,,HTTPError('403 Client Error: Forbidden for url: https://www.mdpi.com/2072-666X/13/7/1097/pdf?version=1657700238')
1872,Defective Fe3O4-x Few-Atom Clusters Anchored on Nitrogen-Doped Carbon as Efficient Oxygen Reduction Electrocatalysts for High-Performance Zinc–Air Batteries,Small Methods,2022-07-01,10.1002/smtd.202200207,closed in Unpaywall,404 not found,False,closed,,,,
1874,Substrate temperature-controlled precursor reaction mechanism of PEALD-deposited MoO x thin films,Journal of Materials Science,2022-07-01,10.1007/s10853-022-07427-x,closed in Unpaywall,404 not found,False,closed,,,,
1875,Low-energy ion irradiation effects on chlorine desorption in plasma-enhanced atomic layer deposition (PEALD) for silicon nitride,Japanese Journal of Applied Physics,2022-07-01,10.35848/1347-4065/ac629b,closed in Unpaywall,404 not found,False,closed,,,,
1876,Performance Optimization of Atomic Layer Deposited HfOxMemristor by Annealing With Back-End-of-Line Compatibility,IEEE Electron Device Letters,2022-07-01,10.1109/LED.2022.3177774,closed in Unpaywall,404 not found,False,closed,,,,
1877,Ultraviolet photo-enhanced atomic layer deposition for improving dielectric properties of low temperature deposited Al2O3,Journal of Vacuum Science and Technology A Vacuum Surfaces and Films,2022-07-01,10.1116/6.0001865,closed in Unpaywall,404 not found,False,closed,,,,
1878,Amorphous semi-insulating Al-doped In2O3growth by atomic layer deposition for thin-film transistors,Journal of Vacuum Science and Technology A Vacuum Surfaces and Films,2022-07-01,10.1116/6.0001787,closed in Unpaywall,404 not found,False,closed,,,,
1879,Atomic Layer Deposition of Gold Nanoparticles with Controlled Size and Distribution on Titania Support,Chemnanomat,2022-07-01,10.1002/cnma.202200116,closed in Unpaywall,404 not found,False,closed,,,,
1882,"COMPOSITION, STRUCTURE, AND FUNCTIONAL PROPERTIES OF THIN SILICON NITRIDE FILMS GROWN BY ATOMIC LAYER DEPOSITION FOR MICROELECTRONIC APPLICATIONS (REVIEW OF 25 YEARS OF RESEARCH)",Journal of Structural Chemistry,2022-07-01,10.1134/S0022476622070022,closed in Unpaywall,404 not found,False,closed,,,,
1883,High ionic conductivity of ultralow yttria concentration yttria-stabilized zirconia thin films,Journal of Vacuum Science and Technology A Vacuum Surfaces and Films,2022-07-01,10.1116/6.0001736,closed in Unpaywall,404 not found,False,closed,,,,
1884,Multiple layers of aluminum silicate and silicon dioxide deposited by room-temperature atomic layer deposition for enhanced cation sorption,Journal of Vacuum Science and Technology A Vacuum Surfaces and Films,2022-07-01,10.1116/6.0001908,closed in Unpaywall,404 not found,False,closed,,,,
1886,Improved performance of MoS2FET by in situ NH3doping in ALD Al2O3dielectric,Chinese Physics B,2022-07-01,10.1088/1674-1056/ac3bab,closed in Unpaywall,404 not found,False,closed,,,,
1887,Hollow cathode enhanced capacitively coupled plasmas in Ar/N2/H2mixtures and implications for plasma enhanced ALD,Journal of Vacuum Science and Technology B,2022-07-01,10.1116/6.0001840,closed in Unpaywall,404 not found,False,closed,,,,
1890,Chemical reaction mechanism of plasma scrubber for by-product treatment in TiN-atomic layer deposition processes,Japanese Journal of Applied Physics,2022-07-01,10.35848/1347-4065/ac5fb8,OA PDF download failed,404 not found,True,bronze,https://iopscience.iop.org/article/10.35848/1347-4065/ac5fb8/pdf,failed,,no PDF link found on OA page
1891,Designing Multifunctional Cobalt Oxide Layers for Efficient and Stable Electrochemical Oxygen Evolution,Advanced Materials Interfaces,2022-07-01,10.1002/admi.202200582,OA PDF download failed,404 not found,True,hybrid,https://doi.org/10.1002/admi.202200582,failed,,HTTPError('403 Client Error: Forbidden for url: https://advanced.onlinelibrary.wiley.com/doi/10.1002/admi.202200582')
1893,Plasma enhanced atomic layer deposition of textured aluminum nitride on platinized substrates for MEMS,Journal of Vacuum Science and Technology A Vacuum Surfaces and Films,2022-07-01,10.1116/6.0001633,closed in Unpaywall,404 not found,False,closed,,,,
1895,High-Speed Steep-Slope GaInAs Impact Ionization MOSFETs (I-MOS) With SS = 1.25 mV/dec - Part II: Dynamic Switching and RF Performance,IEEE Transactions on Electron Devices,2022-07-01,10.1109/TED.2022.3171736,OA PDF download failed,404 not found,True,hybrid,https://ieeexplore.ieee.org/ielx7/16/4358746/09772759.pdf,failed,,HTTPError('404 Client Error: Not Found for url: https://ieeexplore.ieee.org/ielx7/16/4358746/09772759.pdf')
1896,Device feasibility and performance improvement methodologies for thin film transistors using In-Ga-Sn-O channels prepared by atomic-layer deposition,Journal of Vacuum Science and Technology B,2022-07-01,10.1116/6.0001945,closed in Unpaywall,404 not found,False,closed,,,,
1897,Plasma enhanced atomic layer deposition and atomic layer etching of gallium oxide using trimethylgallium,Journal of Vacuum Science and Technology A Vacuum Surfaces and Films,2022-07-01,10.1116/6.0001871,OA PDF download failed,404 not found,True,green,https://www.osti.gov/biblio/1873614,failed,,no PDF link found on OA page
1900,"Structural, Optical, and Electrical Properties of InOxThin Films Deposited by Plasma-Enhanced Atomic Layer Deposition for Flexible Device Applications",ACS Applied Electronic Materials,2022-06-28,10.1021/acsaelm.2c00434,closed in Unpaywall,404 not found,False,closed,,,,
1901,An overview of the application of atomic layer deposition process for lithium-ion based batteries,International Journal of Energy Research,2022-06-25,10.1002/er.7941,OA PDF download failed,404 not found,True,hybrid,https://doi.org/10.1002/er.7941,failed,,HTTPError('403 Client Error: Forbidden for url: https://onlinelibrary.wiley.com/doi/10.1002/er.7941')
1902,Atomic and Molecular Layer Deposition of Chiral Thin Films Showing up to 99% Spin Selective Transport,Nano Letters,2022-06-22,10.1021/acs.nanolett.2c01953,closed in Unpaywall,404 not found,False,closed,,,,
1903,On the Durability of Protective Titania Coatings on High-Voltage Spinel Cathodes,Chemsuschem,2022-06-22,10.1002/cssc.202200324,OA PDF download failed,404 not found,True,hybrid,https://onlinelibrary.wiley.com/doi/pdfdirect/10.1002/cssc.202200324,failed,,HTTPError('403 Client Error: Forbidden for url: https://onlinelibrary.wiley.com/doi/pdfdirect/10.1002/cssc.202200324')
1906,Molecular Layer Deposition of a Hafnium-Based Hybrid Thin Film as an Electron Beam Resist,ACS Applied Materials and Interfaces,2022-06-15,10.1021/acsami.2c04092,closed in Unpaywall,404 not found,False,closed,,,,
1910,Liquid-like properties of cyclopentadienyl complexes of barium: molecular dynamics simulations of nanoscale droplets,Physical Chemistry Chemical Physics,2022-06-09,10.1039/d2cp02322a,closed in Unpaywall,404 not found,False,closed,,,,
1911,Ultralong Lifespan for High-Voltage LiCoO2Enabled by in Situ Reconstruction of an Atomic Layer Deposition Coating Layer,ACS Applied Materials and Interfaces,2022-06-08,10.1021/acsami.2c05129,closed in Unpaywall,404 not found,False,closed,,,,
1912,Advanced Atomic Layer Deposition: Ultrathin and Continuous Metal Thin Film Growth and Work Function Control Using the Discrete Feeding Method,Nano Letters,2022-06-08,10.1021/acs.nanolett.2c00811,closed in Unpaywall,404 not found,False,closed,,,,
1914,Composition control of conformal crystalline GeSbTe films by atomic layer deposition supercycles and tellurization annealing,Journal of Materials Chemistry C,2022-06-06,10.1039/d2tc00784c,closed in Unpaywall,404 not found,False,closed,,,,
1915,Low Temperature Growth of Polycrystalline Molybdenum Oxide Thin Films by Atomic Layer Deposition,Bandaoti Guangdian Semiconductor Optoelectronics,2022-06-01,10.16818/j.issn1001-5868.2022020901,DOI not found in Unpaywall,404 not found,,doi_not_found,,,,
1917,A Dendrite-Free Lithium-Metal Anode Enabled by Designed Ultrathin MgF2 Nanosheets Encapsulated Inside Nitrogen-Doped Graphene-Like Hollow Nanospheres,Advanced Materials,2022-06-01,10.1002/adma.202201801,closed in Unpaywall,404 not found,False,closed,,,,
1923,Effect of Hydrogen Plasma Treatment on Atomic Layer Deposited Silicon Nitride Film,Ecs Journal of Solid State Science and Technology,2022-06-01,10.1149/2162-8777/ac760f,closed in Unpaywall,404 not found,False,closed,,,,
1926,Flexible HfxZr1-xO2Thin Films on Polyimide for Energy Storage With High Flexibility,IEEE Electron Device Letters,2022-06-01,10.1109/LED.2022.3171273,closed in Unpaywall,404 not found,False,closed,,,,
1929,Effects of carbon impurity in ALD-Al2O3 film on HAXPES spectrum and electrical properties of Al2O3/AlGaN/GaN MIS structure,Japanese Journal of Applied Physics,2022-06-01,10.35848/1347-4065/ac646d,closed in Unpaywall,404 not found,False,closed,,,,
1930,Achieving High Dielectric Constants in Tetragonal Single-Phase ZrHfO2 Thin Films through the Atomic Layer Deposition Process Using a Mixed Precursor,Physica Status Solidi A Applications and Materials Science,2022-06-01,10.1002/pssa.202100652,closed in Unpaywall,404 not found,False,closed,,,,
1932,Impact of Chamber/Annealing Temperature on the Endurance Characteristic of Zr:HfO2 Ferroelectric Capacitor,Sensors,2022-06-01,10.3390/s22114087,OA PDF download failed,404 not found,True,gold,https://www.mdpi.com/1424-8220/22/11/4087/pdf?version=1653903169,failed,,HTTPError('403 Client Error: Forbidden for url: https://www.mdpi.com/1424-8220/22/11/4087/pdf?version=1653903169')
1933,Al2O3-Coated Si-Alloy Prepared by Atomic Layer Deposition as Anodes for Lithium-Ion Batteries,Materials,2022-06-01,10.3390/ma15124189,OA PDF download failed,404 not found,True,gold,https://www.mdpi.com/1996-1944/15/12/4189/pdf?version=1655118703,failed,,HTTPError('403 Client Error: Forbidden for url: https://www.mdpi.com/1996-1944/15/12/4189/pdf?version=1655118703')
1938,Investigation of the Tetrakis(dimethylamino)hafnium and H2S ALD Process: Effects of Deposition Temperature and Annealing,Solids,2022-06-01,10.3390/solids3020018,OA PDF download failed,404 not found,True,gold,https://www.mdpi.com/2673-6497/3/2/18/pdf?version=1651765175,failed,,HTTPError('403 Client Error: Forbidden for url: https://www.mdpi.com/2673-6497/3/2/18/pdf?version=1651765175')
1939,ZnO-Reinforced Thermal Regulating Microcapsules with Double-Layer Shell via Atomic Layer Deposition,Advanced Materials Interfaces,2022-06-01,10.1002/admi.202200541,closed in Unpaywall,404 not found,False,closed,,,,
1941,Rapid Single-Step Deposition of Nanostructured Hematite Thin Films Produced by PECVD Using Ferrocene as Precursor,IEEE Transactions on Plasma Science,2022-06-01,10.1109/TPS.2022.3174643,closed in Unpaywall,404 not found,False,closed,,,,
1942,Flow-Through Atmospheric Pressure-Atomic Layer Deposition Reactor for Thin-Film Deposition in Capillary Columns,Analytical Chemistry,2022-05-31,10.1021/acs.analchem.1c05029,closed in Unpaywall,404 not found,False,closed,,,,
1943,Growth behavior of Ir metal formed by atomic layer deposition in the nanopores of anodic aluminum oxide,Dalton Transactions,2022-05-31,10.1039/d2dt01358d,closed in Unpaywall,404 not found,False,closed,,,,
1945,Sublayer thickness dependence of nanolaminated HfO2-Al2O3films for ferroelectric phase stabilization,Applied Physics Letters,2022-05-30,10.1063/5.0092125,closed in Unpaywall,404 not found,False,closed,,,,
1946,Impact of titanium doping and pulsing conditions on the analog temporal response of hafnium oxide based memristor synapses,Journal of Applied Physics,2022-05-28,10.1063/5.0087001,closed in Unpaywall,404 not found,False,closed,,,,
1948,Vapor-Phase Molecular Doping in Covalent Organosiloxane Network Thin Films Via a Lewis Acid-Base Interaction for Enhanced Mechanical Properties,ACS Applied Materials and Interfaces,2022-05-25,10.1021/acsami.1c13257,closed in Unpaywall,404 not found,False,closed,,,,
1950,Mesh Bias Controlled Synthesis of TiO2 and Al0.74Ti0.26O3 Thin Films by Mist Chemical Vapor Deposition and Applications as Gate Dielectric Layers for Field-Effect Transistors,ACS Applied Electronic Materials,2022-05-24,10.1021/acsaelm.2c00286,closed in Unpaywall,404 not found,False,closed,,,,
1951,Tuning Molecular Inhibitors and Aluminum Precursors for the Area-Selective Atomic Layer Deposition of Al2O3,Chemistry of Materials,2022-05-24,10.1021/acs.chemmater.2c00513,closed in Unpaywall,404 not found,False,closed,,,,
1952,Atomic Layer-Deposited ZnO Layer on Hydrated Vanadium Dioxide Cathodes against Vanadium Dissolution for Stable Zinc Ion Batteries,ACS Applied Energy Materials,2022-05-23,10.1021/acsaem.2c00540,closed in Unpaywall,404 not found,False,closed,,,,
1954,Recent progress on amorphous oxide semiconductor thin-film transistors using the atomic layer deposition technique,Amorphous Oxide Semiconductors Igzo and Related Materials for Display and Memory,2022-05-20,10.1002/9781119715641.ch10,closed in Unpaywall,404 not found,False,closed,,,,
1956,Extending growth inhibition during area-selective atomic layer deposition of Al2O3 on aminosilane-functionalized SiO2,Chemical Communications,2022-05-13,10.1039/d2cc01967a,closed in Unpaywall,404 not found,False,closed,,,,
1957,Actively Tunable Metasurfaces via Plasmonic Nanogap Cavities with Sub-10-nm VO2 Films,Nano Letters,2022-05-11,10.1021/acs.nanolett.1c04175,OA PDF download failed,404 not found,True,green,https://www.ncbi.nlm.nih.gov/pmc/articles/9101075,failed,,"ConnectionError(MaxRetryError('HTTPSConnectionPool(host=\'www.ncbi.nlm.nih.gov\', port=443): Max retries exceeded with url: /pmc/articles/9101075 (Caused by NameResolutionError(""<urllib3.connection.HTTPSConnection object at 0x7a7d7b0d0ec0>: Failed to resolve \'www.ncbi.nlm.nih.gov\' ([Errno -3] Temporary failure in name resolution)""))'))"
1960,Atomic Layer Deposition of CoxOy Films: Oxidants versus Composition,Advanced Materials Interfaces,2022-05-01,10.1002/admi.202200097,closed in Unpaywall,404 not found,False,closed,,,,
1962,Enhanced Negative Bias Illumination Stability of ZnO Thin Film Transistors by Using a Two-Step Oxidation Method,IEEE Transactions on Electron Devices,2022-05-01,10.1109/TED.2022.3159284,closed in Unpaywall,404 not found,False,closed,,,,
1963,Effect of Powder ALD Interface Modification on the Thermoelectric Performance of Bismuth,Advanced Materials Technologies,2022-05-01,10.1002/admt.202100953,OA PDF download failed,404 not found,True,bronze,https://onlinelibrary.wiley.com/doi/pdfdirect/10.1002/admt.202100953,failed,,HTTPError('403 Client Error: Forbidden for url: https://onlinelibrary.wiley.com/doi/pdfdirect/10.1002/admt.202100953')
1964,Molecular Layer Deposition of Thermally Stable Polybenzimidazole-Like Thin Films and Nanostructures,Advanced Materials Interfaces,2022-05-01,10.1002/admi.202200370,OA PDF download failed,404 not found,True,hybrid,https://doi.org/10.1002/admi.202200370,failed,,HTTPError('403 Client Error: Forbidden for url: https://advanced.onlinelibrary.wiley.com/doi/10.1002/admi.202200370')
1965,Plasma-enhanced atomic layer deposition of aluminum-indium oxide thin films and associated device applications,Journal of Vacuum Science and Technology A Vacuum Surfaces and Films,2022-05-01,10.1116/6.0001643,closed in Unpaywall,404 not found,False,closed,,,,
1967,Decomposition Characteristics of the TTIP (Tetraisopropyl Orthotitanate) Precursor for Atomic Layer Deposition,Materials,2022-05-01,10.3390/ma15093021,OA PDF download failed,404 not found,True,gold,https://www.mdpi.com/1996-1944/15/9/3021/pdf?version=1650605198,failed,,HTTPError('403 Client Error: Forbidden for url: https://www.mdpi.com/1996-1944/15/9/3021/pdf?version=1650605198')
1968,Ultrasensitive Surface-Enhanced Raman Scattering (SERS) Detection For miRNA-182 Based on CdS/MoS2@AuNPs Fabricated by Atomic Layer Deposition (ALD),Advanced Materials Interfaces,2022-05-01,10.1002/admi.202102221,closed in Unpaywall,404 not found,False,closed,,,,
1969,Low temperature plasma-enhanced atomic layer deposition of sodium phosphorus oxynitride with tunable nitrogen content,Journal of Vacuum Science and Technology A Vacuum Surfaces and Films,2022-05-01,10.1116/6.0001752,closed in Unpaywall,404 not found,False,closed,,,,
1971,"The effect of post-deposition annealing on the chemical, structural and electrical properties of Al/ZrO2/La2O3/ZrO2/Al high-k nanolaminated MIM capacitors",Journal of Materials Science Materials in Electronics,2022-05-01,10.1007/s10854-022-08097-w,closed in Unpaywall,404 not found,False,closed,,,,
1972,A numerical approach on the selection of the purge flow rate in an atomic layer deposition (ALD) process,Physics of Fluids,2022-05-01,10.1063/5.0088872,closed in Unpaywall,404 not found,False,closed,,,,
1973,"On the interplay between a novel iron and iron-carbide atomic layer deposition process, the carbon nanotube growth, and the metal-carbon nanotube coating properties on silica substrates",Journal of Vacuum Science and Technology A Vacuum Surfaces and Films,2022-05-01,10.1116/6.0001806,OA PDF download failed,404 not found,True,hybrid,https://doi.org/10.1116/6.0001806,failed,,HTTPError('403 Client Error: Forbidden for url: https://pubs.aip.org/jva/article/40/3/033415/2843098/On-the-interplay-between-a-novel-iron-and-iron')
1974,Operating Cost Savings in the Atomic Layer Deposition Process of Ultrathin Electrolyte for Solid Oxide Fuel Cells by Applying Oxygen Plasma,International Journal of Precision Engineering and Manufacturing,2022-05-01,10.1007/s12541-022-00626-1,closed in Unpaywall,404 not found,False,closed,,,,
1975,A Simple Strategy to Realize Super Stable Ferroelectric Capacitor via Interface Engineering,Advanced Materials Interfaces,2022-05-01,10.1002/admi.202102528,closed in Unpaywall,404 not found,False,closed,,,,
1976,Compact Ga2 O3 Thin Films Deposited by Plasma Enhanced Atomic Layer Deposition at Low Temperature,Nanomaterials,2022-05-01,10.3390/nano12091510,OA PDF download failed,404 not found,True,gold,https://www.mdpi.com/2079-4991/12/9/1510/pdf?version=1651221477,failed,,HTTPError('403 Client Error: Forbidden for url: https://www.mdpi.com/2079-4991/12/9/1510/pdf?version=1651221477')
1978,Area-Selective Atomic Layer Deposition Using Vapor Dosing of Short-Chain Alkanethiol Inhibitors on Metal/Dielectric Surfaces,Advanced Materials Interfaces,2022-05-01,10.1002/admi.202102364,closed in Unpaywall,404 not found,False,closed,,,,
1979,Microstructure and antibacterial properties of a ZnO coating on a biomaterial surface,Archives of Civil and Mechanical Engineering,2022-05-01,10.1007/s43452-022-00414-8,closed in Unpaywall,404 not found,False,closed,,,,
1982,Comparative in Situ Study of the Initial Growth Trends of Atomic Layer-Deposited Al2O3Films,Journal of Physical Chemistry C,2022-04-28,10.1021/acs.jpcc.2c01033,closed in Unpaywall,404 not found,False,closed,,,,
1983,Thermal Atomic Layer Etching of Aluminum Nitride Using HF or XeF2for Fluorination and BCl3for Ligand Exchange,Journal of Physical Chemistry C,2022-04-28,10.1021/acs.jpcc.1c10972,closed in Unpaywall,404 not found,False,closed,,,,
1984,Powder Coatings via Atomic Layer Deposition for Batteries: A Review,Chemistry of Materials,2022-04-26,10.1021/acs.chemmater.1c02944,closed in Unpaywall,404 not found,False,closed,,,,
1985,"High-Endurance Ferroelectric (La, Y) and (La, Gd) Co-Doped Hafnium Zirconate Grown by Atomic Layer Deposition",ACS Applied Electronic Materials,2022-04-26,10.1021/acsaelm.2c00063,OA PDF download failed,404 not found,True,green,https://lirias.kuleuven.be/handle/20.500.12942/698970,failed,,no PDF link found on OA page
1987,Surface Modification of Bismuth by ALD of Antimony Oxide for Suppressing Lattice Thermal Conductivity,ACS Applied Energy Materials,2022-04-25,10.1021/acsaem.2c00681,closed in Unpaywall,404 not found,False,closed,,,,
1988,Sub-10-nm ferroelectric Gd-doped HfO2layers,Applied Physics Letters,2022-04-25,10.1063/5.0088505,OA PDF download failed,404 not found,True,hybrid,https://doi.org/10.1063/5.0088505,failed,,HTTPError('403 Client Error: Forbidden for url: https://pubs.aip.org/apl/article/120/17/172901/2833493/Sub-10-nm-ferroelectric-Gd-doped-HfO2-layers')
1989,Nanometer-Thick MoS2Films Made by High-Temperature Atomic Layer Deposition as Coatings for Friction Reduction,ACS Applied Nano Materials,2022-04-22,10.1021/acsanm.2c00439,closed in Unpaywall,404 not found,False,closed,,,,
1998,Stepwise growth of crystalline MoS2 in atomic layer deposition,Journal of Materials Chemistry C,2022-04-13,10.1039/d2tc01156e,closed in Unpaywall,404 not found,False,closed,,,,
1999,SnO2 Thin Film Prepared by Atomic Layer Deposition Technology and Its Effect on the Performance of Perovskite Solar Cells,Cailiao Daobao Materials Reports,2022-04-10,10.11896/cldb.20110236,DOI not found in Unpaywall,404 not found,,doi_not_found,,,,
2000,Electrical characterization of memory capacitors for nonvolatile memory applications based on nanolaminated HfO2/Al2O3and Al-doped HfO2stacks,Journal of Physics Conference Series,2022-04-04,10.1088/1742-6596/2240/1/012046,OA PDF download failed,404 not found,True,gold,https://doi.org/10.1088/1742-6596/2240/1/012046,failed,,no PDF link found on OA page
2001,Optimization of atomic layer deposition of Al2O3 films as possible template for graphene transfer,Journal of Physics Conference Series,2022-04-04,10.1088/1742-6596/2240/1/012002,OA PDF download failed,404 not found,True,gold,https://doi.org/10.1088/1742-6596/2240/1/012002,failed,,no PDF link found on OA page
2002,Morphological evolution of thin AlN films grown by atomic layer deposition,Journal of Physics Conference Series,2022-04-04,10.1088/1742-6596/2240/1/012005,OA PDF download failed,404 not found,True,gold,https://doi.org/10.1088/1742-6596/2240/1/012005,failed,,no PDF link found on OA page
2003,Atomic layer deposition of AlN on different SiC surfaces,Journal of Physics Conference Series,2022-04-04,10.1088/1742-6596/2240/1/012004,OA PDF download failed,404 not found,True,gold,https://doi.org/10.1088/1742-6596/2240/1/012004,failed,,no PDF link found on OA page
2004,Pt nanoparticles Confined in TiO2 Nanotubes With Enhanced Catalytic Performance for Phenol Hydrogenation by Atomic Layer Deposition,Catalysis Letters,2022-04-01,10.1007/s10562-021-03702-9,closed in Unpaywall,404 not found,False,closed,,,,
2006,Structure and Electrical Properties of Zirconium-Aluminum-Oxide Films Engineered by Atomic Layer Deposition,Coatings,2022-04-01,10.3390/coatings12040431,OA PDF download failed,404 not found,True,gold,https://www.mdpi.com/2079-6412/12/4/431/pdf?version=1648041005,failed,,HTTPError('403 Client Error: Forbidden for url: https://www.mdpi.com/2079-6412/12/4/431/pdf?version=1648041005')
2007,Characteristics of PEALD–Hafnium Dioxide Films and their Application to Gate Insulator Stacks of Photosynaptic Transistors,Advanced Electronic Materials,2022-04-01,10.1002/aelm.202101061,closed in Unpaywall,404 not found,False,closed,,,,
2009,Improving the water-resistance of MgO-based metal-insulator-metal capacitors by inserting a BeO thin film grown via atomic layer deposition,Journal of Materials Chemistry C,2022-04-01,10.1039/d2tc00595f,closed in Unpaywall,404 not found,False,closed,,,,
2010,Fabrication of Ultra-Thin Hf0.5Zr0.5O2 Film and Its Application on ETSOI Devices,Xiyou Jinshu Chinese Journal of Rare Metals,2022-04-01,10.13373/j.cnki.cjrm.XY20020023,DOI not found in Unpaywall,404 not found,,doi_not_found,,,,
2013,Flexible Hf0.5Zr0.5O2 ferroelectric thin films on polyimide with improved ferroelectricity and high flexibility,Nano Research,2022-04-01,10.1007/s12274-021-3896-8,closed in Unpaywall,404 not found,False,closed,,,,
2014,Numerical Modeling of the Mechanical Reliability of Multicoated Nanoencapsulated Phase-Change Materials with Improved Thermal Performance,Solar Rrl,2022-04-01,10.1002/solr.202100724,OA PDF download failed,404 not found,True,bronze,https://onlinelibrary.wiley.com/doi/pdfdirect/10.1002/solr.202100724,failed,,HTTPError('403 Client Error: Forbidden for url: https://onlinelibrary.wiley.com/doi/pdfdirect/10.1002/solr.202100724')
2015,Modeling atomic layer deposition of alumina using reactive force field molecular dynamics,MRS Advances,2022-04-01,10.1557/s43580-022-00271-w,closed in Unpaywall,404 not found,False,closed,,,,
2016,High-Performance Potassium-Tellurium Batteries Stabilized by Interface Engineering,Small,2022-04-01,10.1002/smll.202200085,closed in Unpaywall,404 not found,False,closed,,,,
2019,Tin dioxide in terms of physical properties on steel AISI 316 LVM,Materialwissenschaft Und Werkstofftechnik,2022-04-01,10.1002/mawe.202200015,closed in Unpaywall,404 not found,False,closed,,,,
2020,All Solid-State Li/LLZO/LCO Battery Enabled by Alumina Interfacial Coating,Journal of the Electrochemical Society,2022-04-01,10.1149/1945-7111/ac644f,closed in Unpaywall,404 not found,False,closed,,,,
2023,Novel Vertical Channel-All-Around (CAA) In-Ga-Zn-O FET for 2T0C-DRAM With High Density Beyond 4F2by Monolithic Stacking,IEEE Transactions on Electron Devices,2022-04-01,10.1109/TED.2022.3154693,closed in Unpaywall,404 not found,False,closed,,,,
2024,Is Coating Oxide on Porous Metal Thin-Film for Low-Temperature Solid Oxide Fuel Cell Cathode a Panacea for Performance Enhancement?,International Journal of Precision Engineering and Manufacturing,2022-04-01,10.1007/s12541-022-00628-z,closed in Unpaywall,404 not found,False,closed,,,,
2027,Atomic layer deposition of titanium oxide thin films using a titanium precursor with a linked amido-cyclopentadienyl ligand,Journal of Materials Chemistry C,2022-03-26,10.1039/d2tc00574c,closed in Unpaywall,404 not found,False,closed,,,,
2029,Atomic Lego Catalysts Synthesized by Atomic Layer Deposition,Accounts of Materials Research,2022-03-25,10.1021/accountsmr.1c00250,closed in Unpaywall,404 not found,False,closed,,,,
2030,Neuromorphic Synapses with High Switching Uniformity and Multilevel Memory Storage Enabled through a Hf-Al-O Alloy for Artificial Intelligence,ACS Applied Electronic Materials,2022-03-22,10.1021/acsaelm.2c00023,closed in Unpaywall,404 not found,False,closed,,,,
2031,Ultralow-Resistivity Molybdenum-Carbide Thin Films Deposited by Plasma-Enhanced Atomic Layer Deposition Using a Cyclopentadienyl-Based Precursor,Chemistry of Materials,2022-03-22,10.1021/acs.chemmater.1c03607,closed in Unpaywall,404 not found,False,closed,,,,
2033,Coating of Low-Cost Asphaltenes-Derived Carbon Fibers with V2O5for Supercapacitor Application,Energy and Fuels,2022-03-17,10.1021/acs.energyfuels.2c00066,closed in Unpaywall,404 not found,False,closed,,,,
2036,Role of Anionic Backbone in NHC-Stabilized Coinage Metal Complexes: New Precursors for Atomic Layer Deposition**,Chemistry A European Journal,2022-03-16,10.1002/chem.202103798,OA PDF download failed,404 not found,True,hybrid,https://onlinelibrary.wiley.com/doi/pdfdirect/10.1002/chem.202103798,failed,,HTTPError('403 Client Error: Forbidden for url: https://onlinelibrary.wiley.com/doi/pdfdirect/10.1002/chem.202103798')
2044,Tunable Ti3+-Mediated Charge Carrier Dynamics of Atomic Layer Deposition-Grown Amorphous TiO2,Journal of Physical Chemistry C,2022-03-10,10.1021/acs.jpcc.1c10919,OA PDF download failed,404 not found,True,hybrid,https://doi.org/10.1021/acs.jpcc.1c10919,failed,,HTTPError('403 Client Error: Forbidden for url: https://pubs.acs.org/doi/10.1021/acs.jpcc.1c10919')
2046,Colloidal-ALD-Grown Hybrid Shells Nucleate via a Ligand-Precursor Complex,Journal of the American Chemical Society,2022-03-09,10.1021/jacs.1c12538,OA PDF download failed,404 not found,True,green,https://infoscience.epfl.ch/handle/20.500.14299/185553,failed,,HTTPError('405 Client Error: Not Allowed for url: https://infoscience.epfl.ch/handle/20.500.14299/185553')
2047,Sub-Nanometer Interfacial Oxides on Highly Oriented Pyrolytic Graphite and Carbon Nanotubes Enabled by Lateral Oxide Growth,ACS Applied Materials and Interfaces,2022-03-09,10.1021/acsami.1c21743,closed in Unpaywall,404 not found,False,closed,,,,
2048,Room-Temperature Atomic Layer Deposition of Elemental Antimony,Chemistry of Materials,2022-03-08,10.1021/acs.chemmater.1c04411,closed in Unpaywall,404 not found,False,closed,,,,
2050,"Formation of mononuclear N,O-chelate zirconium complexes by direct insertion of epoxide into tetrakis(dimethylamido)zirconium: highly promising approach for developing an ALD precursor of ZrO2 thin films",Dalton Transactions,2022-03-07,10.1039/d1dt04207f,closed in Unpaywall,404 not found,False,closed,,,,
2054,MoS2/MXene Aerogel with Conformal Heterogeneous Interfaces Tailored by Atomic Layer Deposition for Tunable Microwave Absorption,Advanced Science,2022-03-01,10.1002/advs.202101988,OA PDF download failed,404 not found,True,gold,https://doi.org/10.1002/advs.202101988,failed,,HTTPError('403 Client Error: Forbidden for url: https://advanced.onlinelibrary.wiley.com/doi/10.1002/advs.202101988')
2055,Modified 3D-printed architectures: Effects of coating by alumina on acrylonitrile butadiene styrene,Journal of Vacuum Science and Technology A Vacuum Surfaces and Films,2022-03-01,10.1116/6.0001595,closed in Unpaywall,404 not found,False,closed,,,,
2056,"Spontaneous etching of B2O3by HF gas studied using infrared spectroscopy, mass spectrometry, and density functional theory",Journal of Vacuum Science and Technology A Vacuum Surfaces and Films,2022-03-01,10.1116/6.0001542,OA PDF download failed,404 not found,True,bronze,https://avs.scitation.org/doi/pdf/10.1116/6.0001542,failed,,no PDF link found on OA page
2058,Atomic layer deposition of GdF3thin films,Journal of Vacuum Science and Technology A Vacuum Surfaces and Films,2022-03-01,10.1116/6.0001629,OA PDF download failed,404 not found,True,bronze,https://avs.scitation.org/doi/pdf/10.1116/6.0001629,failed,,no PDF link found on OA page
2059,Ga-concentration-dependent optical and electrical properties of Ga-doped ZnO thin films prepared by low-temperature atomic layer deposition,Journal of Materials Science Materials in Electronics,2022-03-01,10.1007/s10854-022-07756-2,closed in Unpaywall,404 not found,False,closed,,,,
2061,Reaction mechanism studies on atomic layer deposition process of AlF3,Journal of Vacuum Science and Technology A Vacuum Surfaces and Films,2022-03-01,10.1116/6.0001624,OA PDF download failed,404 not found,True,green,http://hdl.handle.net/10138/339323,failed,,no PDF link found on OA page
2062,Methyl-methacrylate based aluminum hybrid film grown via three-precursor molecular layer deposition,Journal of Vacuum Science and Technology A Vacuum Surfaces and Films,2022-03-01,10.1116/6.0001505,closed in Unpaywall,404 not found,False,closed,,,,
2063,"Atomic-Layer-Deposition-Made Very Thin Layer of Al2O3, Improves the Young’s Modulus of Graphene",Applied Sciences Switzerland,2022-03-01,10.3390/app12052491,OA PDF download failed,404 not found,True,gold,https://www.mdpi.com/2076-3417/12/5/2491/pdf?version=1646100065,failed,,HTTPError('403 Client Error: Forbidden for url: https://www.mdpi.com/2076-3417/12/5/2491/pdf?version=1646100065')
2065,Roomerature atomic layer deposition of iron oxide using plasma excited humidified argon,Journal of Vacuum Science and Technology A Vacuum Surfaces and Films,2022-03-01,10.1116/6.0001622,closed in Unpaywall,404 not found,False,closed,,,,
2067,Surface Engineering Suppresses the Failure of Biphasic Sodium Layered Cathode for High Performance Sodium-Ion Batteries,Advanced Functional Materials,2022-03-01,10.1002/adfm.202109319,closed in Unpaywall,404 not found,False,closed,,,,
2068,"Atomic layer deposition of titanium phosphate onto reinforcing fibers using titanium tetrachloride, water, and tris(trimethylsilyl) phosphate as precursors",Journal of Vacuum Science and Technology A Vacuum Surfaces and Films,2022-03-01,10.1116/6.0001514,closed in Unpaywall,404 not found,False,closed,,,,
2070,Low-Temperature Synthesis of Amorphous Silicon and Its Ball-in-Ball Hollow Nanospheres as High-Performance Anodes for Sodium-Ion Batteries,Advanced Materials Interfaces,2022-03-01,10.1002/admi.202102158,closed in Unpaywall,404 not found,False,closed,,,,
2071,"High wet-etch resistance SiO2 films deposited by plasma-enhanced atomic layer deposition with 1,1,1-tris(dimethylamino)disilane",Journal of Vacuum Science and Technology A Vacuum Surfaces and Films,2022-03-01,10.1116/6.0001519,closed in Unpaywall,404 not found,False,closed,,,,
2073,Room-temperature and high-quality HfO2/SiO2gate stacked film grown by neutral beam enhanced atomic layer deposition,Journal of Vacuum Science and Technology A Vacuum Surfaces and Films,2022-03-01,10.1116/6.0001607,OA PDF download failed,404 not found,True,hybrid,https://avs.scitation.org/doi/pdf/10.1116/6.0001607,failed,,no PDF link found on OA page
2075,Thermal and plasma enhanced atomic layer deposition of ultrathin TiO2on silicon from amide and alkoxide precursors: Growth chemistry and photoelectrochemical performance,Journal of Physics D Applied Physics,2022-02-24,10.1088/1361-6463/ac360c,OA PDF download failed,404 not found,True,hybrid,https://iopscience.iop.org/article/10.1088/1361-6463/ac360c/pdf,failed,,downloaded response was not a PDF
2077,Atomic Layer Deposition of Iridium Using a Tricarbonyl Cyclopropenyl Precursor and Oxygen,Chemistry of Materials,2022-02-22,10.1021/acs.chemmater.1c03142,closed in Unpaywall,404 not found,False,closed,,,,
2081,"Surface reactions between LiHMDS, TMA and TMP leading to deposition of amorphous lithium phosphate",Journal of Materials Chemistry A,2022-02-21,10.1039/d1ta09500e,closed in Unpaywall,404 not found,False,closed,,,,
2086,Coordination-Assisted Precise Construction of Metal Oxide Nanofilms for High-Performance Solid-State Batteries,Journal of the American Chemical Society,2022-02-09,10.1021/jacs.1c10872,closed in Unpaywall,404 not found,False,closed,,,,
2087,Simultaneously enhanced electrical conductivity and suppressed thermal conductivity for ALD ZnO films via purge-time controlled defects,Applied Physics Letters,2022-02-07,10.1063/5.0081657,OA PDF download failed,404 not found,True,green,https://research.aalto.fi/files/80138135/CHEM_Ghiyasi_et_al_Simultaneously_enhanced_electrical_2022_Appl_Phys_Lett.pdf,failed,,HTTPError('403 Client Error: Forbidden for url: https://research.aalto.fi/files/80138135/CHEM_Ghiyasi_et_al_Simultaneously_enhanced_electrical_2022_Appl_Phys_Lett.pdf')
2088,In situ analysis of growth rate evolution during molecular layer deposition of ultra-thin polyurea films using aliphatic and aromatic precursors,Dalton Transactions,2022-02-07,10.1039/d1dt03689k,closed in Unpaywall,404 not found,False,closed,,,,
2089,Facile synthesis of an organic/inorganic hybrid 2D structure tincone film by molecular layer deposition,Dalton Transactions,2022-02-07,10.1039/d1dt02984c,closed in Unpaywall,404 not found,False,closed,,,,
2091,Aligning time-resolved kinetics (TAP) and surface spectroscopy (AP-XPS) for a more comprehensive understanding of ALD-derived 2D and 3D model catalysts,Faraday Discussions,2022-02-07,10.1039/d1fd00120e,OA PDF download failed,404 not found,True,green,http://hdl.handle.net/1854/LU-01GKP0K1P4PJ0ZKDK971D8529X,failed,,downloaded response was not a PDF
2095,"Atomic layer deposition of zinc oxide onto 3D porous iron scaffolds for bone repair: in vitro degradation, antibacterial activity and cytocompatibility evaluation",Rare Metals,2022-02-01,10.1007/s12598-021-01852-8,closed in Unpaywall,404 not found,False,closed,,,,
2097,ALD-Coated Mesoporous Iridium-Titanium Mixed Oxides: Maximizing Iridium Utilization for an Outstanding OER Performance,Advanced Materials Interfaces,2022-02-01,10.1002/admi.202102035,OA PDF download failed,404 not found,True,hybrid,https://onlinelibrary.wiley.com/doi/pdfdirect/10.1002/admi.202102035,failed,,HTTPError('403 Client Error: Forbidden for url: https://onlinelibrary.wiley.com/doi/pdfdirect/10.1002/admi.202102035')
2099,Dual-Design of Nanoporous to Compact Interface via Atomic/Molecular Layer Deposition Enabling a Long-Life Silicon Anode,Advanced Functional Materials,2022-02-01,10.1002/adfm.202109682,closed in Unpaywall,404 not found,False,closed,,,,
2100,Improved Cycling Stability of LiNi0.8Co0.1Mn0.1O2 Cathode Material via Variable Temperature Atomic Surface Reduction with Diethyl Zinc,Small,2022-02-01,10.1002/smll.202104625,closed in Unpaywall,404 not found,False,closed,,,,
2103,Effect of reactive gases (NH3/N2) on silicon–nitride thin films deposited with diiodosilane (SiH2I2) precursors,Journal of the Korean Physical Society,2022-02-01,10.1007/s40042-021-00354-1,closed in Unpaywall,404 not found,False,closed,,,,
2104,Effect of Process Temperature on Density and Electrical Characteristics of Hf0.5 Zr0.5 O2 Thin Films Prepared by Plasma-Enhanced Atomic Layer Deposition,Nanomaterials,2022-02-01,10.3390/nano12030548,OA PDF download failed,404 not found,True,gold,https://www.mdpi.com/2079-4991/12/3/548/pdf?version=1644222362,failed,,HTTPError('403 Client Error: Forbidden for url: https://www.mdpi.com/2079-4991/12/3/548/pdf?version=1644222362')
2105,Molecular Dynamics of Atomic Layer Deposition: Sticking Coefficient Investigation,Applied Sciences Switzerland,2022-02-01,10.3390/app12042188,OA PDF download failed,404 not found,True,gold,https://www.mdpi.com/2076-3417/12/4/2188/pdf?version=1645434091,failed,,HTTPError('403 Client Error: Forbidden for url: https://www.mdpi.com/2076-3417/12/4/2188/pdf?version=1645434091')
2109,Inherently Selective Water-Free Deposition of Titanium Dioxide on the Nanoscale: Implications for Nanoscale Patterning,ACS Applied Nano Materials,2022-01-28,10.1021/acsanm.1c03311,closed in Unpaywall,404 not found,False,closed,,,,
2110,AlF3-Al2O3 ALD Thin-Film-Coated Li1.2Mn0.54Co0.13Ni0.13O2 Particles for Lithium-Ion Batteries: Long-Term Protection,ACS Applied Materials and Interfaces,2022-01-26,10.1021/acsami.1c20005,closed in Unpaywall,404 not found,False,closed,,,,
2111,Early Growth Stages of Aluminum Oxide (Al2O3) Insulating Layers by Thermal- and Plasma-Enhanced Atomic Layer Deposition on AlGaN/GaN Heterostructures,ACS Applied Electronic Materials,2022-01-25,10.1021/acsaelm.1c01059,closed in Unpaywall,404 not found,False,closed,,,,
2112,Stabilizing the Interface of All-Solid-State Electrolytes against Cathode Electrodes by Atomic Layer Deposition,ACS Applied Energy Materials,2022-01-24,10.1021/acsaem.1c03237,closed in Unpaywall,404 not found,False,closed,,,,
2113,Ultrathin Artificial Solid Electrolyte Interface Layer-Coated Biomass-Derived Hard Carbon as an Anode for Sodium-Ion Batteries,ACS Applied Energy Materials,2022-01-24,10.1021/acsaem.1c03425,closed in Unpaywall,404 not found,False,closed,,,,
2115,Functionalization of the SiO2Surface with Aminosilanes to Enable Area-Selective Atomic Layer Deposition of Al2O3,Langmuir,2022-01-18,10.1021/acs.langmuir.1c02216,closed in Unpaywall,404 not found,False,closed,,,,
2118,Schottky-type GaN-based UV photodetector with atomic-layer-deposited TiN thin film as electrodes,Optics Letters,2022-01-15,10.1364/OL.449374,closed in Unpaywall,404 not found,False,closed,,,,
2119,Atomic layer deposition of SnSe: X thin films using Sn(N(CH3)2)4and Se(Si(CH3)3)2with NH3co-injection,Dalton Transactions,2022-01-14,10.1039/d1dt03487a,closed in Unpaywall,404 not found,False,closed,,,,
2121,Atomic Layer Deposition on Porous Substrates: From General Formulation to Fibrous Substrates and Scaling Laws,Chemistry of Materials,2022-01-11,10.1021/acs.chemmater.1c03164,OA PDF download failed,404 not found,True,green,https://www.dora.lib4ri.ch/empa/islandora/object/empa%3A28175,failed,,no PDF link found on OA page
2124,Pulsed heating atomic layer deposition (PH-ALD) for epitaxial growth of zinc oxide thin films onc-plane sapphire,Dalton Transactions,2022-01-07,10.1039/d1dt03581a,closed in Unpaywall,404 not found,False,closed,,,,
2126,Effect of gallium incorporation on electrical and material characteristics of TiO2films for high-permittivity dielectric application,2022 Compound Semiconductor Week Csw 2022,2022-01-01,10.1109/CSW55288.2022.9930362,closed in Unpaywall,404 not found,False,closed,,,,
2127,"Influences of ALD Al2O3on the surface band-bending of c-plane, Ga-face GaN",Japanese Journal of Applied Physics,2022-01-01,10.35848/1347-4065/ac3d45,OA PDF download failed,404 not found,True,green,https://hdl.handle.net/1721.1/138840,failed,,HTTPError('403 Client Error: Forbidden for url: https://dspace.mit.edu/bitstream/handle/1721.1/138840/2109.04597.pdf?sequence=2')
2129,14.14 - Common Precursors and Surface Mechanisms for Atomic Layer Deposition,Comprehensive Organometallic Chemistry IV Volume 1 15,2022-01-01,10.1016/B978-0-12-820206-7.00117-7,closed in Unpaywall,400 bad request: INVALID_INPUT - View parameter specified in request is not valid,False,closed,,,,
2131,Enhanced Remnant Polarization (> 70 μC/cm2 at Low field and Low Processing Temperatures in ALD grown Ferroelectric Hf0.5Zr0.5O2,2022 IEEE International Conference on Emerging Electronics Icee 2022,2022-01-01,10.1109/ICEE56203.2022.10117765,closed in Unpaywall,404 not found,False,closed,,,,
2132,Ultra-Fast Operation of BEOL-Compatible Atomic-Layer-Deposited In2O3Fe-FETs: Achieving Memory Performance Enhancement with Memory Window of 2.5 V and High Endurance > 109Cycles without VTDrift Penalty,Digest of Technical Papers Symposium on VLSI Technology,2022-01-01,10.1109/VLSITechnologyandCir46769.2022.9830156,closed in Unpaywall,404 not found,False,closed,,,,
2133,Polymers in Sodium-Ion Batteries: Understanding the Critical Role of Polymers in Battery Systems,Sodium Ion Batteries Materials Characterization and Technology Volume 1,2022-01-01,10.1002/9783527825769.ch14,closed in Unpaywall,404 not found,False,closed,,,,
2134,Plasma-Enhanced Atomic Layer Deposition of Molybdenum Oxide Thin Films at Low Temperatures for Hydrogen Gas Sensing,ACS Applied Materials and Interfaces,2022-01-01,10.1021/acsami.2c19827,closed in Unpaywall,404 not found,False,closed,,,,
2135,Electrochemical Behavior of SnO2 Layer Deposited on Biomaterials Used in Bone Surgery,Advanced Structured Materials,2022-01-01,10.1007/978-3-030-97925-6_4,closed in Unpaywall,404 not found,False,closed,,,,
2136,Low-Temperature Atomic Layer Deposition of Hafnium Oxide for Gating Applications,ACS Applied Materials and Interfaces,2022-01-01,10.1021/acsami.2c06176,closed in Unpaywall,404 not found,False,closed,,,,
2137,Functionalization of Carbon Electrodes with Nanotitania by Atomic Layer Deposition,Advances in Materials Science and Engineering,2022-01-01,10.1155/2022/9575845,OA PDF download failed,404 not found,True,gold,https://downloads.hindawi.com/journals/amse/2022/9575845.pdf,failed,,HTTPError('403 Client Error: Forbidden for url: https://downloads.hindawi.com/journals/amse/2022/9575845.pdf')
2138,Ambient pressure x-ray photoelectron spectroscopy setup for synchrotron-based in situ and operando atomic layer deposition research,Review of Scientific Instruments,2022-01-01,10.1063/5.0076993,OA PDF download failed,404 not found,True,hybrid,https://aip.scitation.org/doi/pdf/10.1063/5.0076993,failed,,no PDF link found on OA page
2139,Threshold switching in chalcogenide GeTe and GeTeS thin films prepared via plasma enhanced atomic layer deposition,Journal of Materials Chemistry C,2022-01-01,10.1039/d2tc03656h,closed in Unpaywall,404 not found,False,closed,,,,
2140,Effects of Annealing Temperature on TiN/Hf0.5Zr0.5O2/TiN Ferroelectric Capacitor Prepared by In-Situ Like Consecutive Atomic Layer Deposition,IEEE Transactions on Nanotechnology,2022-01-01,10.1109/TNANO.2022.3187589,closed in Unpaywall,404 not found,False,closed,,,,
2141,Searching Optimal Growth Parameters for HfO Applied by Plasma-Enhanced Atomic Layer Deposition Method,International Conference of Young Specialists on Micro Nanotechnologies and Electron Devices Edm,2022-01-01,10.1109/EDM55285.2022.9855104,closed in Unpaywall,404 not found,False,closed,,,,
2142,Low Resistivity Titanium Nitride Thin Film Fabricated by Atomic Layer Deposition with TiCl4and Metal-Organic Precursors in Horizontal Vias,2022 IEEE International Interconnect Technology Conference Iitc 2022,2022-01-01,10.1109/IITC52079.2022.9881296,closed in Unpaywall,404 not found,False,closed,,,,
2143,Significant enhancement in stability of copper nanowires network deposited by alumina via atomic layer deposition for transparent electromagnetic interference shielding,2022 23rd International Conference on Electronic Packaging Technology Icept 2022,2022-01-01,10.1109/ICEPT56209.2022.9872759,closed in Unpaywall,404 not found,False,closed,,,,
2145,Common Precursors and Surface Mechanisms for Atomic Layer Deposition,Comprehensive Organometallic Chemistry IV Volume 1 15,2022-01-01,10.1016/B978-0-12-820206-7.00117-7,closed in Unpaywall,400 bad request: INVALID_INPUT - View parameter specified in request is not valid,False,closed,,,,
2146,"Investigation on Transparent, Conductive ZnO:Al Films Deposited by Atomic Layer Deposition Process",Nanomaterials,2022-01-01,10.3390/nano12010172,OA PDF download failed,404 not found,True,gold,https://www.mdpi.com/2079-4991/12/1/172/pdf?version=1641383386,failed,,HTTPError('403 Client Error: Forbidden for url: https://www.mdpi.com/2079-4991/12/1/172/pdf?version=1641383386')
2147,First Demonstration of Top-Gated ITO Transistors: Effect of Channel Passivation,Device Research Conference Conference Digest Drc,2022-01-01,10.1109/DRC55272.2022.9855811,closed in Unpaywall,404 not found,False,closed,,,,
2148,Low-Temperature Atomic Layer Deposited Electron Transport Layers for Co-Evaporated Perovskite Solar Cells,Solar Rrl,2022-01-01,10.1002/solr.202100842,closed in Unpaywall,404 not found,False,closed,,,,
2149,Reduction of Surface Residual Lithium Compounds for Single-Crystal LiNi0.6Mn0.2Co0.2O2 via Al2O3 Atomic Layer Deposition and Post-Annealing,Coatings,2022-01-01,10.3390/coatings12010084,OA PDF download failed,404 not found,True,gold,https://www.mdpi.com/2079-6412/12/1/84/pdf?version=1642576386,failed,,HTTPError('403 Client Error: Forbidden for url: https://www.mdpi.com/2079-6412/12/1/84/pdf?version=1642576386')
2150,Electrochemical activity and SEI formation inhibition of Al in Ni–Al-O ALD thin films,Ionics,2022-01-01,10.1007/s11581-021-04322-4,closed in Unpaywall,404 not found,False,closed,,,,
2151,Atomic layer deposition of thin films of hafnium oxide using Izofaz TM 200-01 system,Proceedings of SPIE the International Society for Optical Engineering,2022-01-01,10.1117/12.2624575,closed in Unpaywall,404 not found,False,closed,,,,
2154,Comparative study of wafer-scale Al2O3 layers made by thermal and plasma-enhanced ALD,Gmm Fachberichte,2022-01-01,,missing DOI,,,,,,,
2156,Effect of Temperature Induced Phase Variation in ALD TiO2Dielectric on the Switching Behaviour of RRAM Devices,2022 IEEE International Conference on Emerging Electronics Icee 2022,2022-01-01,10.1109/ICEE56203.2022.10117866,closed in Unpaywall,404 not found,False,closed,,,,
2158,Comparative Lca Analysis for Replacement of Materials to Reduce Environmental Impact,Chemical Engineering Transactions,2022-01-01,10.3303/CET2296025,DOI not found in Unpaywall,404 not found,,doi_not_found,,,,
2161,MOx materials by ALD method,Metal Oxides for Non Volatile Memory Materials Technology and Applications,2022-01-01,10.1016/B978-0-12-814629-3.00006-4,closed in Unpaywall,400 bad request: INVALID_INPUT - View parameter specified in request is not valid,False,closed,,,,
2162,Synaptic Plasticity and Quantized Conductance States in TiN-Nanoparticles-Based Memristor for Neuromorphic System,Nanoscale Research Letters,2022-01-01,10.1186/s11671-022-03696-2,OA PDF download failed,404 not found,True,gold,https://nanoscalereslett.springeropen.com/counter/pdf/10.1186/s11671-022-03696-2,failed,,no PDF link found on OA page
2164,Scalable production of single 2D van der Waals layers through atomic layer deposition: bilayer silica on metal foils and films,2d Materials,2022-01-01,10.1088/2053-1583/ac5005,closed in Unpaywall,404 not found,False,closed,,,,
2165,First Demonstration of BEOL-Compatible Ultrathin AtomicLayer-Deposited InZnO Transistors with GHz Operation and Record High Bias-Stress Stability,Technical Digest International Electron Devices Meeting Iedm,2022-01-01,10.1109/IEDM45625.2022.10019452,closed in Unpaywall,404 not found,False,closed,,,,
2166,First Demonstration of BEOL-Compatible 3D Fin-Gate Oxide Semiconductor Fe-FETs,Technical Digest International Electron Devices Meeting Iedm,2022-01-01,10.1109/IEDM45625.2022.10019480,closed in Unpaywall,404 not found,False,closed,,,,
2168,High-performance sub-50nm channel length 3d monolithically stackable vertical igzo tfts for active-matrix application,Digest of Technical Papers SID International Symposium,2022-01-01,10.1002/sdtp.15484,closed in Unpaywall,404 not found,False,closed,,,,
2171,AlON gate dielectric and gate trench cleaning for improved reliability of vertical GaN MOSFETs,ETG Fachbericht,2022-01-01,,missing DOI,,,,,,,
2172,Growth characteristics and properties of Ga2O3 films fabricated by atomic layer deposition technique,Journal of Materials Chemistry C,2022-01-01,10.1039/d2tc03054c,closed in Unpaywall,404 not found,False,closed,,,,
2173,CUBES: Prototyping the high efficiency UV transmission grating,Proceedings of SPIE the International Society for Optical Engineering,2022-01-01,10.1117/12.2628258,closed in Unpaywall,404 not found,False,closed,,,,
2175,Study of rotary atomic layer deposition for optical applications,Proceedings of SPIE the International Society for Optical Engineering,2022-01-01,10.1117/12.2612173,closed in Unpaywall,404 not found,False,closed,,,,
2176,"4th IEEE International Flexible Electronics Technology Conference, IFETC 2022 - Proceeding",4th IEEE International Flexible Electronics Technology Conference Ifetc 2022 Proceeding,2022-01-01,,missing DOI,,,,,,,
2177,"BEOL-Compatible, ALD-grown In2O3Top-Gate FETs with Maximum Drain Current of 3 A/mm through Thermal Engineering and Pulse Measurement",2022 International Symposium on VLSI Technology Systems and Applications VLSI Tsa 2022,2022-01-01,10.1109/VLSI-TSA54299.2022.9770979,closed in Unpaywall,404 not found,False,closed,,,,
2178,Growth Mechanism and Film Properties of Atomic-Layer-Deposited Titanium Oxysulfide,Chemistry of Materials,2022-01-01,10.1021/acs.chemmater.2c01033,OA PDF download failed,404 not found,True,hybrid,https://doi.org/10.1021/acs.chemmater.2c01033,failed,,HTTPError('403 Client Error: Forbidden for url: https://pubs.acs.org/doi/10.1021/acs.chemmater.2c01033')
2179,Ru ALD With Bulk-Like Resistivity for Interconnects,2022 IEEE International Interconnect Technology Conference Iitc 2022,2022-01-01,10.1109/IITC52079.2022.9881300,closed in Unpaywall,404 not found,False,closed,,,,
2180,Growth of Hybrid Chiral Thin Films by Molecular Layer Deposition Zinc/Cysteine as a Case Study,Advanced Materials Interfaces,2022-01-01,10.1002/admi.202101725,closed in Unpaywall,404 not found,False,closed,,,,
2181,ALD Characteristic Study of Al2O3Film Deposited by a Dual Single-Wafer Process Chamber,2022 China Semiconductor Technology International Conference Cstic 2022,2022-01-01,10.1109/CSTIC55103.2022.9856923,closed in Unpaywall,404 not found,False,closed,,,,
