doi,file_name,status,oa_status,best_host_type,source_url,resolved_url,bytes,http_status,error
10.1002/9783527845729.ch6,,failed,gold,,https://onlinelibrary.wiley.com/doi/pdfdirect/10.1002/9783527845729.ch6,,0,,HTTPError('403 Client Error: Forbidden for url: https://onlinelibrary.wiley.com/doi/pdfdirect/10.1002/9783527845729.ch6')
10.1002/adem.202201262,unpaywall_oa_0002.pdf,downloaded,hybrid,publisher,https://research.abo.fi/ws/files/45369368/Adv_Eng_Mater_2022_Jussila_High_Quality_Magnetically_Hard_Fe2O3_Thin_Films_through_Atomic_Layer_Deposition_for.pdf,https://research.abo.fi/ws/files/45369368/Adv_Eng_Mater_2022_Jussila_High_Quality_Magnetically_Hard_Fe2O3_Thin_Films_through_Atomic_Layer_Deposition_for.pdf,1596062,200.0,alt_location:repository:url_for_pdf
10.1002/adem.202201263,,failed,bronze,publisher,https://onlinelibrary.wiley.com/doi/pdfdirect/10.1002/adem.202201263,,0,,HTTPError('403 Client Error: Forbidden for url: https://onlinelibrary.wiley.com/doi/pdfdirect/10.1002/adem.202201263')
10.1002/adem.202201901,unpaywall_oa_0004.pdf,downloaded,hybrid,publisher,https://cronfa.swan.ac.uk/Record/cronfa63132/Download/63132__27421__5edd85ea4f9b429592ba2621c7f2901d.pdf,https://cronfa.swan.ac.uk/Record/cronfa63132/Download/63132__27421__5edd85ea4f9b429592ba2621c7f2901d.pdf,1200913,200.0,alt_location:repository:url_for_pdf
10.1002/adem.202300443,,failed,hybrid,publisher,https://onlinelibrary.wiley.com/doi/pdfdirect/10.1002/adem.202300443,,0,,HTTPError('403 Client Error: Forbidden for url: https://onlinelibrary.wiley.com/doi/pdfdirect/10.1002/adem.202300443')
10.1002/adem.202300677,,failed,hybrid,publisher,https://onlinelibrary.wiley.com/doi/pdfdirect/10.1002/adem.202300677,,0,,HTTPError('403 Client Error: Forbidden for url: https://onlinelibrary.wiley.com/doi/pdfdirect/10.1002/adem.202300677')
10.1002/adem.202302257,,failed,hybrid,publisher,https://onlinelibrary.wiley.com/doi/pdfdirect/10.1002/adem.202302257,,0,,HTTPError('403 Client Error: Forbidden for url: https://onlinelibrary.wiley.com/doi/pdfdirect/10.1002/adem.202302257')
10.1002/adem.202401546,unpaywall_oa_0008.pdf,downloaded,hybrid,publisher,https://hal.science/hal-05086499/document,https://hal.science/hal-05086499/document,2804619,200.0,alt_location:repository:url_for_pdf
10.1002/adem.202402614,,failed,hybrid,publisher,https://onlinelibrary.wiley.com/doi/pdfdirect/10.1002/adem.202402614,,0,,HTTPError('403 Client Error: Forbidden for url: https://onlinelibrary.wiley.com/doi/pdfdirect/10.1002/adem.202402614')
10.1002/adem.202501319,,failed,hybrid,publisher,https://doi.org/10.1002/adem.202501319,,0,,HTTPError('403 Client Error: Forbidden for url: https://advanced.onlinelibrary.wiley.com/doi/10.1002/adem.202501319')
10.1002/adfm.202108774,unpaywall_oa_0011.pdf,downloaded,bronze,publisher,https://www.osti.gov/servlets/purl/1833843,https://www.osti.gov/servlets/purl/1833843,8816400,200.0,alt_location:repository:url_for_pdf
10.1002/adfm.202302236,,failed,bronze,publisher,https://onlinelibrary.wiley.com/doi/pdfdirect/10.1002/adfm.202302236,,0,,HTTPError('403 Client Error: Forbidden for url: https://onlinelibrary.wiley.com/doi/pdfdirect/10.1002/adfm.202302236')
10.1002/adfm.202314457,,failed,hybrid,publisher,https://onlinelibrary.wiley.com/doi/pdfdirect/10.1002/adfm.202314457,,0,,HTTPError('403 Client Error: Forbidden for url: https://onlinelibrary.wiley.com/doi/pdfdirect/10.1002/adfm.202314457')
10.1002/adfm.202315925,,failed,bronze,publisher,https://onlinelibrary.wiley.com/doi/pdfdirect/10.1002/adfm.202315925,,0,,HTTPError('403 Client Error: Forbidden for url: https://onlinelibrary.wiley.com/doi/pdfdirect/10.1002/adfm.202315925')
10.1002/adfm.202316872,,failed,hybrid,publisher,https://onlinelibrary.wiley.com/doi/pdfdirect/10.1002/adfm.202316872,,0,,HTTPError('403 Client Error: Forbidden for url: https://onlinelibrary.wiley.com/doi/pdfdirect/10.1002/adfm.202316872')
10.1002/adfm.202423888,,failed,bronze,publisher,https://onlinelibrary.wiley.com/doi/pdfdirect/10.1002/adfm.202423888,,0,,HTTPError('403 Client Error: Forbidden for url: https://onlinelibrary.wiley.com/doi/pdfdirect/10.1002/adfm.202423888')
10.1002/adfm.202423911,,failed,bronze,publisher,https://onlinelibrary.wiley.com/doi/pdfdirect/10.1002/adfm.202423911,,0,,HTTPError('403 Client Error: Forbidden for url: https://onlinelibrary.wiley.com/doi/pdfdirect/10.1002/adfm.202423911')
10.1002/adma.202300673,,failed,hybrid,publisher,https://onlinelibrary.wiley.com/doi/pdfdirect/10.1002/adma.202300673,,0,,HTTPError('403 Client Error: Forbidden for url: https://onlinelibrary.wiley.com/doi/pdfdirect/10.1002/adma.202300673')
10.1002/adma.202413404,,failed,bronze,publisher,https://onlinelibrary.wiley.com/doi/pdfdirect/10.1002/adma.202413404,,0,,HTTPError('403 Client Error: Forbidden for url: https://onlinelibrary.wiley.com/doi/pdfdirect/10.1002/adma.202413404')
10.1002/adma.202500327,,failed,hybrid,publisher,https://onlinelibrary.wiley.com/doi/pdfdirect/10.1002/adma.202500327,,0,,HTTPError('403 Client Error: Forbidden for url: https://onlinelibrary.wiley.com/doi/pdfdirect/10.1002/adma.202500327')
10.1002/admi.202101278,unpaywall_oa_0021.pdf,downloaded,bronze,publisher,https://pure.tue.nl/ws/files/201345419/Adv_Materials_Inter_2022_Mameli_High_Throughput_Atomic_Layer_Deposition_of_P_Type_SnO_Thin_Film_Transistors_Using_Tin.pdf,https://pure.tue.nl/ws/files/201345419/Adv_Materials_Inter_2022_Mameli_High_Throughput_Atomic_Layer_Deposition_of_P_Type_SnO_Thin_Film_Transistors_Using_Tin.pdf,1316301,200.0,alt_location:repository:url_for_pdf
10.1002/admi.202102035,,failed,hybrid,publisher,https://onlinelibrary.wiley.com/doi/pdfdirect/10.1002/admi.202102035,,0,,HTTPError('403 Client Error: Forbidden for url: https://onlinelibrary.wiley.com/doi/pdfdirect/10.1002/admi.202102035')
10.1002/admi.202200013,unpaywall_oa_0023.pdf,downloaded,hybrid,publisher,https://opus4.kobv.de/opus4-th-wildau/frontdoor/index/index/docId/1607,https://opus4.kobv.de/opus4-th-wildau/frontdoor/deliver/index/docId/1607/file/AdvMaterialsInter-2022.pdf,2024469,200.0,alt_location:repository:url
10.1002/admi.202200370,,failed,hybrid,publisher,https://doi.org/10.1002/admi.202200370,,0,,HTTPError('403 Client Error: Forbidden for url: https://advanced.onlinelibrary.wiley.com/doi/10.1002/admi.202200370')
10.1002/admi.202200575,unpaywall_oa_0025.pdf,downloaded,hybrid,publisher,https://hdl.handle.net/11492/6332,https://earsiv.kmu.edu.tr/server/api/core/bitstreams/c7537d0b-2eaf-40c8-a5f5-3518855769b4/content,3822282,200.0,alt_location:repository:url
10.1002/admi.202200582,,failed,hybrid,publisher,https://doi.org/10.1002/admi.202200582,,0,,HTTPError('403 Client Error: Forbidden for url: https://advanced.onlinelibrary.wiley.com/doi/10.1002/admi.202200582')
10.1002/admi.202200643,unpaywall_oa_0027.pdf,downloaded,green,repository,http://edoc.hu-berlin.de/18452/26107,https://edoc.hu-berlin.de/server/api/core/bitstreams/36ab070a-50b0-4818-979c-986627fa4056/content,2631451,200.0,
10.1002/admi.202201598,,failed,hybrid,publisher,https://doi.org/10.1002/admi.202201598,,0,,HTTPError('403 Client Error: Forbidden for url: https://advanced.onlinelibrary.wiley.com/doi/10.1002/admi.202201598')
10.1002/admi.202201709,,failed,hybrid,publisher,https://doi.org/10.1002/admi.202201709,,0,,HTTPError('403 Client Error: Forbidden for url: https://advanced.onlinelibrary.wiley.com/doi/10.1002/admi.202201709')
10.1002/admi.202201910,,failed,hybrid,publisher,https://doi.org/10.1002/admi.202201910,,0,,HTTPError('403 Client Error: Forbidden for url: https://advanced.onlinelibrary.wiley.com/doi/10.1002/admi.202201910')
10.1002/admi.202201934,unpaywall_oa_0031.pdf,downloaded,gold,publisher,https://biblio.ugent.be/publication/01GSFB7WYTBHMZCARD29BVE63M/file/01GSFBEGM9X5FS45NJNGBG52CX.pdf,https://backoffice.biblio.ugent.be/download/01GSFB7WYTBHMZCARD29BVE63M/01GSFBEGM9X5FS45NJNGBG52CX,2263540,200.0,alt_location:repository:url_for_pdf
10.1002/admi.202202131,,failed,gold,publisher,https://onlinelibrary.wiley.com/doi/pdfdirect/10.1002/admi.202202131,,0,,HTTPError('403 Client Error: Forbidden for url: https://onlinelibrary.wiley.com/doi/pdfdirect/10.1002/admi.202202131')
10.1002/admi.202202141,unpaywall_oa_0033.pdf,downloaded,gold,publisher,https://hal.science/hal-04033995/document,https://hal.science/hal-04033995/document,2835570,200.0,alt_location:repository:url_for_pdf
10.1002/admi.202202166,,failed,hybrid,publisher,https://doi.org/10.1002/admi.202202166,,0,,HTTPError('403 Client Error: Forbidden for url: https://advanced.onlinelibrary.wiley.com/doi/10.1002/admi.202202166')
10.1002/admi.202202174,,failed,gold,publisher,https://onlinelibrary.wiley.com/doi/pdfdirect/10.1002/admi.202202174,,0,,HTTPError('403 Client Error: Forbidden for url: https://onlinelibrary.wiley.com/doi/pdfdirect/10.1002/admi.202202174')
10.1002/admi.202202422,,failed,gold,publisher,https://onlinelibrary.wiley.com/doi/pdfdirect/10.1002/admi.202202422,,0,,HTTPError('403 Client Error: Forbidden for url: https://onlinelibrary.wiley.com/doi/pdfdirect/10.1002/admi.202202422')
10.1002/admi.202202445,,failed,gold,publisher,https://onlinelibrary.wiley.com/doi/pdfdirect/10.1002/admi.202202445,,0,,HTTPError('403 Client Error: Forbidden for url: https://onlinelibrary.wiley.com/doi/pdfdirect/10.1002/admi.202202445')
10.1002/admi.202300128,,failed,gold,publisher,https://onlinelibrary.wiley.com/doi/pdfdirect/10.1002/admi.202300128,,0,,HTTPError('403 Client Error: Forbidden for url: https://onlinelibrary.wiley.com/doi/pdfdirect/10.1002/admi.202300128')
10.1002/admi.202300173,,failed,gold,publisher,https://onlinelibrary.wiley.com/doi/pdfdirect/10.1002/admi.202300173,,0,,HTTPError('403 Client Error: Forbidden for url: https://onlinelibrary.wiley.com/doi/pdfdirect/10.1002/admi.202300173')
10.1002/admi.202300244,,failed,gold,publisher,https://onlinelibrary.wiley.com/doi/pdfdirect/10.1002/admi.202300244,,0,,HTTPError('403 Client Error: Forbidden for url: https://onlinelibrary.wiley.com/doi/pdfdirect/10.1002/admi.202300244')
10.1002/admi.202300420,,failed,gold,publisher,https://onlinelibrary.wiley.com/doi/pdfdirect/10.1002/admi.202300420,,0,,HTTPError('403 Client Error: Forbidden for url: https://onlinelibrary.wiley.com/doi/pdfdirect/10.1002/admi.202300420')
10.1002/admi.202300990,unpaywall_oa_0042.pdf,downloaded,gold,publisher,https://open.fau.de/handle/openfau/32178,https://open.fau.de/server/api/core/bitstreams/c4e9a824-1d2e-4e83-99ca-5575dcbe1f5a/content,3787055,200.0,alt_location:repository:url
10.1002/admi.202400262,,failed,gold,publisher,https://doi.org/10.1002/admi.202400262,,0,,HTTPError('403 Client Error: Forbidden for url: https://advanced.onlinelibrary.wiley.com/doi/10.1002/admi.202400262')
10.1002/admi.202400269,,failed,gold,publisher,https://onlinelibrary.wiley.com/doi/pdfdirect/10.1002/admi.202400269,,0,,HTTPError('403 Client Error: Forbidden for url: https://onlinelibrary.wiley.com/doi/pdfdirect/10.1002/admi.202400269')
10.1002/admi.202400270,,failed,gold,publisher,https://onlinelibrary.wiley.com/doi/pdfdirect/10.1002/admi.202400270,,0,,HTTPError('403 Client Error: Forbidden for url: https://onlinelibrary.wiley.com/doi/pdfdirect/10.1002/admi.202400270')
10.1002/admi.202400371,unpaywall_oa_0046.pdf,downloaded,gold,publisher,https://open.fau.de/handle/openfau/34557,https://open.fau.de/server/api/core/bitstreams/9db698ae-d8cf-4616-a1b8-87df750e5d1f/content,5211658,200.0,alt_location:repository:url
10.1002/admi.202400408,,failed,gold,publisher,https://onlinelibrary.wiley.com/doi/pdfdirect/10.1002/admi.202400408,,0,,HTTPError('403 Client Error: Forbidden for url: https://onlinelibrary.wiley.com/doi/pdfdirect/10.1002/admi.202400408')
10.1002/admi.202400537,unpaywall_oa_0048.pdf,downloaded,gold,publisher,https://opus4.kobv.de/opus4-btu/frontdoor/index/index/docId/6984,https://opus4.kobv.de/opus4-btu/frontdoor/deliver/index/docId/6984/file/In_Situ_X_Ray_Photoelectron_Spectroscopy.pdf,2134366,200.0,alt_location:repository:url
10.1002/admi.202400579,,failed,gold,publisher,https://onlinelibrary.wiley.com/doi/pdfdirect/10.1002/admi.202400579,,0,,HTTPError('403 Client Error: Forbidden for url: https://onlinelibrary.wiley.com/doi/pdfdirect/10.1002/admi.202400579')
10.1002/admi.202400693,,failed,gold,publisher,https://doi.org/10.1002/admi.202400693,,0,,HTTPError('403 Client Error: Forbidden for url: https://advanced.onlinelibrary.wiley.com/doi/10.1002/admi.202400693')
10.1002/admi.202400758,,failed,gold,publisher,https://onlinelibrary.wiley.com/doi/pdfdirect/10.1002/admi.202400758,,0,,HTTPError('403 Client Error: Forbidden for url: https://onlinelibrary.wiley.com/doi/pdfdirect/10.1002/admi.202400758')
10.1002/admi.202400831,,failed,gold,publisher,https://onlinelibrary.wiley.com/doi/pdfdirect/10.1002/admi.202400831,,0,,HTTPError('403 Client Error: Forbidden for url: https://onlinelibrary.wiley.com/doi/pdfdirect/10.1002/admi.202400831')
10.1002/admi.202500079,,failed,gold,publisher,https://onlinelibrary.wiley.com/doi/pdfdirect/10.1002/admi.202500079,,0,,HTTPError('403 Client Error: Forbidden for url: https://onlinelibrary.wiley.com/doi/pdfdirect/10.1002/admi.202500079')
10.1002/admi.202500140,,failed,gold,publisher,https://onlinelibrary.wiley.com/doi/pdfdirect/10.1002/admi.202500140,,0,,HTTPError('403 Client Error: Forbidden for url: https://onlinelibrary.wiley.com/doi/pdfdirect/10.1002/admi.202500140')
10.1002/admi.202500594,,failed,gold,publisher,https://onlinelibrary.wiley.com/doi/pdfdirect/10.1002/admi.202500594,,0,,HTTPError('403 Client Error: Forbidden for url: https://onlinelibrary.wiley.com/doi/pdfdirect/10.1002/admi.202500594')
10.1002/admt.202100953,,failed,bronze,publisher,https://onlinelibrary.wiley.com/doi/pdfdirect/10.1002/admt.202100953,,0,,HTTPError('403 Client Error: Forbidden for url: https://onlinelibrary.wiley.com/doi/pdfdirect/10.1002/admt.202100953')
10.1002/admt.202200796,,failed,hybrid,publisher,https://doi.org/10.1002/admt.202200796,,0,,HTTPError('403 Client Error: Forbidden for url: https://advanced.onlinelibrary.wiley.com/doi/10.1002/admt.202200796')
10.1002/admt.202300435,,failed,bronze,publisher,https://onlinelibrary.wiley.com/doi/pdfdirect/10.1002/admt.202300435,,0,,HTTPError('403 Client Error: Forbidden for url: https://onlinelibrary.wiley.com/doi/pdfdirect/10.1002/admt.202300435')
10.1002/admt.202301541,,failed,bronze,publisher,https://onlinelibrary.wiley.com/doi/pdfdirect/10.1002/admt.202301541,,0,,HTTPError('403 Client Error: Forbidden for url: https://onlinelibrary.wiley.com/doi/pdfdirect/10.1002/admt.202301541')
10.1002/admt.202301728,,failed,hybrid,publisher,https://onlinelibrary.wiley.com/doi/pdfdirect/10.1002/admt.202301728,,0,,HTTPError('403 Client Error: Forbidden for url: https://onlinelibrary.wiley.com/doi/pdfdirect/10.1002/admt.202301728')
10.1002/admt.202302049,,failed,hybrid,publisher,https://onlinelibrary.wiley.com/doi/pdfdirect/10.1002/admt.202302049,,0,,HTTPError('403 Client Error: Forbidden for url: https://onlinelibrary.wiley.com/doi/pdfdirect/10.1002/admt.202302049')
10.1002/admt.202500507,,failed,hybrid,publisher,https://onlinelibrary.wiley.com/doi/pdfdirect/10.1002/admt.202500507,,0,,HTTPError('403 Client Error: Forbidden for url: https://onlinelibrary.wiley.com/doi/pdfdirect/10.1002/admt.202500507')
10.1002/admt.202500964,,failed,hybrid,publisher,https://onlinelibrary.wiley.com/doi/pdfdirect/10.1002/admt.202500964,,0,,HTTPError('403 Client Error: Forbidden for url: https://onlinelibrary.wiley.com/doi/pdfdirect/10.1002/admt.202500964')
10.1002/admt.202501155,,failed,hybrid,publisher,https://onlinelibrary.wiley.com/doi/pdfdirect/10.1002/admt.202501155,,0,,HTTPError('403 Client Error: Forbidden for url: https://onlinelibrary.wiley.com/doi/pdfdirect/10.1002/admt.202501155')
10.1002/adom.202300963,,failed,bronze,publisher,https://onlinelibrary.wiley.com/doi/pdfdirect/10.1002/adom.202300963,,0,,HTTPError('403 Client Error: Forbidden for url: https://onlinelibrary.wiley.com/doi/pdfdirect/10.1002/adom.202300963')
10.1002/adsu.202300392,,failed,bronze,publisher,https://onlinelibrary.wiley.com/doi/pdfdirect/10.1002/adsu.202300392,,0,,HTTPError('403 Client Error: Forbidden for url: https://onlinelibrary.wiley.com/doi/pdfdirect/10.1002/adsu.202300392')
10.1002/advs.202101988,,failed,gold,publisher,https://doi.org/10.1002/advs.202101988,,0,,HTTPError('403 Client Error: Forbidden for url: https://advanced.onlinelibrary.wiley.com/doi/10.1002/advs.202101988')
10.1002/advs.202401794,,failed,gold,publisher,https://onlinelibrary.wiley.com/doi/pdfdirect/10.1002/advs.202401794,,0,,HTTPError('403 Client Error: Forbidden for url: https://onlinelibrary.wiley.com/doi/pdfdirect/10.1002/advs.202401794')
10.1002/advs.202402380,,failed,gold,publisher,https://onlinelibrary.wiley.com/doi/pdfdirect/10.1002/advs.202402380,,0,,HTTPError('403 Client Error: Forbidden for url: https://onlinelibrary.wiley.com/doi/pdfdirect/10.1002/advs.202402380')
10.1002/advs.202405188,unpaywall_oa_0070.pdf,downloaded,gold,publisher,https://pure.tue.nl/ws/files/338841250/Advanced_Science_-_2024_-_Limpt_-_Unraveling_the_Role_of_the_Stoichiometry_of_Atomic_Layer_Deposited_Nickel_Cobalt_Oxides_1_.pdf,https://pure.tue.nl/ws/files/338841250/Advanced_Science_-_2024_-_Limpt_-_Unraveling_the_Role_of_the_Stoichiometry_of_Atomic_Layer_Deposited_Nickel_Cobalt_Oxides_1_.pdf,3432164,200.0,alt_location:repository:url_for_pdf
10.1002/advs.202410179,,failed,gold,publisher,https://onlinelibrary.wiley.com/doi/pdfdirect/10.1002/advs.202410179,,0,,HTTPError('403 Client Error: Forbidden for url: https://onlinelibrary.wiley.com/doi/pdfdirect/10.1002/advs.202410179')
10.1002/advs.202414483,,failed,gold,publisher,https://onlinelibrary.wiley.com/doi/pdfdirect/10.1002/advs.202414483,,0,,HTTPError('403 Client Error: Forbidden for url: https://onlinelibrary.wiley.com/doi/pdfdirect/10.1002/advs.202414483')
10.1002/advs.202500568,,failed,gold,publisher,https://onlinelibrary.wiley.com/doi/pdfdirect/10.1002/advs.202500568,,0,,HTTPError('403 Client Error: Forbidden for url: https://onlinelibrary.wiley.com/doi/pdfdirect/10.1002/advs.202500568')
10.1002/advs.202503561,,failed,gold,publisher,https://onlinelibrary.wiley.com/doi/pdfdirect/10.1002/advs.202503561,,0,,HTTPError('403 Client Error: Forbidden for url: https://onlinelibrary.wiley.com/doi/pdfdirect/10.1002/advs.202503561')
10.1002/aelm.202100781,unpaywall_oa_0075.pdf,downloaded,hybrid,publisher,https://pure.tue.nl/ws/files/199629478/Adv_Elect_Materials_2022_Mahlouji_Thickness_and_Morphology_Dependent_Electrical_Properties_of_ALD_Synthesized_MoS2.pdf,https://pure.tue.nl/ws/files/199629478/Adv_Elect_Materials_2022_Mahlouji_Thickness_and_Morphology_Dependent_Electrical_Properties_of_ALD_Synthesized_MoS2.pdf,4386886,200.0,alt_location:repository:url_for_pdf
10.1002/aelm.202200172,unpaywall_oa_0076.pdf,downloaded,green,repository,https://www.osti.gov/biblio/1863642,https://www.osti.gov/servlets/purl/1886235,2870873,200.0,
10.1002/aelm.202200821,,failed,hybrid,publisher,https://onlinelibrary.wiley.com/doi/pdfdirect/10.1002/aelm.202200821,,0,,HTTPError('403 Client Error: Forbidden for url: https://onlinelibrary.wiley.com/doi/pdfdirect/10.1002/aelm.202200821')
10.1002/aelm.202201047,,failed,gold,publisher,https://onlinelibrary.wiley.com/doi/pdfdirect/10.1002/aelm.202201047,,0,,HTTPError('403 Client Error: Forbidden for url: https://onlinelibrary.wiley.com/doi/pdfdirect/10.1002/aelm.202201047')
10.1002/aelm.202201250,,failed,gold,publisher,https://onlinelibrary.wiley.com/doi/pdfdirect/10.1002/aelm.202201250,,0,,HTTPError('403 Client Error: Forbidden for url: https://onlinelibrary.wiley.com/doi/pdfdirect/10.1002/aelm.202201250')
10.1002/aelm.202300074,,failed,gold,publisher,https://onlinelibrary.wiley.com/doi/pdfdirect/10.1002/aelm.202300074,,0,,HTTPError('403 Client Error: Forbidden for url: https://onlinelibrary.wiley.com/doi/pdfdirect/10.1002/aelm.202300074')
10.1002/aelm.202300135,,failed,gold,publisher,https://onlinelibrary.wiley.com/doi/pdfdirect/10.1002/aelm.202300135,,0,,HTTPError('403 Client Error: Forbidden for url: https://onlinelibrary.wiley.com/doi/pdfdirect/10.1002/aelm.202300135')
10.1002/aelm.202300722,,failed,gold,publisher,https://onlinelibrary.wiley.com/doi/pdfdirect/10.1002/aelm.202300722,,0,,HTTPError('403 Client Error: Forbidden for url: https://onlinelibrary.wiley.com/doi/pdfdirect/10.1002/aelm.202300722')
10.1002/aelm.202300798,,failed,gold,publisher,https://onlinelibrary.wiley.com/doi/pdfdirect/10.1002/aelm.202300798,,0,,HTTPError('403 Client Error: Forbidden for url: https://onlinelibrary.wiley.com/doi/pdfdirect/10.1002/aelm.202300798')
10.1002/aelm.202300911,,failed,gold,publisher,https://onlinelibrary.wiley.com/doi/pdfdirect/10.1002/aelm.202300911,,0,,HTTPError('403 Client Error: Forbidden for url: https://onlinelibrary.wiley.com/doi/pdfdirect/10.1002/aelm.202300911')
10.1002/aelm.202400377,,failed,gold,publisher,https://onlinelibrary.wiley.com/doi/pdfdirect/10.1002/aelm.202400377,,0,,HTTPError('403 Client Error: Forbidden for url: https://onlinelibrary.wiley.com/doi/pdfdirect/10.1002/aelm.202400377')
10.1002/aelm.202400765,,failed,gold,publisher,https://onlinelibrary.wiley.com/doi/pdfdirect/10.1002/aelm.202400765,,0,,HTTPError('403 Client Error: Forbidden for url: https://onlinelibrary.wiley.com/doi/pdfdirect/10.1002/aelm.202400765')
10.1002/aelm.202500052,,failed,gold,publisher,https://onlinelibrary.wiley.com/doi/pdfdirect/10.1002/aelm.202500052,,0,,HTTPError('403 Client Error: Forbidden for url: https://onlinelibrary.wiley.com/doi/pdfdirect/10.1002/aelm.202500052')
10.1002/aelm.202500524,,failed,gold,publisher,https://onlinelibrary.wiley.com/doi/pdfdirect/10.1002/aelm.202500524,,0,,HTTPError('403 Client Error: Forbidden for url: https://onlinelibrary.wiley.com/doi/pdfdirect/10.1002/aelm.202500524')
10.1002/aenm.202102618,unpaywall_oa_0089.pdf,downloaded,green,repository,https://www.osti.gov/biblio/1829404,https://www.osti.gov/servlets/purl/1960220,3822468,200.0,alt_location:repository:url
10.1002/aenm.202203377,,failed,green,repository,http://infoscience.epfl.ch/record/300129,,0,,HTTPError('405 Client Error: Not Allowed for url: https://infoscience.epfl.ch/record/300129')
10.1002/aenm.202405532,,failed,bronze,publisher,https://onlinelibrary.wiley.com/doi/pdfdirect/10.1002/aenm.202405532,,0,,HTTPError('403 Client Error: Forbidden for url: https://onlinelibrary.wiley.com/doi/pdfdirect/10.1002/aenm.202405532')
10.1002/aesr.202300115,,failed,gold,publisher,https://onlinelibrary.wiley.com/doi/pdfdirect/10.1002/aesr.202300115,,0,,HTTPError('403 Client Error: Forbidden for url: https://onlinelibrary.wiley.com/doi/pdfdirect/10.1002/aesr.202300115')
10.1002/aesr.202400091,,failed,gold,publisher,https://onlinelibrary.wiley.com/doi/pdfdirect/10.1002/aesr.202400091,,0,,HTTPError('403 Client Error: Forbidden for url: https://onlinelibrary.wiley.com/doi/pdfdirect/10.1002/aesr.202400091')
10.1002/aic.17889,unpaywall_oa_0094.pdf,downloaded,green,repository,https://www.osti.gov/biblio/1885839,https://www.osti.gov/servlets/purl/2917484,4465851,200.0,
10.1002/anie.202421259,,failed,hybrid,publisher,https://onlinelibrary.wiley.com/doi/pdfdirect/10.1002/anie.202421259,,0,,HTTPError('403 Client Error: Forbidden for url: https://onlinelibrary.wiley.com/doi/pdfdirect/10.1002/anie.202421259')
10.1002/anie.202422578,,failed,hybrid,publisher,https://doi.org/10.1002/anie.202422578,,0,,HTTPError('403 Client Error: Forbidden for url: https://onlinelibrary.wiley.com/doi/10.1002/anie.202422578')
10.1002/anie.202513066,,failed,hybrid,publisher,https://onlinelibrary.wiley.com/doi/pdfdirect/10.1002/anie.202513066,,0,,HTTPError('403 Client Error: Forbidden for url: https://onlinelibrary.wiley.com/doi/pdfdirect/10.1002/anie.202513066')
10.1002/batt.202300447,,failed,hybrid,publisher,https://onlinelibrary.wiley.com/doi/pdfdirect/10.1002/batt.202300447,,0,,HTTPError('403 Client Error: Forbidden for url: https://onlinelibrary.wiley.com/doi/pdfdirect/10.1002/batt.202300447')
10.1002/batt.202400133,,failed,bronze,publisher,https://onlinelibrary.wiley.com/doi/pdfdirect/10.1002/batt.202400133,,0,,HTTPError('403 Client Error: Forbidden for url: https://onlinelibrary.wiley.com/doi/pdfdirect/10.1002/batt.202400133')
10.1002/batt.202400241,,failed,hybrid,publisher,https://onlinelibrary.wiley.com/doi/pdfdirect/10.1002/batt.202400241,,0,,HTTPError('403 Client Error: Forbidden for url: https://onlinelibrary.wiley.com/doi/pdfdirect/10.1002/batt.202400241')
10.1002/batt.202400774,,failed,bronze,publisher,https://onlinelibrary.wiley.com/doi/pdfdirect/10.1002/batt.202400774,,0,,HTTPError('403 Client Error: Forbidden for url: https://onlinelibrary.wiley.com/doi/pdfdirect/10.1002/batt.202400774')
10.1002/bte2.20230051,,failed,gold,publisher,https://onlinelibrary.wiley.com/doi/pdfdirect/10.1002/bte2.20230051,,0,,HTTPError('403 Client Error: Forbidden for url: https://onlinelibrary.wiley.com/doi/pdfdirect/10.1002/bte2.20230051')
10.1002/cctc.202401016,unpaywall_oa_0103.pdf,downloaded,hybrid,publisher,https://www.repository.cam.ac.uk/bitstreams/66895bf8-6630-4b05-9ad6-4aee7f00d4b5/download,https://api.repository.cam.ac.uk/server/api/core/bitstreams/66895bf8-6630-4b05-9ad6-4aee7f00d4b5/content,6929966,200.0,alt_location:repository:url_for_pdf
10.1002/cey2.422,,failed,gold,publisher,https://onlinelibrary.wiley.com/doi/pdfdirect/10.1002/cey2.422,,0,,HTTPError('403 Client Error: Forbidden for url: https://onlinelibrary.wiley.com/doi/pdfdirect/10.1002/cey2.422')
10.1002/chem.202103798,,failed,hybrid,publisher,https://onlinelibrary.wiley.com/doi/pdfdirect/10.1002/chem.202103798,,0,,HTTPError('403 Client Error: Forbidden for url: https://onlinelibrary.wiley.com/doi/pdfdirect/10.1002/chem.202103798')
10.1002/chem.202401275,,failed,hybrid,publisher,https://onlinelibrary.wiley.com/doi/pdfdirect/10.1002/chem.202401275,,0,,HTTPError('403 Client Error: Forbidden for url: https://onlinelibrary.wiley.com/doi/pdfdirect/10.1002/chem.202401275')
10.1002/chem.202501332,,failed,hybrid,publisher,https://doi.org/10.1002/chem.202501332,,0,,HTTPError('403 Client Error: Forbidden for url: https://chemistry-europe.onlinelibrary.wiley.com/doi/10.1002/chem.202501332')
10.1002/cjce.25683,,failed,hybrid,publisher,https://onlinelibrary.wiley.com/doi/pdfdirect/10.1002/cjce.25683,,0,,HTTPError('403 Client Error: Forbidden for url: https://onlinelibrary.wiley.com/doi/pdfdirect/10.1002/cjce.25683')
10.1002/cssc.202200324,,failed,hybrid,publisher,https://onlinelibrary.wiley.com/doi/pdfdirect/10.1002/cssc.202200324,,0,,HTTPError('403 Client Error: Forbidden for url: https://onlinelibrary.wiley.com/doi/pdfdirect/10.1002/cssc.202200324')
10.1002/cssc.202300115,unpaywall_oa_0110.pdf,downloaded,bronze,publisher,https://dspace.vut.cz/bitstreams/15fa05b1-d3e7-4d49-bc79-f9ea0fe1ea00/download,https://dspace.vut.cz/server/api/core/bitstreams/15fa05b1-d3e7-4d49-bc79-f9ea0fe1ea00/content,819178,200.0,alt_location:repository:url_for_pdf
10.1002/cssc.202400272,unpaywall_oa_0111.pdf,downloaded,hybrid,publisher,https://hal.science/hal-05095786,https://hal.science/hal-05095786/document,11931861,200.0,alt_location:repository:url
10.1002/eem2.12741,,failed,hybrid,publisher,https://onlinelibrary.wiley.com/doi/pdfdirect/10.1002/eem2.12741,,0,,HTTPError('403 Client Error: Forbidden for url: https://onlinelibrary.wiley.com/doi/pdfdirect/10.1002/eem2.12741')
10.1002/eem2.12742,,failed,hybrid,publisher,https://onlinelibrary.wiley.com/doi/pdfdirect/10.1002/eem2.12742,,0,,HTTPError('403 Client Error: Forbidden for url: https://onlinelibrary.wiley.com/doi/pdfdirect/10.1002/eem2.12742')
10.1002/eem2.12864,unpaywall_oa_0114.pdf,downloaded,hybrid,publisher,http://hdl.handle.net/11012/251026,https://dspace.vut.cz/server/api/core/bitstreams/fe3eb4bf-d603-4ed9-9fde-b7d63b9b7e29/content,4098414,200.0,alt_location:repository:url
10.1002/ejic.202200161,,failed,green,repository,http://urn.kb.se/resolve?urn=urn:nbn:se:liu:diva-187716,,0,,"ConnectTimeout(MaxRetryError(""HTTPSConnectionPool(host='liu.diva-portal.org', port=443): Max retries exceeded with url: /smash/record.jsf?pid=diva2:1691196 (Caused by ConnectTimeoutError(<urllib3.connection.HTTPSConnection object at 0x7a7d7b7ccb90>, 'Connection to liu.diva-portal.org timed out. (connect timeout=45)'))""))"
10.1002/ente.202300289,,failed,hybrid,publisher,https://onlinelibrary.wiley.com/doi/pdfdirect/10.1002/ente.202300289,,0,,HTTPError('403 Client Error: Forbidden for url: https://onlinelibrary.wiley.com/doi/pdfdirect/10.1002/ente.202300289')
10.1002/ente.202400956,,failed,hybrid,publisher,https://onlinelibrary.wiley.com/doi/pdfdirect/10.1002/ente.202400956,,0,,HTTPError('403 Client Error: Forbidden for url: https://onlinelibrary.wiley.com/doi/pdfdirect/10.1002/ente.202400956')
10.1002/er.7941,,failed,hybrid,publisher,https://doi.org/10.1002/er.7941,,0,,HTTPError('403 Client Error: Forbidden for url: https://onlinelibrary.wiley.com/doi/10.1002/er.7941')
10.1002/est2.70160,,failed,bronze,publisher,https://onlinelibrary.wiley.com/doi/pdfdirect/10.1002/est2.70160,,0,,HTTPError('403 Client Error: Forbidden for url: https://onlinelibrary.wiley.com/doi/pdfdirect/10.1002/est2.70160')
10.1002/hlca.202500079,,failed,hybrid,publisher,https://onlinelibrary.wiley.com/doi/pdfdirect/10.1002/hlca.202500079,,0,,HTTPError('403 Client Error: Forbidden for url: https://onlinelibrary.wiley.com/doi/pdfdirect/10.1002/hlca.202500079')
10.1002/idm2.12143,,failed,gold,publisher,https://onlinelibrary.wiley.com/doi/pdfdirect/10.1002/idm2.12143,,0,,HTTPError('403 Client Error: Forbidden for url: https://onlinelibrary.wiley.com/doi/pdfdirect/10.1002/idm2.12143')
10.1002/pip.3553,unpaywall_oa_0122.pdf,downloaded,hybrid,publisher,https://www.osti.gov/servlets/purl/1866387,https://docs.nlr.gov/docs/fy23osti/80941.pdf,3203906,200.0,alt_location:repository:url_for_pdf
10.1002/ppap.70088,unpaywall_oa_0123.pdf,downloaded,hybrid,publisher,https://hal.science/hal-05321964/document,https://hal.science/hal-05321964/document,2199798,200.0,alt_location:repository:url_for_pdf
10.1002/pssa.202200138,,failed,hybrid,publisher,https://onlinelibrary.wiley.com/doi/pdfdirect/10.1002/pssa.202200138,,0,,HTTPError('403 Client Error: Forbidden for url: https://onlinelibrary.wiley.com/doi/pdfdirect/10.1002/pssa.202200138')
10.1002/pssa.202200776,,failed,bronze,publisher,https://onlinelibrary.wiley.com/doi/pdfdirect/10.1002/pssa.202200776,,0,,HTTPError('403 Client Error: Forbidden for url: https://onlinelibrary.wiley.com/doi/pdfdirect/10.1002/pssa.202200776')
10.1002/pssa.202300392,,failed,bronze,publisher,https://onlinelibrary.wiley.com/doi/pdfdirect/10.1002/pssa.202300392,,0,,HTTPError('403 Client Error: Forbidden for url: https://onlinelibrary.wiley.com/doi/pdfdirect/10.1002/pssa.202300392')
10.1002/pssa.202400281,,failed,hybrid,publisher,https://onlinelibrary.wiley.com/doi/pdfdirect/10.1002/pssa.202400281,,0,,HTTPError('403 Client Error: Forbidden for url: https://onlinelibrary.wiley.com/doi/pdfdirect/10.1002/pssa.202400281')
10.1002/pssa.202400387,,failed,bronze,publisher,https://onlinelibrary.wiley.com/doi/pdfdirect/10.1002/pssa.202400387,,0,,HTTPError('403 Client Error: Forbidden for url: https://onlinelibrary.wiley.com/doi/pdfdirect/10.1002/pssa.202400387')
10.1002/pssb.202300323,,failed,bronze,publisher,https://onlinelibrary.wiley.com/doi/pdfdirect/10.1002/pssb.202300323,,0,,HTTPError('403 Client Error: Forbidden for url: https://onlinelibrary.wiley.com/doi/pdfdirect/10.1002/pssb.202300323')
10.1002/pssr.202400202,,failed,hybrid,publisher,https://onlinelibrary.wiley.com/doi/pdfdirect/10.1002/pssr.202400202,,0,,HTTPError('403 Client Error: Forbidden for url: https://onlinelibrary.wiley.com/doi/pdfdirect/10.1002/pssr.202400202')
10.1002/smll.202105513,unpaywall_oa_0131.pdf,downloaded,green,repository,https://www.osti.gov/servlets/purl/1840537,https://www.osti.gov/servlets/purl/1840537,1166803,200.0,
10.1002/smll.202203045,,failed,green,repository,https://hdl.handle.net/2027.42/174843,,0,,HTTPError('403 Client Error: Forbidden for url: https://deepblue.lib.umich.edu/items/bc69ccf9-300b-45e2-a18a-71e73f2a34e8')
10.1002/smll.202203653,,failed,hybrid,publisher,https://doi.org/10.1002/smll.202203653,,0,,HTTPError('403 Client Error: Forbidden for url: https://onlinelibrary.wiley.com/doi/10.1002/smll.202203653')
10.1002/smll.202300974,unpaywall_oa_0134.pdf,downloaded,hybrid,publisher,https://dspace.vut.cz/bitstreams/6a504911-b939-47a9-8793-6b0cdfa32a41/download,https://dspace.vut.cz/server/api/core/bitstreams/6a504911-b939-47a9-8793-6b0cdfa32a41/content,3267635,200.0,alt_location:repository:url_for_pdf
10.1002/smll.202301774,,failed,hybrid,publisher,https://onlinelibrary.wiley.com/doi/pdfdirect/10.1002/smll.202301774,,0,,HTTPError('403 Client Error: Forbidden for url: https://onlinelibrary.wiley.com/doi/pdfdirect/10.1002/smll.202301774')
10.1002/smll.202403453,,failed,green,repository,https://publica.fraunhofer.de/handle/publica/499317,https://publica.fraunhofer.de/assets/images/dspace-cris-logo-hd.png,66515,200.0,downloaded response was not a PDF
10.1002/smll.202404966,,failed,hybrid,publisher,https://onlinelibrary.wiley.com/doi/pdfdirect/10.1002/smll.202404966,,0,,HTTPError('403 Client Error: Forbidden for url: https://onlinelibrary.wiley.com/doi/pdfdirect/10.1002/smll.202404966')
10.1002/smll.202502480,,failed,bronze,publisher,https://onlinelibrary.wiley.com/doi/pdfdirect/10.1002/smll.202502480,,0,,HTTPError('403 Client Error: Forbidden for url: https://onlinelibrary.wiley.com/doi/pdfdirect/10.1002/smll.202502480')
10.1002/smll.202504724,,failed,hybrid,publisher,https://onlinelibrary.wiley.com/doi/pdfdirect/10.1002/smll.202504724,,0,,HTTPError('403 Client Error: Forbidden for url: https://onlinelibrary.wiley.com/doi/pdfdirect/10.1002/smll.202504724')
10.1002/smll.202506835,,failed,hybrid,publisher,https://onlinelibrary.wiley.com/doi/pdfdirect/10.1002/smll.202506835,,0,,HTTPError('403 Client Error: Forbidden for url: https://onlinelibrary.wiley.com/doi/pdfdirect/10.1002/smll.202506835')
10.1002/smsc.202200073,unpaywall_oa_0141.pdf,downloaded,gold,publisher,https://publikationen.bibliothek.kit.edu/1000161479/151179974,https://publikationen.bibliothek.kit.edu/1000161479/151179974,8958635,200.0,alt_location:repository:url_for_pdf
10.1002/smsc.202500196,,failed,gold,publisher,https://onlinelibrary.wiley.com/doi/pdfdirect/10.1002/smsc.202500196,,0,,HTTPError('403 Client Error: Forbidden for url: https://onlinelibrary.wiley.com/doi/pdfdirect/10.1002/smsc.202500196')
10.1002/smtd.202101296,unpaywall_oa_0143.pdf,downloaded,hybrid,publisher,https://opus.bibliothek.uni-wuerzburg.de/frontdoor/index/index/docId/26252,https://opus.bibliothek.uni-wuerzburg.de/opus4-wuerzburg/frontdoor/deliver/index/docId/26252/file/SMTD_SMTD202101296.pdf,4036656,200.0,alt_location:repository:url
10.1002/smtd.202101546,unpaywall_oa_0144.pdf,downloaded,hybrid,publisher,https://nbn-resolving.org/urn:nbn:de:bvb:29-opus4-196319,https://open.fau.de/server/api/core/bitstreams/4d84609d-16f1-4936-8ec4-f45da2a3692a/content,2207917,200.0,alt_location:repository:url
10.1002/smtd.202402166,,failed,bronze,publisher,https://onlinelibrary.wiley.com/doi/pdfdirect/10.1002/smtd.202402166,,0,,HTTPError('403 Client Error: Forbidden for url: https://onlinelibrary.wiley.com/doi/pdfdirect/10.1002/smtd.202402166')
10.1002/smtd.202501720,unpaywall_oa_0146.pdf,downloaded,hybrid,publisher,https://digital.csic.es/bitstream/10261/421561/1/Long%e2%80%90Term_Katirtsidis_SM_2025.pdf,https://digital.csic.es/bitstream/10261/421561/1/Long%E2%80%90Term_Katirtsidis_SM_2025.pdf,2436674,200.0,alt_location:repository:url_for_pdf
10.1002/solr.202100724,,failed,bronze,publisher,https://onlinelibrary.wiley.com/doi/pdfdirect/10.1002/solr.202100724,,0,,HTTPError('403 Client Error: Forbidden for url: https://onlinelibrary.wiley.com/doi/pdfdirect/10.1002/solr.202100724')
10.1002/solr.202400765,,failed,bronze,publisher,https://onlinelibrary.wiley.com/doi/pdfdirect/10.1002/solr.202400765,,0,,HTTPError('403 Client Error: Forbidden for url: https://onlinelibrary.wiley.com/doi/pdfdirect/10.1002/solr.202400765')
10.1002/solr.202500570,unpaywall_oa_0149.pdf,downloaded,hybrid,publisher,https://open.fau.de/bitstreams/aac57c2d-0d96-4abc-976b-2947b7dade51/download,https://open.fau.de/server/api/core/bitstreams/aac57c2d-0d96-4abc-976b-2947b7dade51/content,4227532,200.0,alt_location:repository:url_for_pdf
10.1002/sstr.202300512,unpaywall_oa_0150.pdf,downloaded,gold,publisher,https://dspace.vut.cz/bitstreams/c4933e1f-1203-447d-bf20-8db6dc504536/download,https://dspace.vut.cz/server/api/core/bitstreams/c4933e1f-1203-447d-bf20-8db6dc504536/content,5122852,200.0,alt_location:repository:url_for_pdf
10.1002/vipr.202400816,,failed,hybrid,publisher,https://onlinelibrary.wiley.com/doi/pdfdirect/10.1002/vipr.202400816,,0,,HTTPError('403 Client Error: Forbidden for url: https://onlinelibrary.wiley.com/doi/pdfdirect/10.1002/vipr.202400816')
10.1007/s00170-023-11478-y,unpaywall_oa_0152.pdf,downloaded,hybrid,publisher,https://link.springer.com/content/pdf/10.1007/s00170-023-11478-y.pdf,https://link.springer.com/content/pdf/10.1007/s00170-023-11478-y.pdf,2278354,200.0,
10.1007/s10008-025-06399-7,unpaywall_oa_0153.pdf,downloaded,hybrid,publisher,https://link.springer.com/content/pdf/10.1007/s10008-025-06399-7.pdf,https://link.springer.com/content/pdf/10.1007/s10008-025-06399-7.pdf,1907847,200.0,
10.1007/s10544-025-00754-1,unpaywall_oa_0154.pdf,downloaded,hybrid,publisher,https://link.springer.com/content/pdf/10.1007/s10544-025-00754-1.pdf,https://link.springer.com/content/pdf/10.1007/s10544-025-00754-1.pdf,1801209,200.0,
10.1007/s10853-025-11168-y,unpaywall_oa_0155.pdf,downloaded,hybrid,publisher,https://link.springer.com/content/pdf/10.1007/s10853-025-11168-y.pdf,https://link.springer.com/content/pdf/10.1007/s10853-025-11168-y.pdf,6744180,200.0,
10.1007/s10854-024-12687-1,unpaywall_oa_0156.pdf,downloaded,hybrid,publisher,https://link.springer.com/content/pdf/10.1007/s10854-024-12687-1.pdf,https://link.springer.com/content/pdf/10.1007/s10854-024-12687-1.pdf,7919400,200.0,
10.1007/s10854-024-12843-7,unpaywall_oa_0157.pdf,downloaded,hybrid,publisher,https://link.springer.com/content/pdf/10.1007/s10854-024-12843-7.pdf,https://link.springer.com/content/pdf/10.1007/s10854-024-12843-7.pdf,3648905,200.0,
10.1007/s10973-021-10616-6,unpaywall_oa_0158.pdf,downloaded,hybrid,publisher,https://link.springer.com/content/pdf/10.1007/s10973-021-10616-6.pdf,https://link.springer.com/content/pdf/10.1007/s10973-021-10616-6.pdf,1427283,200.0,
10.1007/s12541-025-01337-z,unpaywall_oa_0159.pdf,downloaded,hybrid,publisher,https://link.springer.com/content/pdf/10.1007/s12541-025-01337-z.pdf,https://link.springer.com/content/pdf/10.1007/s12541-025-01337-z.pdf,3060585,200.0,
10.1007/s13391-025-00563-x,unpaywall_oa_0160.pdf,downloaded,hybrid,publisher,https://link.springer.com/content/pdf/10.1007/s13391-025-00563-x.pdf,https://link.springer.com/content/pdf/10.1007/s13391-025-00563-x.pdf,1691160,200.0,
10.1007/s41871-022-00136-8,unpaywall_oa_0161.pdf,downloaded,hybrid,publisher,https://link.springer.com/content/pdf/10.1007/s41871-022-00136-8.pdf,https://link.springer.com/content/pdf/10.1007/s41871-022-00136-8.pdf,2585177,200.0,
10.1007/s41871-024-00238-5,unpaywall_oa_0162.pdf,downloaded,hybrid,publisher,https://link.springer.com/content/pdf/10.1007/s41871-024-00238-5.pdf,https://link.springer.com/content/pdf/10.1007/s41871-024-00238-5.pdf,1626536,200.0,
10.1007/s41918-022-00169-z,unpaywall_oa_0163.pdf,downloaded,hybrid,publisher,https://link.springer.com/content/pdf/10.1007/s41918-022-00169-z.pdf,https://link.springer.com/content/pdf/10.1007/s41918-022-00169-z.pdf,6852204,200.0,
10.1007/s42114-023-00756-8,unpaywall_oa_0164.pdf,downloaded,hybrid,publisher,https://link.springer.com/content/pdf/10.1007/s42114-023-00756-8.pdf,https://link.springer.com/content/pdf/10.1007/s42114-023-00756-8.pdf,2245355,200.0,
10.1007/s43452-023-00776-7,unpaywall_oa_0165.pdf,downloaded,hybrid,publisher,https://link.springer.com/content/pdf/10.1007/s43452-023-00776-7.pdf,https://link.springer.com/content/pdf/10.1007/s43452-023-00776-7.pdf,3390109,200.0,
10.1016/B978-0-323-95105-0.00010-3,,failed,green,repository,http://doi.org/10.1016/B978-0-323-95105-0.00010-3,https://linkinghub.elsevier.com/retrieve/pii/B9780323951050000103,0,200.0,no PDF link found on OA page
10.1016/j.arabjc.2022.103951,,failed,gold,publisher,https://doi.org/10.1016/j.arabjc.2022.103951,,0,,"ConnectionError(ProtocolError('Connection aborted.', RemoteDisconnected('Remote end closed connection without response')))"
10.1016/j.jksus.2022.102123,unpaywall_oa_0168.pdf,downloaded,gold,publisher,https://doi.org/10.1016/j.jksus.2022.102123,https://jksus.org/content/185/2022/34/5/pdf/10.1016_j.jksus.2022.102123.pdf,2181199,200.0,
10.1021/ACS.CHEMMATER.2C02947,unpaywall_oa_0170.pdf,downloaded,hybrid,publisher,https://www.osti.gov/biblio/1913824,https://www.osti.gov/servlets/purl/1913824,5424420,200.0,alt_location:repository:url
10.1021/acs.cgd.2c00137,unpaywall_oa_0170.pdf,downloaded,green,repository,https://www.osti.gov/servlets/purl/1909337,https://www.osti.gov/servlets/purl/1909337,1926638,200.0,
10.1021/acs.cgd.3c00775,,failed,hybrid,publisher,https://doi.org/10.1021/acs.cgd.3c00775,,0,,HTTPError('403 Client Error: Forbidden for url: https://pubs.acs.org/doi/10.1021/acs.cgd.3c00775')
10.1021/acs.cgd.4c00987,,failed,hybrid,publisher,http://dx.doi.org/10.1021/acs.cgd.4c00987,,0,,HTTPError('403 Client Error: Forbidden for url: https://pubs.acs.org/doi/10.1021/acs.cgd.4c00987')
10.1021/acs.chemmater.1c03093,unpaywall_oa_0173.pdf,downloaded,green,repository,https://www.osti.gov/biblio/1888291,https://www.osti.gov/servlets/purl/1888291,1559929,200.0,
10.1021/acs.chemmater.1c03164,,failed,green,repository,https://www.dora.lib4ri.ch/empa/islandora/object/empa%3A28175,https://www.dora.lib4ri.ch/empa/item/empa:28175,0,200.0,no PDF link found on OA page
10.1021/acs.chemmater.2c00907,unpaywall_oa_0176.pdf,downloaded,hybrid,publisher,http://hdl.handle.net/10468/13713,https://cora.ucc.ie/server/api/core/bitstreams/e24c66c3-cb28-47ea-a015-de232ed41dfc/content,4712565,200.0,alt_location:repository:url
10.1021/acs.chemmater.2c01033,,failed,hybrid,publisher,https://doi.org/10.1021/acs.chemmater.2c01033,,0,,HTTPError('403 Client Error: Forbidden for url: https://pubs.acs.org/doi/10.1021/acs.chemmater.2c01033')
10.1021/acs.chemmater.2c01102,unpaywall_oa_0178.pdf,downloaded,green,repository,https://doi.org/10.5445/ir/1000153028,https://publikationen.bibliothek.kit.edu/1000153028/149706258,6121131,200.0,alt_location:repository:url
10.1021/acs.chemmater.2c01202,,failed,hybrid,publisher,https://doi.org/10.1021/acs.chemmater.2c01202,,0,,HTTPError('403 Client Error: Forbidden for url: https://pubs.acs.org/doi/10.1021/acs.chemmater.2c01202')
10.1021/acs.chemmater.2c01304,unpaywall_oa_0179.pdf,downloaded,green,repository,https://biblio.ugent.be/publication/8772561/file/8772563.pdf,https://backoffice.biblio.ugent.be/download/8772561/8772563,1612300,200.0,
10.1021/acs.chemmater.2c01550,,failed,green,repository,https://hdl.handle.net/10195/81023,,0,,"ConnectionError(MaxRetryError(""HTTPSConnectionPool(host='dk.upce.cz', port=443): Max retries exceeded with url: /handle/10195/81023 (Caused by NewConnectionError('<urllib3.connection.HTTPSConnection object at 0x7a7d9033deb0>: Failed to establish a new connection: [Errno 101] Network is unreachable'))""))"
10.1021/acs.chemmater.2c02084,,failed,hybrid,publisher,https://doi.org/10.1021/acs.chemmater.2c02084,,0,,HTTPError('403 Client Error: Forbidden for url: https://pubs.acs.org/doi/10.1021/acs.chemmater.2c02084')
10.1021/acs.chemmater.2c02292,unpaywall_oa_0182.pdf,downloaded,green,repository,https://biblio.ugent.be/publication/8769563/file/8769568.pdf,https://backoffice.biblio.ugent.be/download/8769563/8769568,1963494,200.0,
10.1021/acs.chemmater.2c02549,,failed,hybrid,publisher,https://pubs.acs.org/doi/pdf/10.1021/acs.chemmater.2c02549,,0,,HTTPError('403 Client Error: Forbidden for url: https://pubs.acs.org/doi/pdf/10.1021/acs.chemmater.2c02549')
10.1021/acs.chemmater.2c03789,,failed,hybrid,publisher,https://doi.org/10.1021/acs.chemmater.2c03789,,0,,HTTPError('403 Client Error: Forbidden for url: https://pubs.acs.org/doi/10.1021/acs.chemmater.2c03789')
10.1021/acs.chemmater.3c00668,unpaywall_oa_0186.pdf,downloaded,hybrid,publisher,https://jyx.jyu.fi/bitstreams/aae02600-775c-42a5-9546-c803af349143/download,https://jyx.jyu.fi/bitstreams/aae02600-775c-42a5-9546-c803af349143/download,5895070,200.0,alt_location:repository:url_for_pdf
10.1021/acs.chemmater.3c00923,,failed,hybrid,publisher,https://doi.org/10.1021/acs.chemmater.3c00923,,0,,HTTPError('403 Client Error: Forbidden for url: https://pubs.acs.org/doi/10.1021/acs.chemmater.3c00923')
10.1021/acs.chemmater.3c02059,,failed,hybrid,publisher,https://doi.org/10.1021/acs.chemmater.3c02059,,0,,HTTPError('403 Client Error: Forbidden for url: https://pubs.acs.org/doi/10.1021/acs.chemmater.3c02059')
10.1021/acs.chemmater.3c02519,,failed,hybrid,publisher,https://doi.org/10.1021/acs.chemmater.3c02519,,0,,HTTPError('403 Client Error: Forbidden for url: https://pubs.acs.org/doi/10.1021/acs.chemmater.3c02519')
10.1021/acs.chemmater.3c03090,unpaywall_oa_0189.pdf,downloaded,green,repository,https://www.osti.gov/biblio/2447931,https://www.osti.gov/servlets/purl/2447931,2947238,200.0,
10.1021/acs.chemmater.3c03173,,failed,hybrid,publisher,https://pubs.acs.org/doi/pdf/10.1021/acs.chemmater.3c03173,,0,,HTTPError('403 Client Error: Forbidden for url: https://pubs.acs.org/doi/pdf/10.1021/acs.chemmater.3c03173')
10.1021/acs.chemmater.3c03326,,failed,hybrid,publisher,https://pubs.acs.org/doi/pdf/10.1021/acs.chemmater.3c03326,,0,,HTTPError('403 Client Error: Forbidden for url: https://pubs.acs.org/doi/pdf/10.1021/acs.chemmater.3c03326')
10.1021/acs.chemmater.4c01269,,failed,hybrid,publisher,https://pubs.acs.org/doi/pdf/10.1021/acs.chemmater.4c01269,,0,,HTTPError('403 Client Error: Forbidden for url: https://pubs.acs.org/doi/pdf/10.1021/acs.chemmater.4c01269')
10.1021/acs.chemmater.4c01329,unpaywall_oa_0193.pdf,downloaded,green,repository,https://www.osti.gov/biblio/2567000,https://www.osti.gov/servlets/purl/2567000,6387893,200.0,
10.1021/acs.chemmater.4c02557,,failed,hybrid,publisher,https://doi.org/10.1021/acs.chemmater.4c02557,,0,,HTTPError('403 Client Error: Forbidden for url: https://pubs.acs.org/doi/10.1021/acs.chemmater.4c02557')
10.1021/acs.chemmater.4c02744,,failed,hybrid,publisher,https://doi.org/10.1021/acs.chemmater.4c02744,,0,,HTTPError('403 Client Error: Forbidden for url: https://pubs.acs.org/doi/10.1021/acs.chemmater.4c02744')
10.1021/acs.chemmater.4c02747,unpaywall_oa_0196.pdf,downloaded,green,repository,https://biblio.ugent.be/publication/01JHMFTDX8V5BTM4PPGAYJA05X/file/01JJP61VEK35AZEFB83S7SVDHH.pdf,https://backoffice.biblio.ugent.be/download/01JHMFTDX8V5BTM4PPGAYJA05X/01JJP61VEK35AZEFB83S7SVDHH,1126460,200.0,
10.1021/acs.chemmater.4c03316,unpaywall_oa_0198.pdf,downloaded,hybrid,publisher,https://pure.tue.nl/ws/files/368704736/bolkenbaas-et-al-2025-area-selective-atomic-layer-deposition-through-selective-passivation-of-sio2-with-a-sf6-h2-plasma_1_.pdf,https://pure.tue.nl/ws/files/368704736/bolkenbaas-et-al-2025-area-selective-atomic-layer-deposition-through-selective-passivation-of-sio2-with-a-sf6-h2-plasma_1_.pdf,4269768,200.0,alt_location:repository:url_for_pdf
10.1021/acs.chemmater.4c03385,unpaywall_oa_0198.pdf,downloaded,green,repository,https://biblio.ugent.be/publication/01JV6XSPRYDYBESP2NBFYST93S/file/01JV70GARS77J7STKVVYY9KK1H.pdf,https://backoffice.biblio.ugent.be/download/01JV6XSPRYDYBESP2NBFYST93S/01JV70GARS77J7STKVVYY9KK1H,1283482,200.0,
10.1021/acs.chemmater.4c03477,,failed,hybrid,publisher,https://doi.org/10.1021/acs.chemmater.4c03477,,0,,HTTPError('403 Client Error: Forbidden for url: https://pubs.acs.org/doi/10.1021/acs.chemmater.4c03477')
10.1021/acs.chemmater.5c01456,,failed,hybrid,publisher,https://pubs.acs.org/doi/pdf/10.1021/acs.chemmater.5c01456?ref=article_openPDF,,0,,HTTPError('403 Client Error: Forbidden for url: https://pubs.acs.org/doi/pdf/10.1021/acs.chemmater.5c01456?ref=article_openPDF')
10.1021/acs.chemmater.5c01484,,failed,hybrid,publisher,https://pubs.acs.org/doi/pdf/10.1021/acs.chemmater.5c01484?ref=article_openPDF,,0,,HTTPError('403 Client Error: Forbidden for url: https://pubs.acs.org/doi/pdf/10.1021/acs.chemmater.5c01484?ref=article_openPDF')
10.1021/acs.chemmater.5c01485,,failed,hybrid,publisher,https://doi.org/10.1021/acs.chemmater.5c01485,,0,,HTTPError('403 Client Error: Forbidden for url: https://pubs.acs.org/doi/10.1021/acs.chemmater.5c01485')
10.1021/acs.chemmater.5c01521,,failed,hybrid,publisher,https://doi.org/10.1021/acs.chemmater.5c01521,,0,,HTTPError('403 Client Error: Forbidden for url: https://pubs.acs.org/doi/10.1021/acs.chemmater.5c01521')
10.1021/acs.chemmater.5c01585,,failed,hybrid,publisher,https://doi.org/10.1021/acs.chemmater.5c01585,,0,,HTTPError('403 Client Error: Forbidden for url: https://pubs.acs.org/doi/10.1021/acs.chemmater.5c01585')
10.1021/acs.chemmater.5c01832,,failed,hybrid,publisher,https://doi.org/10.1021/acs.chemmater.5c01832,,0,,HTTPError('403 Client Error: Forbidden for url: https://pubs.acs.org/doi/10.1021/acs.chemmater.5c01832')
10.1021/acs.energyfuels.2c03299,,failed,green,repository,http://hdl.handle.net/1854/LU-01GSRVFTG83M40GXMME0X0F429,https://backoffice.biblio.ugent.be/download/01GSRVFTG83M40GXMME0X0F429/01GSRVJ5GSEDF1RRBWRJ23P8H5,5052462,200.0,downloaded response was not a PDF
10.1021/acs.energyfuels.5c01159,,failed,hybrid,publisher,https://doi.org/10.1021/acs.energyfuels.5c01159,,0,,HTTPError('403 Client Error: Forbidden for url: https://pubs.acs.org/doi/10.1021/acs.energyfuels.5c01159')
10.1021/acs.jpcc.1c10816,unpaywall_oa_0209.pdf,downloaded,hybrid,publisher,https://publications.tno.nl/publication/34639448/tHNBU1/merkx-2022-relation.pdf,https://publications.tno.nl/publication/34639448/tHNBU1/merkx-2022-relation.pdf,3198593,200.0,alt_location:repository:url_for_pdf
10.1021/acs.jpcc.1c10919,,failed,hybrid,publisher,https://doi.org/10.1021/acs.jpcc.1c10919,,0,,HTTPError('403 Client Error: Forbidden for url: https://pubs.acs.org/doi/10.1021/acs.jpcc.1c10919')
10.1021/acs.jpcc.2c02683,unpaywall_oa_0211.pdf,downloaded,hybrid,publisher,https://hal.science/hal-03884304,https://hal.science/hal-03884304/document,3184074,200.0,alt_location:repository:url
10.1021/acs.jpcc.2c04266,unpaywall_oa_0211.pdf,downloaded,green,repository,https://www.osti.gov/servlets/purl/1903633,https://www.osti.gov/servlets/purl/1903633,5162751,200.0,
10.1021/acs.jpcc.2c04777,,failed,hybrid,publisher,https://doi.org/10.1021/acs.jpcc.2c04777,,0,,HTTPError('403 Client Error: Forbidden for url: https://pubs.acs.org/doi/10.1021/acs.jpcc.2c04777')
10.1021/acs.jpcc.2c04905,,failed,hybrid,publisher,https://pubs.acs.org/doi/pdf/10.1021/acs.jpcc.2c04905,,0,,HTTPError('403 Client Error: Forbidden for url: https://pubs.acs.org/doi/pdf/10.1021/acs.jpcc.2c04905')
10.1021/acs.jpcc.3c00965,,failed,green,repository,https://lirias.kuleuven.be/handle/20.500.12942/733301,"https://kuleuven.limo.libis.be/discovery/search?query=any,contains,LIRIAS4092063&tab=LIRIAS&search_scope=lirias_profile&vid=32KUL_KUL:Lirias&offset=0",0,200.0,no PDF link found on OA page
10.1021/acs.jpcc.3c02262,unpaywall_oa_0216.pdf,downloaded,hybrid,publisher,https://ut3-toulouseinp.hal.science/hal-04316499v1/file/vale.pdf,https://ut3-toulouseinp.hal.science/hal-04316499v1/file/vale.pdf,5502892,200.0,alt_location:repository:url_for_pdf
10.1021/acs.jpcc.3c02933,,failed,hybrid,publisher,https://pubs.acs.org/doi/pdf/10.1021/acs.jpcc.3c02933,,0,,HTTPError('403 Client Error: Forbidden for url: https://pubs.acs.org/doi/pdf/10.1021/acs.jpcc.3c02933')
10.1021/acs.jpcc.3c03063,unpaywall_oa_0218.pdf,downloaded,hybrid,publisher,https://ris.utwente.nl/ws/files/356708551/van-der-wel-et-al-2023-area-selective-low-pressure-thermal-atomic-layer-deposition-of-aluminum-nitride.pdf,https://ris.utwente.nl/ws/files/356708551/van-der-wel-et-al-2023-area-selective-low-pressure-thermal-atomic-layer-deposition-of-aluminum-nitride.pdf,9587442,200.0,alt_location:repository:url_for_pdf
10.1021/acs.jpcc.3c07568,unpaywall_oa_0218.pdf,downloaded,green,repository,https://biblio.ugent.be/publication/01J15B7JSND4NW6DCS17AR8ZQ4/file/01JVKR00GQ1BN7DH1H9SP8P62S.pdf,https://backoffice.biblio.ugent.be/download/01J15B7JSND4NW6DCS17AR8ZQ4/01JVKR00GQ1BN7DH1H9SP8P62S,2320981,200.0,
10.1021/acs.jpcc.4c03793,unpaywall_oa_0219.pdf,downloaded,green,repository,https://biblio.ugent.be/publication/01JFSVWKZG40QBHV7C3Z6CYQCQ/file/01JVKQVJ0CBW08TS6BT2SGENAH.pdf,https://backoffice.biblio.ugent.be/download/01JFSVWKZG40QBHV7C3Z6CYQCQ/01JVKQVJ0CBW08TS6BT2SGENAH,2164012,200.0,
10.1021/acs.jpcc.4c05987,unpaywall_oa_0221.pdf,downloaded,hybrid,publisher,https://pure.tue.nl/ws/files/345587580/pieters-et-al-2024-role-of-the-coreactant-on-the-dual-source-behavior-of-lithium-hexamethyldisilazide-for-ald-li.pdf,https://pure.tue.nl/ws/files/345587580/pieters-et-al-2024-role-of-the-coreactant-on-the-dual-source-behavior-of-lithium-hexamethyldisilazide-for-ald-li.pdf,3845441,200.0,alt_location:repository:url_for_pdf
10.1021/acs.jpcc.4c07091,unpaywall_oa_0222.pdf,downloaded,hybrid,publisher,https://www.utupub.fi/bitstream/10024/192063/1/bhuskute-et-al-2024-defect-mediated-crystallization-of-the-particulate-tio2-photocatalyst-grown-by-atomic-layer.pdf,https://www.utupub.fi/server/api/core/bitstreams/cc473347-9c74-4f6a-a5bd-04ff6f3115fe/content,2937931,200.0,alt_location::url_for_pdf
10.1021/acs.jpcc.4c08281,unpaywall_oa_0223.pdf,downloaded,hybrid,publisher,https://pure.tue.nl/ws/files/352785389/van-de-poll-et-al-2025-plasma-enhanced-spatial-atomic-layer-deposition-on-2d-and-3d-surface-topologies-the-case-of.pdf,https://pure.tue.nl/ws/files/352785389/van-de-poll-et-al-2025-plasma-enhanced-spatial-atomic-layer-deposition-on-2d-and-3d-surface-topologies-the-case-of.pdf,9701060,200.0,alt_location:repository:url_for_pdf
10.1021/acs.jpcc.5c02266,,failed,hybrid,publisher,https://doi.org/10.1021/acs.jpcc.5c02266,,0,,HTTPError('403 Client Error: Forbidden for url: https://pubs.acs.org/doi/10.1021/acs.jpcc.5c02266')
10.1021/acs.jpcc.5c03286,unpaywall_oa_0224.pdf,downloaded,green,repository,https://ris.utwente.nl/ws/files/513695093/highly-reactive-atomic-hydrogen-as-an-alternative-reactant-for-atomic-layer-deposition-of-platinum-using-mecpptme3.pdf,https://ris.utwente.nl/ws/files/513695093/highly-reactive-atomic-hydrogen-as-an-alternative-reactant-for-atomic-layer-deposition-of-platinum-using-mecpptme3.pdf,2700244,200.0,
10.1021/acs.jpcc.5c04406,unpaywall_oa_0226.pdf,downloaded,hybrid,publisher,https://hal.science/hal-05236399,https://hal.science/hal-05236399/document,9504825,200.0,alt_location:repository:url
10.1021/acs.jpcc.5c05000,,failed,hybrid,publisher,https://doi.org/10.1021/acs.jpcc.5c05000,,0,,HTTPError('403 Client Error: Forbidden for url: https://pubs.acs.org/doi/10.1021/acs.jpcc.5c05000')
10.1021/acs.jpcc.5c06502,unpaywall_oa_0228.pdf,downloaded,hybrid,publisher,https://pure.tue.nl/ws/files/373986982/spatial-atomic-layer-deposition-of-irox-using-_etcp_ir_chd_-and-atmospheric-o2-n2-plasma.pdf,https://pure.tue.nl/ws/files/373986982/spatial-atomic-layer-deposition-of-irox-using-_etcp_ir_chd_-and-atmospheric-o2-n2-plasma.pdf,7276900,200.0,alt_location:repository:url_for_pdf
10.1021/acs.jpclett.3c00834,,failed,hybrid,publisher,https://pubs.acs.org/doi/pdf/10.1021/acs.jpclett.3c00834,,0,,HTTPError('403 Client Error: Forbidden for url: https://pubs.acs.org/doi/pdf/10.1021/acs.jpclett.3c00834')
10.1021/acs.jpclett.4c01632,,failed,hybrid,publisher,https://doi.org/10.1021/acs.jpclett.4c01632,,0,,HTTPError('403 Client Error: Forbidden for url: https://pubs.acs.org/doi/10.1021/acs.jpclett.4c01632')
10.1021/acs.jpclett.4c03545,,failed,hybrid,publisher,https://pubs.acs.org/doi/pdf/10.1021/acs.jpclett.4c03545?ref=article_openPDF,,0,,HTTPError('403 Client Error: Forbidden for url: https://pubs.acs.org/doi/pdf/10.1021/acs.jpclett.4c03545?ref=article_openPDF')
10.1021/acs.langmuir.2c03214,unpaywall_oa_0232.pdf,downloaded,hybrid,publisher,https://pure.tue.nl/ws/files/293504995/acs.langmuir.2c03214.pdf,https://pure.tue.nl/ws/files/293504995/acs.langmuir.2c03214.pdf,6769153,200.0,alt_location:repository:url_for_pdf
10.1021/acs.langmuir.2c03465,,failed,hybrid,publisher,https://doi.org/10.1021/acs.langmuir.2c03465,,0,,HTTPError('403 Client Error: Forbidden for url: https://pubs.acs.org/doi/10.1021/acs.langmuir.2c03465')
10.1021/acs.nanolett.1c04175,,failed,green,repository,https://www.ncbi.nlm.nih.gov/pmc/articles/9101075,,0,,"ConnectionError(MaxRetryError('HTTPSConnectionPool(host=\'www.ncbi.nlm.nih.gov\', port=443): Max retries exceeded with url: /pmc/articles/9101075 (Caused by NameResolutionError(""<urllib3.connection.HTTPSConnection object at 0x7a7d7b0d0ec0>: Failed to resolve \'www.ncbi.nlm.nih.gov\' ([Errno -3] Temporary failure in name resolution)""))'))"
10.1021/acs.nanolett.4c05671,,failed,hybrid,publisher,https://doi.org/10.1021/acs.nanolett.4c05671,,0,,HTTPError('403 Client Error: Forbidden for url: https://pubs.acs.org/doi/10.1021/acs.nanolett.4c05671')
10.1021/acs.organomet.5c00242,,failed,hybrid,publisher,https://doi.org/10.1021/acs.organomet.5c00242,,0,,HTTPError('403 Client Error: Forbidden for url: https://pubs.acs.org/doi/10.1021/acs.organomet.5c00242')
10.1021/acsaelm.2c00063,,failed,green,repository,https://lirias.kuleuven.be/handle/20.500.12942/698970,"https://kuleuven.limo.libis.be/discovery/search?query=any,contains,LIRIAS3753351&tab=LIRIAS&search_scope=lirias_profile&vid=32KUL_KUL:Lirias&offset=0",0,200.0,no PDF link found on OA page
10.1021/acsaelm.3c00012,,failed,green,repository,https://hub.hku.hk/handle/10722/351693,,0,,HTTPError('403 Client Error: Forbidden for url: https://hub.hku.hk/handle/10722/351693')
10.1021/acsaelm.3c00117,unpaywall_oa_0239.pdf,downloaded,green,repository,https://www.osti.gov/servlets/purl/1973338,https://www.osti.gov/servlets/purl/1973338,1519738,200.0,alt_location:repository:url_for_pdf
10.1021/acsaelm.3c00245,,failed,hybrid,publisher,https://doi.org/10.1021/acsaelm.3c00245,,0,,HTTPError('403 Client Error: Forbidden for url: https://pubs.acs.org/doi/10.1021/acsaelm.3c00245')
10.1021/acsaelm.3c00733,unpaywall_oa_0240.pdf,downloaded,green,repository,https://www.osti.gov/servlets/purl/2267559,https://www.osti.gov/servlets/purl/2267559,2542718,200.0,
10.1021/acsaelm.3c01565,,failed,hybrid,publisher,https://pubs.acs.org/doi/pdf/10.1021/acsaelm.3c01565,,0,,HTTPError('403 Client Error: Forbidden for url: https://pubs.acs.org/doi/pdf/10.1021/acsaelm.3c01565')
10.1021/acsaelm.4c00309,unpaywall_oa_0242.pdf,downloaded,green,repository,https://lirias.kuleuven.be/retrieve/256071f7-8104-44a8-8af3-2fca2a1900b4,https://lirias.kuleuven.be/retrieve/256071f7-8104-44a8-8af3-2fca2a1900b4,1367016,200.0,
10.1021/acsaelm.4c00968,,failed,hybrid,publisher,https://doi.org/10.1021/acsaelm.4c00968,,0,,HTTPError('403 Client Error: Forbidden for url: https://pubs.acs.org/doi/10.1021/acsaelm.4c00968')
10.1021/acsaelm.4c02224,,failed,hybrid,publisher,https://pubs.acs.org/doi/pdf/10.1021/acsaelm.4c02224?ref=article_openPDF,,0,,HTTPError('403 Client Error: Forbidden for url: https://pubs.acs.org/doi/pdf/10.1021/acsaelm.4c02224?ref=article_openPDF')
10.1021/acsaelm.5c00752,,failed,hybrid,publisher,https://doi.org/10.1021/acsaelm.5c00752,,0,,HTTPError('403 Client Error: Forbidden for url: https://pubs.acs.org/doi/10.1021/acsaelm.5c00752')
10.1021/acsaem.1c02704,unpaywall_oa_0246.pdf,downloaded,green,repository,https://hal.science/hal-03832802,https://hal.science/hal-03832802/document,1412661,200.0,
10.1021/acsaem.2c01205,unpaywall_oa_0247.pdf,downloaded,green,repository,https://www.osti.gov/servlets/purl/1910153,https://www.osti.gov/servlets/purl/1910153,649277,200.0,
10.1021/acsaem.3c00960,,failed,hybrid,publisher,https://doi.org/10.1021/acsaem.3c00960,,0,,HTTPError('403 Client Error: Forbidden for url: https://pubs.acs.org/doi/10.1021/acsaem.3c00960')
10.1021/acsaem.3c02470,unpaywall_oa_0249.pdf,downloaded,green,repository,https://biblio.ugent.be/publication/01HGG8TPF89A058NV2QJRFG7P5/file/01HGG8ZXMW0Q9WQVKEKFBGVRDA.pdf,https://backoffice.biblio.ugent.be/download/01HGG8TPF89A058NV2QJRFG7P5/01HGG8ZXMW0Q9WQVKEKFBGVRDA,1693986,200.0,
10.1021/acsaem.3c03055,unpaywall_oa_0251.pdf,downloaded,hybrid,publisher,https://eprints.soton.ac.uk/487938/1/zeimpekis_et_al_2024_scalable_large_area_2d_mos2_silicon_nanowire_heterostructures_for_enhancing_energy_storage.pdf,https://eprints.soton.ac.uk/487938/1/zeimpekis_et_al_2024_scalable_large_area_2d_mos2_silicon_nanowire_heterostructures_for_enhancing_energy_storage.pdf,2681185,200.0,alt_location:repository:url_for_pdf
10.1021/acsaem.4c02599,,failed,hybrid,publisher,https://doi.org/10.1021/acsaem.4c02599,,0,,HTTPError('403 Client Error: Forbidden for url: https://pubs.acs.org/doi/10.1021/acsaem.4c02599')
10.1021/acsaem.5c00968,,failed,hybrid,publisher,https://doi.org/10.1021/acsaem.5c00968,,0,,HTTPError('403 Client Error: Forbidden for url: https://pubs.acs.org/doi/10.1021/acsaem.5c00968')
10.1021/acsami.1c15860,unpaywall_oa_0253.pdf,downloaded,green,repository,https://pure.tue.nl/ws/files/194383074/acsami.1c15860.pdf,https://pure.tue.nl/ws/files/194383074/acsami.1c15860.pdf,5202325,200.0,
10.1021/acsami.1c24807,unpaywall_oa_0254.pdf,downloaded,green,repository,https://www.osti.gov/servlets/purl/1870387,https://www.osti.gov/servlets/purl/1870387,2500121,200.0,
10.1021/acsami.3c02466,,failed,hybrid,publisher,https://pubs.acs.org/doi/pdf/10.1021/acsami.3c02466,,0,,HTTPError('403 Client Error: Forbidden for url: https://pubs.acs.org/doi/pdf/10.1021/acsami.3c02466')
10.1021/acsami.3c05647,unpaywall_oa_0257.pdf,downloaded,hybrid,publisher,https://pure.tue.nl/ws/files/305964192/acsami.3c05647.pdf,https://pure.tue.nl/ws/files/305964192/acsami.3c05647.pdf,3106722,200.0,alt_location:repository:url_for_pdf
10.1021/acsami.3c14419,unpaywall_oa_0257.pdf,downloaded,green,repository,https://hal.science/hal-04483343/document,https://hal.science/hal-04483343/document,1984166,200.0,
10.1021/acsami.3c16948,,failed,hybrid,publisher,https://pubs.acs.org/doi/pdf/10.1021/acsami.3c16948,,0,,HTTPError('403 Client Error: Forbidden for url: https://pubs.acs.org/doi/pdf/10.1021/acsami.3c16948')
10.1021/acsami.3c17074,unpaywall_oa_0260.pdf,downloaded,hybrid,publisher,http://hdl.handle.net/11012/249399,https://dspace.vut.cz/server/api/core/bitstreams/ed8d5783-bf25-413d-a5fc-7df3e983fde1/content,10510730,200.0,alt_location:repository:url
10.1021/acsami.3c19033,unpaywall_oa_0260.pdf,downloaded,green,repository,https://www.osti.gov/servlets/purl/2346145,https://www.osti.gov/servlets/purl/2346145,1849276,200.0,
10.1021/acsami.4c09630,unpaywall_oa_0262.pdf,downloaded,hybrid,publisher,https://pure.tue.nl/ws/files/343827897/bracesco-et-al-2024-in-situ-ir-spectroscopy-studies-of-atomic-layer-deposited-sno2-on-fullerenes-for-perovskite.pdf,https://pure.tue.nl/ws/files/343827897/bracesco-et-al-2024-in-situ-ir-spectroscopy-studies-of-atomic-layer-deposited-sno2-on-fullerenes-for-perovskite.pdf,2794366,200.0,alt_location:repository:url_for_pdf
10.1021/acsami.4c19426,,failed,gold,,www.osti.gov/servlets/purl/2549233,,0,,"MissingSchema(""Invalid URL 'www.osti.gov/servlets/purl/2549233': No scheme supplied. Perhaps you meant https://www.osti.gov/servlets/purl/2549233?"")"
10.1021/acsami.5c04879,,failed,hybrid,publisher,https://doi.org/10.1021/acsami.5c04879,,0,,HTTPError('403 Client Error: Forbidden for url: https://pubs.acs.org/doi/10.1021/acsami.5c04879')
10.1021/acsami.5c05717,,failed,hybrid,publisher,https://doi.org/10.1021/acsami.5c05717,,0,,HTTPError('403 Client Error: Forbidden for url: https://pubs.acs.org/doi/10.1021/acsami.5c05717')
10.1021/acsami.5c08880,,failed,hybrid,publisher,https://doi.org/10.1021/acsami.5c08880,,0,,HTTPError('403 Client Error: Forbidden for url: https://pubs.acs.org/doi/10.1021/acsami.5c08880')
10.1021/acsami.5c14025,,failed,hybrid,publisher,https://doi.org/10.1021/acsami.5c14025,,0,,HTTPError('403 Client Error: Forbidden for url: https://pubs.acs.org/doi/10.1021/acsami.5c14025')
10.1021/acsanm.2c04934,unpaywall_oa_0268.pdf,downloaded,hybrid,publisher,https://aaltodoc.aalto.fi/bitstreams/acb5efae-79e7-4bc7-8b0e-8085163d1d52/download,https://aaltodoc.aalto.fi/server/api/core/bitstreams/acb5efae-79e7-4bc7-8b0e-8085163d1d52/content,3885395,200.0,alt_location:repository:url_for_pdf
10.1021/acsanm.3c03161,unpaywall_oa_0268.pdf,downloaded,green,repository,https://www.osti.gov/servlets/purl/2352214,https://www.osti.gov/servlets/purl/2352214,2607314,200.0,
10.1021/acsanm.3c03891,unpaywall_oa_0270.pdf,downloaded,hybrid,publisher,https://repozitorij.uni-lj.si/IzpisGradiva.php?id=152694,https://repozitorij.uni-lj.si/Dokument.php?lang=slv&id=178306&dn=,14270760,200.0,alt_location:repository:url
10.1021/acsanm.4c00094,unpaywall_oa_0271.pdf,downloaded,hybrid,publisher,https://pure.tue.nl/ws/files/326568924/schulpen-et-al-2024-nb-doping-and-alloying-of-2d-ws2-by-atomic-layer-deposition-for-2d-transition-metal-dichalcogenide.pdf,https://pure.tue.nl/ws/files/326568924/schulpen-et-al-2024-nb-doping-and-alloying-of-2d-ws2-by-atomic-layer-deposition-for-2d-transition-metal-dichalcogenide.pdf,8690568,200.0,alt_location:repository:url_for_pdf
10.1021/acsanm.4c00743,,failed,hybrid,publisher,https://pubs.acs.org/doi/pdf/10.1021/acsanm.4c00743,,0,,HTTPError('403 Client Error: Forbidden for url: https://pubs.acs.org/doi/pdf/10.1021/acsanm.4c00743')
10.1021/acsanm.4c06844,,failed,hybrid,publisher,https://pubs.acs.org/doi/pdf/10.1021/acsanm.4c06844?ref=article_openPDF,,0,,HTTPError('403 Client Error: Forbidden for url: https://pubs.acs.org/doi/pdf/10.1021/acsanm.4c06844?ref=article_openPDF')
10.1021/acsanm.5c02013,,failed,hybrid,publisher,https://doi.org/10.1021/acsanm.5c02013,,0,,HTTPError('403 Client Error: Forbidden for url: https://pubs.acs.org/doi/10.1021/acsanm.5c02013')
10.1021/acscatal.5c03164,,failed,hybrid,publisher,https://doi.org/10.1021/acscatal.5c03164,,0,,HTTPError('403 Client Error: Forbidden for url: https://pubs.acs.org/doi/10.1021/acscatal.5c03164')
10.1021/acsmaterialsau.2c00075,,failed,gold,publisher,https://pubs.acs.org/doi/pdf/10.1021/acsmaterialsau.2c00075,,0,,HTTPError('403 Client Error: Forbidden for url: https://pubs.acs.org/doi/pdf/10.1021/acsmaterialsau.2c00075')
10.1021/acsmaterialsau.5c00071,,failed,gold,publisher,https://doi.org/10.1021/acsmaterialsau.5c00071,,0,,HTTPError('403 Client Error: Forbidden for url: https://pubs.acs.org/doi/10.1021/acsmaterialsau.5c00071')
10.1021/acsnano.3c07619,,failed,hybrid,publisher,https://pubs.acs.org/doi/pdf/10.1021/acsnano.3c07619,,0,,HTTPError('403 Client Error: Forbidden for url: https://pubs.acs.org/doi/pdf/10.1021/acsnano.3c07619')
10.1021/acsnano.3c11325,,failed,hybrid,publisher,https://pubs.acs.org/doi/pdf/10.1021/acsnano.3c11325,,0,,HTTPError('403 Client Error: Forbidden for url: https://pubs.acs.org/doi/pdf/10.1021/acsnano.3c11325')
10.1021/acsnano.4c04097,unpaywall_oa_0280.pdf,downloaded,hybrid,publisher,https://boris.unibe.ch/199750/,https://boris-portal.unibe.ch/server/api/core/bitstreams/2d2ee69a-2250-4ecb-83e5-f6be91a99b56/content,6584046,200.0,alt_location:repository:url_for_pdf
10.1021/acsomega.1c06512,unpaywall_oa_0281.pdf,downloaded,gold,publisher,https://zenodo.org/record/6357498,https://zenodo.org/records/6357498/files/acsomega.1c06512.pdf,3830358,200.0,alt_location:repository:url_for_pdf
10.1021/acsomega.2c05584,,failed,gold,publisher,https://doi.org/10.1021/acsomega.2c05584,,0,,HTTPError('403 Client Error: Forbidden for url: https://pubs.acs.org/doi/10.1021/acsomega.2c05584')
10.1021/acsomega.2c06318,,failed,gold,publisher,https://pubs.acs.org/doi/pdf/10.1021/acsomega.2c06318,,0,,HTTPError('403 Client Error: Forbidden for url: https://pubs.acs.org/doi/pdf/10.1021/acsomega.2c06318')
10.1021/acsomega.3c00432,,failed,gold,publisher,https://pubs.acs.org/doi/pdf/10.1021/acsomega.3c00432,,0,,HTTPError('403 Client Error: Forbidden for url: https://pubs.acs.org/doi/pdf/10.1021/acsomega.3c00432')
10.1021/acsomega.3c01697,,failed,gold,publisher,https://pubs.acs.org/doi/pdf/10.1021/acsomega.3c01697,,0,,HTTPError('403 Client Error: Forbidden for url: https://pubs.acs.org/doi/pdf/10.1021/acsomega.3c01697')
10.1021/acsomega.3c05657,,failed,gold,publisher,https://doi.org/10.1021/acsomega.3c05657,,0,,HTTPError('403 Client Error: Forbidden for url: https://pubs.acs.org/doi/10.1021/acsomega.3c05657')
10.1021/acsomega.3c09147,,failed,gold,publisher,https://pubs.acs.org/doi/pdf/10.1021/acsomega.3c09147,,0,,HTTPError('403 Client Error: Forbidden for url: https://pubs.acs.org/doi/pdf/10.1021/acsomega.3c09147')
10.1021/acsomega.4c06606,unpaywall_oa_0288.pdf,downloaded,gold,publisher,https://ris.utwente.nl/ws/files/476518738/hidrogo-rico-et-al-2025-tailoring-nickel-oxide-thin-films-comparative-study-of-oxidizing-agents-in-thermal-and-plasma.pdf,https://ris.utwente.nl/ws/files/476518738/hidrogo-rico-et-al-2025-tailoring-nickel-oxide-thin-films-comparative-study-of-oxidizing-agents-in-thermal-and-plasma.pdf,8954638,200.0,alt_location:repository:url_for_pdf
10.1021/acsomega.4c11468,,failed,gold,publisher,https://doi.org/10.1021/acsomega.4c11468,,0,,HTTPError('403 Client Error: Forbidden for url: https://pubs.acs.org/doi/10.1021/acsomega.4c11468')
10.1021/acsomega.5c01112,unpaywall_oa_0290.pdf,downloaded,gold,publisher,https://pureadmin.qub.ac.uk/ws/files/641027759/Effect_of_precursor_purge_time.pdf,https://pureadmin.qub.ac.uk/ws/files/641027759/Effect_of_precursor_purge_time.pdf,6916819,200.0,alt_location:repository:url_for_pdf
10.1021/acsomega.5c01360,,failed,gold,publisher,https://doi.org/10.1021/acsomega.5c01360,,0,,HTTPError('403 Client Error: Forbidden for url: https://pubs.acs.org/doi/10.1021/acsomega.5c01360')
10.1021/acsomega.5c03453,unpaywall_oa_0292.pdf,downloaded,gold,publisher,https://ris.utwente.nl/ws/files/519593639/area-selective-low-pressure-thermal-atomic-layer-deposition-of-gallium-nitride.pdf,https://ris.utwente.nl/ws/files/519593639/area-selective-low-pressure-thermal-atomic-layer-deposition-of-gallium-nitride.pdf,9944812,200.0,alt_location:repository:url_for_pdf
10.1021/acsomega.5c06117,,failed,gold,publisher,https://doi.org/10.1021/acsomega.5c06117,,0,,HTTPError('403 Client Error: Forbidden for url: https://pubs.acs.org/doi/10.1021/acsomega.5c06117')
10.1021/acsomega.5c06913,,failed,gold,publisher,https://doi.org/10.1021/acsomega.5c06913,,0,,HTTPError('403 Client Error: Forbidden for url: https://pubs.acs.org/doi/10.1021/acsomega.5c06913')
10.1021/acsomega.5c07715,,failed,gold,publisher,https://doi.org/10.1021/acsomega.5c07715,,0,,HTTPError('403 Client Error: Forbidden for url: https://pubs.acs.org/doi/10.1021/acsomega.5c07715')
10.1021/acssensors.5c01731,,failed,green,repository,https://biblio.ugent.be/publication/01KG78CN21NS04842TEPJFMGT2,https://backoffice.biblio.ugent.be/download/01KG78CN21NS04842TEPJFMGT2/01KG78G63SJJAKPWFSMAJZDRNQ,743415,200.0,downloaded response was not a PDF
10.1021/acssuschemeng.3c04135,unpaywall_oa_0296.pdf,downloaded,green,repository,https://hal.univ-grenoble-alpes.fr/hal-04230574/document,https://hal.univ-grenoble-alpes.fr/hal-04230574/document,4266115,200.0,
10.1021/jacs.1c12538,,failed,green,repository,https://infoscience.epfl.ch/handle/20.500.14299/185553,,0,,HTTPError('405 Client Error: Not Allowed for url: https://infoscience.epfl.ch/handle/20.500.14299/185553')
10.1021/jacs.2c05460,unpaywall_oa_0298.pdf,downloaded,green,repository,https://www.osti.gov/servlets/purl/1905993,https://www.osti.gov/servlets/purl/1905993,2289329,200.0,
10.1021/jacs.4c00538,,failed,green,repository,https://infoscience.epfl.ch/handle/20.500.14299/207686,,0,,HTTPError('405 Client Error: Not Allowed for url: https://infoscience.epfl.ch/handle/20.500.14299/207686')
10.1021/jacs.5c07695,,failed,hybrid,publisher,https://doi.org/10.1021/jacs.5c07695,,0,,HTTPError('403 Client Error: Forbidden for url: https://pubs.acs.org/doi/10.1021/jacs.5c07695')
10.1021/jacsau.3c00334,,failed,gold,publisher,https://doi.org/10.1021/jacsau.3c00334,,0,,HTTPError('403 Client Error: Forbidden for url: https://pubs.acs.org/doi/10.1021/jacsau.3c00334')
10.1021/jacsau.3c00475,unpaywall_oa_0303.pdf,downloaded,gold,publisher,https://hal.sorbonne-universite.fr/hal-04287201v1/document,https://hal.sorbonne-universite.fr/hal-04287201v1/document,1054594,200.0,alt_location:repository:url_for_pdf
10.1021/jacsau.5c00307,,failed,gold,publisher,https://doi.org/10.1021/jacsau.5c00307,,0,,HTTPError('403 Client Error: Forbidden for url: https://pubs.acs.org/doi/10.1021/jacsau.5c00307')
10.1038/s41467-022-35667-7,unpaywall_oa_0304.pdf,downloaded,gold,publisher,https://www.nature.com/articles/s41467-022-35667-7.pdf,https://www.nature.com/articles/s41467-022-35667-7.pdf,6222312,200.0,
10.1038/s41467-023-40249-2,unpaywall_oa_0305.pdf,downloaded,gold,publisher,https://www.nature.com/articles/s41467-023-40249-2.pdf,https://www.nature.com/articles/s41467-023-40249-2.pdf,2601173,200.0,
10.1038/s41467-023-40938-y,unpaywall_oa_0306.pdf,downloaded,gold,publisher,https://www.nature.com/articles/s41467-023-40938-y.pdf,https://www.nature.com/articles/s41467-023-40938-y.pdf,2041789,200.0,
10.1038/s41467-024-46293-w,unpaywall_oa_0307.pdf,downloaded,gold,publisher,https://www.nature.com/articles/s41467-024-46293-w.pdf,https://www.nature.com/articles/s41467-024-46293-w.pdf,3098710,200.0,
10.1038/s41467-024-47822-3,unpaywall_oa_0308.pdf,downloaded,gold,publisher,https://www.nature.com/articles/s41467-024-47822-3.pdf,https://www.nature.com/articles/s41467-024-47822-3.pdf,4246677,200.0,
10.1038/s41467-024-50185-4,unpaywall_oa_0309.pdf,downloaded,gold,publisher,https://www.nature.com/articles/s41467-024-50185-4.pdf,https://www.nature.com/articles/s41467-024-50185-4.pdf,1926409,200.0,
10.1038/s41467-024-50371-4,unpaywall_oa_0310.pdf,downloaded,gold,publisher,https://www.nature.com/articles/s41467-024-50371-4.pdf,https://www.nature.com/articles/s41467-024-50371-4.pdf,7971420,200.0,
10.1038/s41467-024-53339-6,unpaywall_oa_0311.pdf,downloaded,gold,publisher,https://www.nature.com/articles/s41467-024-53339-6.pdf,https://www.nature.com/articles/s41467-024-53339-6.pdf,2219551,200.0,
10.1038/s41467-024-54331-w,unpaywall_oa_0312.pdf,downloaded,gold,publisher,https://www.nature.com/articles/s41467-024-54331-w.pdf,https://www.nature.com/articles/s41467-024-54331-w.pdf,5931191,200.0,
10.1038/s41467-025-56557-8,unpaywall_oa_0313.pdf,downloaded,gold,publisher,https://www.nature.com/articles/s41467-025-56557-8.pdf,https://www.nature.com/articles/s41467-025-56557-8.pdf,1617340,200.0,
10.1038/s41467-025-57195-w,unpaywall_oa_0314.pdf,downloaded,gold,publisher,https://www.nature.com/articles/s41467-025-57195-w.pdf,https://www.nature.com/articles/s41467-025-57195-w.pdf,4398113,200.0,
10.1038/s41467-025-59399-6,unpaywall_oa_0315.pdf,downloaded,gold,publisher,https://www.nature.com/articles/s41467-025-59399-6.pdf,https://www.nature.com/articles/s41467-025-59399-6.pdf,2852354,200.0,
10.1038/s41467-025-59832-w,unpaywall_oa_0316.pdf,downloaded,gold,publisher,https://www.nature.com/articles/s41467-025-59832-w.pdf,https://www.nature.com/articles/s41467-025-59832-w.pdf,2960540,200.0,
10.1038/s41528-025-00468-7,unpaywall_oa_0317.pdf,downloaded,gold,publisher,https://www.nature.com/articles/s41528-025-00468-7.pdf,https://www.nature.com/articles/s41528-025-00468-7.pdf,3481659,200.0,
10.1038/s41598-021-04105-x,unpaywall_oa_0318.pdf,downloaded,gold,publisher,https://www.nature.com/articles/s41598-021-04105-x.pdf,https://www.nature.com/articles/s41598-021-04105-x.pdf,1723303,200.0,
10.1038/s41598-022-09054-7,unpaywall_oa_0319.pdf,downloaded,gold,publisher,https://www.nature.com/articles/s41598-022-09054-7.pdf,https://www.nature.com/articles/s41598-022-09054-7.pdf,1717446,200.0,
10.1038/s41598-025-22958-4,unpaywall_oa_0320.pdf,downloaded,gold,publisher,https://www.nature.com/articles/s41598-025-22958-4.pdf,https://www.nature.com/articles/s41598-025-22958-4.pdf,3842977,200.0,
10.1038/s41699-025-00527-7,unpaywall_oa_0321.pdf,downloaded,gold,publisher,https://www.nature.com/articles/s41699-025-00527-7.pdf,https://www.nature.com/articles/s41699-025-00527-7.pdf,914663,200.0,
10.1038/s41928-025-01484-1,unpaywall_oa_0322.pdf,downloaded,hybrid,publisher,https://www.nature.com/articles/s41928-025-01484-1.pdf,https://www.nature.com/articles/s41928-025-01484-1.pdf,8136909,200.0,
10.1039/d1cp04758b,unpaywall_oa_0323.pdf,downloaded,hybrid,publisher,https://pubs.rsc.org/en/content/articlepdf/2022/cp/d1cp04758b,https://pubs.rsc.org/en/content/articlepdf/2022/cp/d1cp04758b,4223416,200.0,
10.1039/d1dt03417k,unpaywall_oa_0325.pdf,downloaded,bronze,publisher,https://biblio.ugent.be/publication/8736583/file/8736598.pdf,https://backoffice.biblio.ugent.be/download/8736583/8736598,709112,200.0,alt_location:repository:url_for_pdf
10.1039/d1dt03715c,unpaywall_oa_0325.pdf,downloaded,hybrid,publisher,https://doi.org/10.1039/d1dt03715c,https://pubs.rsc.org/en/content/articlepdf/2022/dt/d1dt03715c,9297476,200.0,
10.1039/d1dt03748j,unpaywall_oa_0326.pdf,downloaded,hybrid,publisher,https://pubs.rsc.org/en/content/articlepdf/2022/dt/d1dt03748j,https://pubs.rsc.org/en/content/articlepdf/2022/dt/d1dt03748j,2830854,200.0,
10.1039/d1fd00116g,unpaywall_oa_0327.pdf,downloaded,hybrid,publisher,https://pubs.rsc.org/en/content/articlepdf/2022/fd/d1fd00116g,https://pubs.rsc.org/en/content/articlepdf/2022/fd/d1fd00116g,1768777,200.0,
10.1039/d1fd00120e,,failed,green,repository,http://hdl.handle.net/1854/LU-01GKP0K1P4PJ0ZKDK971D8529X,https://backoffice.biblio.ugent.be/download/01GKP0K1P4PJ0ZKDK971D8529X/01H3VPAG6FYS1SECDACJJSZ56P,1498714,200.0,downloaded response was not a PDF
10.1039/d1ma00726b,unpaywall_oa_0329.pdf,downloaded,gold,publisher,https://pubs.rsc.org/en/content/articlepdf/2022/ma/d1ma00726b,https://pubs.rsc.org/en/content/articlepdf/2022/ma/d1ma00726b,5461894,200.0,
10.1039/d1nr05568b,unpaywall_oa_0330.pdf,downloaded,hybrid,publisher,https://pubs.rsc.org/en/content/articlepdf/2022/nr/d1nr05568b,https://pubs.rsc.org/en/content/articlepdf/2022/nr/d1nr05568b,4835525,200.0,
10.1039/d1ra08103a,unpaywall_oa_0331.pdf,downloaded,gold,publisher,https://pubs.rsc.org/en/content/articlepdf/2022/ra/d1ra08103a,https://pubs.rsc.org/en/content/articlepdf/2022/ra/d1ra08103a,1293360,200.0,
10.1039/d1ra09410f,unpaywall_oa_0332.pdf,downloaded,gold,publisher,https://pubs.rsc.org/en/content/articlepdf/2022/ra/d1ra09410f,https://pubs.rsc.org/en/content/articlepdf/2022/ra/d1ra09410f,1327730,200.0,
10.1039/d2cp02491h,unpaywall_oa_0333.pdf,downloaded,hybrid,publisher,https://pubs.rsc.org/en/content/articlepdf/2022/cp/d2cp02491h,https://pubs.rsc.org/en/content/articlepdf/2022/cp/d2cp02491h,2673297,200.0,
10.1039/d2cy02184f,unpaywall_oa_0334.pdf,downloaded,hybrid,publisher,https://pubs.rsc.org/en/content/articlepdf/2023/cy/d2cy02184f,https://pubs.rsc.org/en/content/articlepdf/2023/cy/d2cy02184f,4904737,200.0,
10.1039/d2dt00353h,unpaywall_oa_0335.pdf,downloaded,hybrid,publisher,https://pubs.rsc.org/en/content/articlepdf/2022/dt/d2dt00353h,https://pubs.rsc.org/en/content/articlepdf/2022/dt/d2dt00353h,3156797,200.0,
10.1039/d2dt00479h,unpaywall_oa_0336.pdf,downloaded,hybrid,publisher,https://pubs.rsc.org/en/content/articlepdf/2022/dt/d2dt00479h,https://pubs.rsc.org/en/content/articlepdf/2022/dt/d2dt00479h,3568777,200.0,
10.1039/d2dt00570k,unpaywall_oa_0337.pdf,downloaded,hybrid,publisher,https://pubs.rsc.org/en/content/articlepdf/2022/dt/d2dt00570k,https://pubs.rsc.org/en/content/articlepdf/2022/dt/d2dt00570k,2746353,200.0,
10.1039/d2dt01427k,unpaywall_oa_0338.pdf,downloaded,green,repository,https://hal.science/hal-03875357,https://hal.science/hal-03875357/document,1325759,200.0,
10.1039/d2dt02155b,unpaywall_oa_0339.pdf,downloaded,hybrid,publisher,https://pubs.rsc.org/en/content/articlepdf/2022/dt/d2dt02155b,https://pubs.rsc.org/en/content/articlepdf/2022/dt/d2dt02155b,2584829,200.0,
10.1039/d2dt02279f,unpaywall_oa_0340.pdf,downloaded,hybrid,publisher,https://pubs.rsc.org/en/content/articlepdf/2022/dt/d2dt02279f,https://pubs.rsc.org/en/content/articlepdf/2022/dt/d2dt02279f,1040217,200.0,
10.1039/d2dt02562k,unpaywall_oa_0341.pdf,downloaded,hybrid,publisher,https://pubs.rsc.org/en/content/articlepdf/2022/dt/d2dt02562k,https://pubs.rsc.org/en/content/articlepdf/2022/dt/d2dt02562k,1929018,200.0,
10.1039/d2dt03216c,unpaywall_oa_0342.pdf,downloaded,hybrid,publisher,https://pubs.rsc.org/en/content/articlepdf/2023/dt/d2dt03216c,https://pubs.rsc.org/en/content/articlepdf/2023/dt/d2dt03216c,1884124,200.0,
10.1039/d2dt03702e,unpaywall_oa_0343.pdf,downloaded,hybrid,publisher,https://pubs.rsc.org/en/content/articlepdf/2023/dt/d2dt03702e,https://pubs.rsc.org/en/content/articlepdf/2023/dt/d2dt03702e,3189778,200.0,
10.1039/d2dt03907a,,failed,green,repository,http://hdl.handle.net/1854/LU-01HA47WETP6S3N6MZKQ4Q9SG8G,https://backoffice.biblio.ugent.be/download/01HA47WETP6S3N6MZKQ4Q9SG8G/01HA47X88D2N7CT9JWWM666K7S,3220969,200.0,downloaded response was not a PDF
10.1039/d2na00291d,unpaywall_oa_0345.pdf,downloaded,gold,publisher,https://pubs.rsc.org/en/content/articlepdf/2022/na/d2na00291d,https://pubs.rsc.org/en/content/articlepdf/2022/na/d2na00291d,1228203,200.0,
10.1039/d2na00827k,unpaywall_oa_0346.pdf,downloaded,gold,publisher,https://pubs.rsc.org/en/content/articlepdf/2023/na/d2na00827k,https://pubs.rsc.org/en/content/articlepdf/2023/na/d2na00827k,1341019,200.0,
10.1039/d2nr06372g,unpaywall_oa_0347.pdf,downloaded,hybrid,publisher,https://pubs.rsc.org/en/content/articlepdf/2023/nr/d2nr06372g,https://pubs.rsc.org/en/content/articlepdf/2023/nr/d2nr06372g,4134468,200.0,
10.1039/d2ra03360g,unpaywall_oa_0348.pdf,downloaded,gold,publisher,https://pubs.rsc.org/en/content/articlepdf/2022/ra/d2ra03360g,https://pubs.rsc.org/en/content/articlepdf/2022/ra/d2ra03360g,1167423,200.0,
10.1039/d2ra07585g,unpaywall_oa_0349.pdf,downloaded,gold,publisher,https://pubs.rsc.org/en/content/articlepdf/2023/ra/d2ra07585g,https://pubs.rsc.org/en/content/articlepdf/2023/ra/d2ra07585g,3378623,200.0,
10.1039/d2ta06009d,,failed,green,repository,https://lirias.kuleuven.be/handle/20.500.12942/709976,"https://kuleuven.limo.libis.be/discovery/search?query=any,contains,LIRIAS3960162&tab=LIRIAS&search_scope=lirias_profile&vid=32KUL_KUL:Lirias&offset=0",0,200.0,no PDF link found on OA page
10.1039/d2ta08133d,unpaywall_oa_0352.pdf,downloaded,bronze,publisher,https://www.osti.gov/servlets/purl/2217035,https://www.osti.gov/servlets/purl/2217035,4295256,200.0,alt_location:repository:url_for_pdf
10.1039/d2ta09060k,unpaywall_oa_0352.pdf,downloaded,green,repository,https://www.osti.gov/servlets/purl/2339464,https://www.osti.gov/servlets/purl/2339464,782071,200.0,
10.1039/d2tc00285j,unpaywall_oa_0353.pdf,downloaded,hybrid,publisher,https://pubs.rsc.org/en/content/articlepdf/2022/tc/d2tc00285j,https://pubs.rsc.org/en/content/articlepdf/2022/tc/d2tc00285j,5838673,200.0,
10.1039/d2tc00577h,unpaywall_oa_0354.pdf,downloaded,hybrid,publisher,https://pubs.rsc.org/en/content/articlepdf/2022/tc/d2tc00577h,https://pubs.rsc.org/en/content/articlepdf/2022/tc/d2tc00577h,4267611,200.0,
10.1039/d2tc03964h,unpaywall_oa_0355.pdf,downloaded,bronze,publisher,https://pubs.rsc.org/en/content/articlepdf/2023/tc/d2tc03964h,https://pubs.rsc.org/en/content/articlepdf/2023/tc/d2tc03964h,4031278,200.0,
10.1039/d2ya00177b,unpaywall_oa_0356.pdf,downloaded,gold,publisher,https://pubs.rsc.org/en/content/articlepdf/2022/ya/d2ya00177b,https://pubs.rsc.org/en/content/articlepdf/2022/ya/d2ya00177b,2417270,200.0,
10.1039/d3cp05639b,unpaywall_oa_0357.pdf,downloaded,hybrid,publisher,https://pubs.rsc.org/en/content/articlepdf/2024/cp/d3cp05639b,https://pubs.rsc.org/en/content/articlepdf/2024/cp/d3cp05639b,3289346,200.0,
10.1039/d3cp05677e,unpaywall_oa_0358.pdf,downloaded,hybrid,publisher,https://pubs.rsc.org/en/content/articlepdf/2024/cp/d3cp05677e,https://pubs.rsc.org/en/content/articlepdf/2024/cp/d3cp05677e,1028152,200.0,
10.1039/d3cy00335c,unpaywall_oa_0359.pdf,downloaded,hybrid,publisher,https://pubs.rsc.org/en/content/articlepdf/2023/cy/d3cy00335c,https://pubs.rsc.org/en/content/articlepdf/2023/cy/d3cy00335c,3709505,200.0,
10.1039/d3cy00996c,unpaywall_oa_0360.pdf,downloaded,hybrid,publisher,https://pubs.rsc.org/en/content/articlepdf/2023/cy/d3cy00996c,https://pubs.rsc.org/en/content/articlepdf/2023/cy/d3cy00996c,1949728,200.0,
10.1039/d3cy01768k,unpaywall_oa_0361.pdf,downloaded,hybrid,publisher,https://pubs.rsc.org/en/content/articlepdf/2023/cy/d3cy01768k,https://pubs.rsc.org/en/content/articlepdf/2023/cy/d3cy01768k,1080393,200.0,
10.1039/d3dt00378g,unpaywall_oa_0362.pdf,downloaded,green,repository,https://biblio.ugent.be/publication/01H3VJBEE29VB8WT407KZQRQPJ/file/01H6NWPVSACVC1EEKF18RV0K7R.pdf,https://backoffice.biblio.ugent.be/download/01H3VJBEE29VB8WT407KZQRQPJ/01H6NWPVSACVC1EEKF18RV0K7R,1360685,200.0,
10.1039/d3dt01282d,unpaywall_oa_0363.pdf,downloaded,hybrid,publisher,https://pubs.rsc.org/en/content/articlepdf/2023/dt/d3dt01282d,https://pubs.rsc.org/en/content/articlepdf/2023/dt/d3dt01282d,3749554,200.0,
10.1039/d3dt01435e,unpaywall_oa_0364.pdf,downloaded,hybrid,publisher,https://pubs.rsc.org/en/content/articlepdf/2023/dt/d3dt01435e,https://pubs.rsc.org/en/content/articlepdf/2023/dt/d3dt01435e,5259439,200.0,
10.1039/d3dt01717f,unpaywall_oa_0365.pdf,downloaded,hybrid,publisher,https://pubs.rsc.org/en/content/articlepdf/2023/dt/d3dt01717f,https://pubs.rsc.org/en/content/articlepdf/2023/dt/d3dt01717f,5151777,200.0,
10.1039/d3dt01824e,,failed,bronze,publisher,https://pubs.rsc.org/en/content/articlepdf/2023/dt/d3dt01824e,https://pubs.rsc.org/en/content/articlelanding/2023/dt/d3dt01824e/unauth,133059,200.0,downloaded response was not a PDF
10.1039/d3lf00210a,unpaywall_oa_0367.pdf,downloaded,gold,publisher,https://pubs.rsc.org/en/content/articlepdf/2024/lf/d3lf00210a,https://pubs.rsc.org/en/content/articlepdf/2024/lf/d3lf00210a,2735247,200.0,
10.1039/d3na00729d,unpaywall_oa_0368.pdf,downloaded,gold,publisher,https://pubs.rsc.org/en/content/articlepdf/2023/na/d3na00729d,https://pubs.rsc.org/en/content/articlepdf/2023/na/d3na00729d,1232787,200.0,
10.1039/d3nr00708a,unpaywall_oa_0369.pdf,downloaded,green,repository,https://www.osti.gov/servlets/purl/2425465,https://www.osti.gov/servlets/purl/2425465,1164534,200.0,
10.1039/d3nr01930f,unpaywall_oa_0370.pdf,downloaded,bronze,publisher,https://pubs.rsc.org/en/content/articlepdf/2023/nr/d3nr01930f,https://pubs.rsc.org/en/content/articlepdf/2023/nr/d3nr01930f,6292912,200.0,
10.1039/d3nr04094a,unpaywall_oa_0371.pdf,downloaded,hybrid,publisher,https://pubs.rsc.org/en/content/articlepdf/2023/nr/d3nr04094a,https://pubs.rsc.org/en/content/articlepdf/2023/nr/d3nr04094a,2008993,200.0,
10.1039/d3nr05316d,unpaywall_oa_0372.pdf,downloaded,green,repository,https://hdl.handle.net/2144/52860,https://open.bu.edu/server/api/core/bitstreams/9ef3b799-3569-4461-a225-eaf25aa3357a/content,1444578,200.0,
10.1039/d3nr05884k,unpaywall_oa_0373.pdf,downloaded,hybrid,publisher,https://pubs.rsc.org/en/content/articlepdf/2024/nr/d3nr05884k,https://pubs.rsc.org/en/content/articlepdf/2024/nr/d3nr05884k,2331376,200.0,
10.1039/d3ra00121k,unpaywall_oa_0374.pdf,downloaded,gold,publisher,https://pubs.rsc.org/en/content/articlepdf/2023/ra/d3ra00121k,https://pubs.rsc.org/en/content/articlepdf/2023/ra/d3ra00121k,1770169,200.0,
10.1039/d3ra05217f,unpaywall_oa_0375.pdf,downloaded,gold,publisher,https://pubs.rsc.org/en/content/articlepdf/2023/ra/d3ra05217f,https://pubs.rsc.org/en/content/articlepdf/2023/ra/d3ra05217f,1042722,200.0,
10.1039/d3ta00020f,unpaywall_oa_0376.pdf,downloaded,hybrid,publisher,https://pubs.rsc.org/en/content/articlepdf/2023/ta/d3ta00020f,https://pubs.rsc.org/en/content/articlepdf/2023/ta/d3ta00020f,2333025,200.0,
10.1039/d3tc00255a,unpaywall_oa_0377.pdf,downloaded,hybrid,publisher,https://pubs.rsc.org/en/content/articlepdf/2023/tc/d3tc00255a,https://pubs.rsc.org/en/content/articlepdf/2023/tc/d3tc00255a,2157122,200.0,
10.1039/d3tc00704a,unpaywall_oa_0378.pdf,downloaded,bronze,publisher,https://pubs.rsc.org/en/content/articlepdf/2023/tc/d3tc00704a,https://pubs.rsc.org/en/content/articlepdf/2023/tc/d3tc00704a,3253825,200.0,
10.1039/d3tc02328a,unpaywall_oa_0379.pdf,downloaded,hybrid,publisher,https://pubs.rsc.org/en/content/articlepdf/2023/tc/d3tc02328a,https://pubs.rsc.org/en/content/articlepdf/2023/tc/d3tc02328a,2291359,200.0,
10.1039/d3tc04338j,unpaywall_oa_0380.pdf,downloaded,hybrid,publisher,https://pubs.rsc.org/en/content/articlepdf/2024/tc/d3tc04338j,https://pubs.rsc.org/en/content/articlepdf/2024/tc/d3tc04338j,3794346,200.0,
10.1039/d3ya00400g,unpaywall_oa_0381.pdf,downloaded,gold,publisher,https://pubs.rsc.org/en/content/articlepdf/2023/ya/d3ya00400g,https://pubs.rsc.org/en/content/articlepdf/2023/ya/d3ya00400g,2624403,200.0,
10.1039/d4cc04820b,unpaywall_oa_0382.pdf,downloaded,hybrid,publisher,https://pubs.rsc.org/en/content/articlepdf/2025/cc/d4cc04820b,https://pubs.rsc.org/en/content/articlepdf/2025/cc/d4cc04820b,1227032,200.0,
10.1039/d4cc05425c,unpaywall_oa_0383.pdf,downloaded,hybrid,publisher,https://pubs.rsc.org/en/content/articlepdf/2025/cc/d4cc05425c,https://pubs.rsc.org/en/content/articlepdf/2025/cc/d4cc05425c,880568,200.0,
10.1039/d4dt00709c,unpaywall_oa_0384.pdf,downloaded,hybrid,publisher,https://pubs.rsc.org/en/content/articlepdf/2024/dt/d4dt00709c,https://pubs.rsc.org/en/content/articlepdf/2024/dt/d4dt00709c,1978709,200.0,
10.1039/d4dt02608j,unpaywall_oa_0385.pdf,downloaded,hybrid,publisher,https://pubs.rsc.org/en/content/articlepdf/2025/dt/d4dt02608j,https://pubs.rsc.org/en/content/articlepdf/2025/dt/d4dt02608j,2474874,200.0,
10.1039/d4dt03498h,,failed,green,repository,https://lirias.kuleuven.be/handle/20.500.12942/761742,"https://kuleuven.limo.libis.be/discovery/search?query=any,contains,LIRIAS4224894&tab=LIRIAS&search_scope=lirias_profile&vid=32KUL_KUL:Lirias&offset=0",0,200.0,no PDF link found on OA page
10.1039/d4lf00160e,unpaywall_oa_0387.pdf,downloaded,gold,publisher,https://pubs.rsc.org/en/content/articlepdf/2024/lf/d4lf00160e,https://pubs.rsc.org/en/content/articlepdf/2024/lf/d4lf00160e,2345372,200.0,
10.1039/d4ma00654b,unpaywall_oa_0388.pdf,downloaded,gold,publisher,https://pubs.rsc.org/en/content/articlepdf/2024/ma/d4ma00654b,https://pubs.rsc.org/en/content/articlepdf/2024/ma/d4ma00654b,1438249,200.0,
10.1039/d4ma00922c,unpaywall_oa_0389.pdf,downloaded,gold,publisher,https://pubs.rsc.org/en/content/articlepdf/2024/ma/d4ma00922c,https://pubs.rsc.org/en/content/articlepdf/2024/ma/d4ma00922c,4479651,200.0,
10.1039/d4ma00966e,unpaywall_oa_0390.pdf,downloaded,gold,publisher,https://pubs.rsc.org/en/content/articlepdf/2025/ma/d4ma00966e,https://pubs.rsc.org/en/content/articlepdf/2025/ma/d4ma00966e,2822457,200.0,
10.1039/d4nr01022a,unpaywall_oa_0391.pdf,downloaded,bronze,publisher,https://pubs.rsc.org/en/content/articlepdf/2024/nr/d4nr01022a,https://pubs.rsc.org/en/content/articlepdf/2024/nr/d4nr01022a,947966,200.0,
10.1039/d4nr05370b,unpaywall_oa_0392.pdf,downloaded,hybrid,publisher,https://pubs.rsc.org/en/content/articlepdf/2025/nr/d4nr05370b,https://pubs.rsc.org/en/content/articlepdf/2025/nr/d4nr05370b,915446,200.0,
10.1039/d4nr05381h,unpaywall_oa_0393.pdf,downloaded,hybrid,publisher,https://pubs.rsc.org/en/content/articlepdf/2025/nr/d4nr05381h,https://pubs.rsc.org/en/content/articlepdf/2025/nr/d4nr05381h,2438727,200.0,
10.1039/d4ra04708g,unpaywall_oa_0394.pdf,downloaded,gold,publisher,https://pubs.rsc.org/en/content/articlepdf/2024/ra/d4ra04708g,https://pubs.rsc.org/en/content/articlepdf/2024/ra/d4ra04708g,4338520,200.0,
10.1039/d4ra05848h,unpaywall_oa_0395.pdf,downloaded,gold,publisher,https://pubs.rsc.org/en/content/articlepdf/2024/ra/d4ra05848h,https://pubs.rsc.org/en/content/articlepdf/2024/ra/d4ra05848h,611408,200.0,
10.1039/d4ra06464j,unpaywall_oa_0396.pdf,downloaded,gold,publisher,https://pubs.rsc.org/en/content/articlepdf/2024/ra/d4ra06464j,https://pubs.rsc.org/en/content/articlepdf/2024/ra/d4ra06464j,1787201,200.0,
10.1039/d4ra07284g,unpaywall_oa_0397.pdf,downloaded,gold,publisher,https://pubs.rsc.org/en/content/articlepdf/2024/ra/d4ra07284g,https://pubs.rsc.org/en/content/articlepdf/2024/ra/d4ra07284g,1115064,200.0,
10.1039/d4ra07952c,unpaywall_oa_0398.pdf,downloaded,gold,publisher,https://pubs.rsc.org/en/content/articlepdf/2025/ra/d4ra07952c,https://pubs.rsc.org/en/content/articlepdf/2025/ra/d4ra07952c,5198322,200.0,
10.1039/d4tc01846j,unpaywall_oa_0399.pdf,downloaded,hybrid,publisher,https://pubs.rsc.org/en/content/articlepdf/2024/tc/d4tc01846j,https://pubs.rsc.org/en/content/articlepdf/2024/tc/d4tc01846j,2872330,200.0,
10.1039/d4tc01867b,unpaywall_oa_0400.pdf,downloaded,hybrid,publisher,https://pubs.rsc.org/en/content/articlepdf/2024/tc/d4tc01867b,https://pubs.rsc.org/en/content/articlepdf/2024/tc/d4tc01867b,1323801,200.0,
10.1039/d4tc05499g,unpaywall_oa_0401.pdf,downloaded,hybrid,publisher,https://doi.org/10.1039/d4tc05499g,https://pubs.rsc.org/en/content/articlepdf/2025/tc/d4tc05499g,3120778,200.0,
10.1039/d4ya00405a,unpaywall_oa_0402.pdf,downloaded,gold,publisher,https://pubs.rsc.org/en/content/articlepdf/2024/ya/d4ya00405a,https://pubs.rsc.org/en/content/articlepdf/2024/ya/d4ya00405a,2705433,200.0,
10.1039/d4ya00518j,unpaywall_oa_0403.pdf,downloaded,gold,publisher,https://pubs.rsc.org/en/content/articlepdf/2025/ya/d4ya00518j,https://pubs.rsc.org/en/content/articlepdf/2025/ya/d4ya00518j,5626741,200.0,
10.1039/d4ya00552j,unpaywall_oa_0404.pdf,downloaded,gold,publisher,https://pubs.rsc.org/en/content/articlepdf/2025/ya/d4ya00552j,https://pubs.rsc.org/en/content/articlepdf/2025/ya/d4ya00552j,1851875,200.0,
10.1039/d5cp00834d,unpaywall_oa_0405.pdf,downloaded,hybrid,publisher,https://pubs.rsc.org/en/content/articlepdf/2025/cp/d5cp00834d,https://pubs.rsc.org/en/content/articlepdf/2025/cp/d5cp00834d,2362760,200.0,
10.1039/d5cp02945g,unpaywall_oa_0406.pdf,downloaded,green,repository,https://arxiv.org/pdf/2510.03975,https://arxiv.org/pdf/2510.03975,22052637,200.0,
10.1039/d5dt00944h,unpaywall_oa_0407.pdf,downloaded,green,repository,https://hal.science/hal-05131007/document,https://hal.science/hal-05131007/document,1150787,200.0,
10.1039/d5dt01405k,unpaywall_oa_0408.pdf,downloaded,hybrid,publisher,https://pubs.rsc.org/en/content/articlepdf/2025/dt/d5dt01405k,https://pubs.rsc.org/en/content/articlepdf/2025/dt/d5dt01405k,1507926,200.0,
10.1039/d5dt02282g,unpaywall_oa_0409.pdf,downloaded,hybrid,publisher,https://pubs.rsc.org/en/content/articlepdf/2025/dt/d5dt02282g,https://pubs.rsc.org/en/content/articlepdf/2025/dt/d5dt02282g,2453821,200.0,
10.1039/d5lf00076a,unpaywall_oa_0410.pdf,downloaded,gold,publisher,https://pubs.rsc.org/en/content/articlepdf/2025/lf/d5lf00076a,https://pubs.rsc.org/en/content/articlepdf/2025/lf/d5lf00076a,2933110,200.0,
10.1039/d5ma00182j,unpaywall_oa_0411.pdf,downloaded,gold,publisher,https://pubs.rsc.org/en/content/articlepdf/2025/ma/d5ma00182j,https://pubs.rsc.org/en/content/articlepdf/2025/ma/d5ma00182j,2280790,200.0,
10.1039/d5mh00323g,unpaywall_oa_0412.pdf,downloaded,hybrid,publisher,https://pubs.rsc.org/en/content/articlepdf/2025/mh/d5mh00323g,https://pubs.rsc.org/en/content/articlepdf/2025/mh/d5mh00323g,5677765,200.0,
10.1039/d5mh00937e,unpaywall_oa_0413.pdf,downloaded,hybrid,publisher,https://pubs.rsc.org/en/content/articlepdf/2025/mh/d5mh00937e,https://pubs.rsc.org/en/content/articlepdf/2025/mh/d5mh00937e,5549216,200.0,
10.1039/d5na00051c,unpaywall_oa_0414.pdf,downloaded,gold,publisher,https://pubs.rsc.org/en/content/articlepdf/2025/na/d5na00051c,https://pubs.rsc.org/en/content/articlepdf/2025/na/d5na00051c,4901111,200.0,
10.1039/d5nr01144b,unpaywall_oa_0415.pdf,downloaded,hybrid,publisher,https://pubs.rsc.org/en/content/articlepdf/2025/nr/d5nr01144b,https://pubs.rsc.org/en/content/articlepdf/2025/nr/d5nr01144b,6015314,200.0,
10.1039/d5nr01812a,unpaywall_oa_0416.pdf,downloaded,hybrid,publisher,https://pubs.rsc.org/en/content/articlepdf/2025/nr/d5nr01812a,https://pubs.rsc.org/en/content/articlepdf/2025/nr/d5nr01812a,4740040,200.0,
10.1039/d5ra00652j,unpaywall_oa_0417.pdf,downloaded,gold,publisher,https://pubs.rsc.org/en/content/articlepdf/2025/ra/d5ra00652j,https://pubs.rsc.org/en/content/articlepdf/2025/ra/d5ra00652j,2408593,200.0,
10.1039/d5ra00686d,unpaywall_oa_0418.pdf,downloaded,gold,publisher,https://pubs.rsc.org/en/content/articlepdf/2025/ra/d5ra00686d,https://pubs.rsc.org/en/content/articlepdf/2025/ra/d5ra00686d,998273,200.0,
10.1039/d5se00052a,unpaywall_oa_0419.pdf,downloaded,hybrid,publisher,https://pubs.rsc.org/en/content/articlepdf/2025/se/d5se00052a,https://pubs.rsc.org/en/content/articlepdf/2025/se/d5se00052a,3075343,200.0,
10.1039/d5ta00663e,unpaywall_oa_0420.pdf,downloaded,hybrid,publisher,https://pubs.rsc.org/en/content/articlepdf/2025/ta/d5ta00663e,https://pubs.rsc.org/en/content/articlepdf/2025/ta/d5ta00663e,3073211,200.0,
10.1039/d5ta03196f,unpaywall_oa_0421.pdf,downloaded,hybrid,publisher,https://pubs.rsc.org/en/content/articlepdf/2025/ta/d5ta03196f,https://pubs.rsc.org/en/content/articlepdf/2025/ta/d5ta03196f,855634,200.0,
10.1039/d5tc01923k,unpaywall_oa_0422.pdf,downloaded,hybrid,publisher,https://pubs.rsc.org/en/content/articlepdf/2025/tc/d5tc01923k,https://pubs.rsc.org/en/content/articlepdf/2025/tc/d5tc01923k,4644336,200.0,
10.1063/5.0069647,unpaywall_oa_0424.pdf,downloaded,bronze,publisher,https://biblio.ugent.be/publication/01GKREDKF1NHHY9HPW0004GT6M/file/01GKREJ4VP94NMCR93BDYGRT5C.pdf,https://backoffice.biblio.ugent.be/download/01GKREDKF1NHHY9HPW0004GT6M/01GKREJ4VP94NMCR93BDYGRT5C,60481,200.0,alt_location:repository:url_for_pdf
10.1063/5.0076993,,failed,hybrid,publisher,https://aip.scitation.org/doi/pdf/10.1063/5.0076993,https://aip.scitation.org/doi/pdf/10.1063/5.0076993,0,200.0,no PDF link found on OA page
10.1063/5.0081657,,failed,green,repository,https://research.aalto.fi/files/80138135/CHEM_Ghiyasi_et_al_Simultaneously_enhanced_electrical_2022_Appl_Phys_Lett.pdf,,0,,HTTPError('403 Client Error: Forbidden for url: https://research.aalto.fi/files/80138135/CHEM_Ghiyasi_et_al_Simultaneously_enhanced_electrical_2022_Appl_Phys_Lett.pdf')
10.1063/5.0088505,,failed,hybrid,publisher,https://doi.org/10.1063/5.0088505,,0,,HTTPError('403 Client Error: Forbidden for url: https://pubs.aip.org/apl/article/120/17/172901/2833493/Sub-10-nm-ferroelectric-Gd-doped-HfO2-layers')
10.1063/5.0106132,,failed,green,repository,https://lirias.kuleuven.be/handle/20.500.12942/716220,"https://kuleuven.limo.libis.be/discovery/search?query=any,contains,LIRIAS3960024&tab=LIRIAS&search_scope=lirias_profile&vid=32KUL_KUL:Lirias&offset=0",0,200.0,no PDF link found on OA page
10.1063/5.0116732,unpaywall_oa_0429.pdf,downloaded,hybrid,publisher,https://pure.tue.nl/ws/files/237058963/5.0116732.pdf,https://pure.tue.nl/ws/files/237058963/5.0116732.pdf,8454091,200.0,alt_location:repository:url_for_pdf
10.1063/5.0118500,,failed,hybrid,publisher,https://aip.scitation.org/doi/pdf/10.1063/5.0118500,https://aip.scitation.org/doi/pdf/10.1063/5.0118500,0,200.0,no PDF link found on OA page
10.1063/5.0143013,,failed,hybrid,publisher,https://aip.scitation.org/doi/pdf/10.1063/5.0143013,https://aip.scitation.org/doi/pdf/10.1063/5.0143013,0,200.0,no PDF link found on OA page
10.1063/5.0145286,,failed,gold,publisher,https://pubs.aip.org/aip/adv/article-pdf/doi/10.1063/5.0145286/17356255/055110_1_5.0145286.pdf,,0,,HTTPError('403 Client Error: Forbidden for url: https://pubs.aip.org/aip/adv/article-pdf/doi/10.1063/5.0145286/17356255/055110_1_5.0145286.pdf')
10.1063/5.0148070,,failed,hybrid,publisher,https://pubs.aip.org/aip/jcp/article-pdf/doi/10.1063/5.0148070/17355732/174313_1_5.0148070.pdf,,0,,HTTPError('403 Client Error: Forbidden for url: https://pubs.aip.org/aip/jcp/article-pdf/doi/10.1063/5.0148070/17355732/174313_1_5.0148070.pdf')
10.1063/5.0151592,unpaywall_oa_0434.pdf,downloaded,hybrid,publisher,https://pure.tue.nl/ws/files/306592833/011901_1_5.0151592.pdf,https://pure.tue.nl/ws/files/306592833/011901_1_5.0151592.pdf,1687727,200.0,alt_location:repository:url_for_pdf
10.1063/5.0154468,,failed,gold,publisher,https://pubs.aip.org/aip/adv/article-pdf/doi/10.1063/5.0154468/18099200/085128_1_5.0154468.pdf,,0,,HTTPError('403 Client Error: Forbidden for url: https://pubs.aip.org/aip/adv/article-pdf/doi/10.1063/5.0154468/18099200/085128_1_5.0154468.pdf')
10.1063/5.0157628,,failed,gold,publisher,https://doi.org/10.1063/5.0157628,,0,,HTTPError('403 Client Error: Forbidden for url: https://pubs.aip.org/apm/article/11/9/091105/2909741/High-crystalline-epitaxial-thin-films-of-NiO-by')
10.1063/5.0169420,unpaywall_oa_0437.pdf,downloaded,green,repository,https://www.osti.gov/servlets/purl/2282882,https://www.osti.gov/servlets/purl/2282882,4551128,200.0,alt_location:repository:url_for_pdf
10.1063/5.0182200,,failed,hybrid,publisher,https://pubs.aip.org/aip/apl/article-pdf/doi/10.1063/5.0182200/19638411/071601_1_5.0182200.pdf,,0,,HTTPError('403 Client Error: Forbidden for url: https://pubs.aip.org/aip/apl/article-pdf/doi/10.1063/5.0182200/19638411/071601_1_5.0182200.pdf')
10.1063/5.0189543,unpaywall_oa_0439.pdf,downloaded,hybrid,publisher,https://biblio.ugent.be/publication/01J15B7JSHGZTR1XNYFRZX8V3K/file/01J15BCPZD04MQ2EMFHC0F3ADD.pdf,https://backoffice.biblio.ugent.be/download/01J15B7JSHGZTR1XNYFRZX8V3K/01J15BCPZD04MQ2EMFHC0F3ADD,3811535,200.0,alt_location:repository:url_for_pdf
10.1063/5.0190183,,failed,gold,publisher,https://pubs.aip.org/aip/adv/article-pdf/doi/10.1063/5.0190183/19797879/035133_1_5.0190183.pdf,,0,,HTTPError('403 Client Error: Forbidden for url: https://pubs.aip.org/aip/adv/article-pdf/doi/10.1063/5.0190183/19797879/035133_1_5.0190183.pdf')
10.1063/5.0198197,,failed,gold,publisher,https://pubs.aip.org/aip/apm/article-pdf/doi/10.1063/5.0198197/19727852/031115_1_5.0198197.pdf,,0,,HTTPError('403 Client Error: Forbidden for url: https://pubs.aip.org/aip/apm/article-pdf/doi/10.1063/5.0198197/19727852/031115_1_5.0198197.pdf')
10.1063/5.0202549,,failed,bronze,publisher,https://pubs.aip.org/aip/apl/article-pdf/doi/10.1063/5.0202549/19845775/132102_1_5.0202549.pdf,,0,,HTTPError('403 Client Error: Forbidden for url: https://pubs.aip.org/aip/apl/article-pdf/doi/10.1063/5.0202549/19845775/132102_1_5.0202549.pdf')
10.1063/5.0207496,unpaywall_oa_0443.pdf,downloaded,hybrid,publisher,https://pure.tue.nl/ws/files/332522841/204701_1_5.0207496.pdf,https://pure.tue.nl/ws/files/332522841/204701_1_5.0207496.pdf,7019750,200.0,alt_location:repository:url_for_pdf
10.1063/5.0211178,,failed,gold,publisher,https://doi.org/10.1063/5.0211178,,0,,HTTPError('403 Client Error: Forbidden for url: https://pubs.aip.org/apm/article/12/7/071121/3304144/Effect-of-neural-firing-pattern-on-NbOx-Al2O3')
10.1063/5.0214983,,failed,hybrid,publisher,https://pubs.aip.org/aip/jap/article-pdf/doi/10.1063/5.0214983/20134869/084102_1_5.0214983.pdf,,0,,HTTPError('403 Client Error: Forbidden for url: https://pubs.aip.org/aip/jap/article-pdf/doi/10.1063/5.0214983/20134869/084102_1_5.0214983.pdf')
10.1063/5.0217534,,failed,hybrid,publisher,https://pubs.aip.org/aip/jap/article-pdf/doi/10.1063/5.0217534/20129309/085303_1_5.0217534.pdf,,0,,HTTPError('403 Client Error: Forbidden for url: https://pubs.aip.org/aip/jap/article-pdf/doi/10.1063/5.0217534/20129309/085303_1_5.0217534.pdf')
10.1063/5.0218456,,failed,hybrid,publisher,https://doi.org/10.1063/5.0218456,,0,,HTTPError('403 Client Error: Forbidden for url: https://pubs.aip.org/jap/article/136/10/105302/3312074/Permittivity-enhancement-of-Al2O3-ZrO2-dielectrics')
10.1063/5.0222271,unpaywall_oa_0448.pdf,downloaded,hybrid,publisher,https://www.osti.gov/biblio/2478638,https://www.osti.gov/servlets/purl/2478638,5865061,200.0,alt_location:repository:url
10.1063/5.0225676,,failed,hybrid,publisher,https://pubs.aip.org/aip/jap/article-pdf/doi/10.1063/5.0225676/20115596/075702_1_5.0225676.pdf,,0,,HTTPError('403 Client Error: Forbidden for url: https://pubs.aip.org/aip/jap/article-pdf/doi/10.1063/5.0225676/20115596/075702_1_5.0225676.pdf')
10.1063/5.0225744,,failed,hybrid,publisher,https://doi.org/10.1063/5.0225744,,0,,HTTPError('403 Client Error: Forbidden for url: https://pubs.aip.org/jap/article/136/11/115301/3312990/An-innovative-approach-to-control-the-Hf-Ti-ratio')
10.1063/5.0246311,unpaywall_oa_0451.pdf,downloaded,hybrid,publisher,https://pure.tue.nl/ws/files/353888092/063505_1_5.0246311.pdf,https://pure.tue.nl/ws/files/353888092/063505_1_5.0246311.pdf,2401268,200.0,alt_location:repository:url_for_pdf
10.1063/5.0247683,,failed,gold,publisher,https://doi.org/10.1063/5.0247683,,0,,HTTPError('403 Client Error: Forbidden for url: https://pubs.aip.org/adv/article/15/2/025010/3333671/UV-degradation-analysis-of-TOPCon-cells')
10.1063/5.0250685,,failed,gold,publisher,https://doi.org/10.1063/5.0250685,,0,,HTTPError('403 Client Error: Forbidden for url: https://pubs.aip.org/apm/article/13/6/061105/3348315/Confined-space-annealing-of-2D-transition-metal')
10.1063/5.0264293,,failed,hybrid,publisher,https://doi.org/10.1063/5.0264293,,0,,HTTPError('403 Client Error: Forbidden for url: https://pubs.aip.org/jap/article/137/22/225303/3349425/High-density-supercapacitors-with-atomic-layer')
10.1063/5.0274282,,failed,hybrid,publisher,https://doi.org/10.1063/5.0274282,,0,,HTTPError('403 Client Error: Forbidden for url: https://pubs.aip.org/jap/article/138/5/055301/3357258/Study-of-the-interfacial-reaction-of-high-Al2O3')
10.1063/6.0002331,unpaywall_oa_0456.pdf,downloaded,gold,publisher,https://ris.utwente.nl/ws/files/312531876/025237_1_online.pdf,https://ris.utwente.nl/ws/files/312531876/025237_1_online.pdf,5332991,200.0,alt_location:repository:url_for_pdf
10.1063/6.0004254,,failed,gold,publisher,https://doi.org/10.1063/6.0004254,,0,,HTTPError('403 Client Error: Forbidden for url: https://pubs.aip.org/adv/article/15/4/045008/3342416/Atomic-layer-deposited-Ta2O5-From-process')
10.1080/15980316.2025.2492615,,failed,gold,publisher,https://doi.org/10.1080/15980316.2025.2492615,,0,,HTTPError('403 Client Error: Forbidden for url: https://www.tandfonline.com/doi/full/10.1080/15980316.2025.2492615')
10.1088/1361-6463/ac360c,,failed,hybrid,publisher,https://iopscience.iop.org/article/10.1088/1361-6463/ac360c/pdf,https://validate.perfdrive.com/fb803c746e9148689b3984a31fccd902/?ssa=30b0dbf5-4dfb-4a8b-95e8-03088a328f3d&ssb=56063284201&ssc=https%3A%2F%2Fiopscience.iop.org%2Farticle%2F10.1088%2F1361-6463%2Fac360c%2Fpdf&ssi=d3245ce4-cnvj-4822-b291-09cca9791ea3&ssk=botmanager_support@radware.com&ssm=74370173400477250134592473379111&ssn=099e97812611837f4977e2e6fa4b9e41e5467cf1ab9e-0909-49e2-81e0f6&sso=9814db76-bebb423af5821b879f0ddafbd78b0a0248bb7f712b1f3f2d&ssp=45527210021778869526177889240291698&ssq=64263666354751745944363545490305876092678&ssr=MTgyLjY5LjE3Ni4xMA==&sst=ALD%20corpus%20builder%20(mailto:dabeetkd24@iitk.ac.in)&ssu=&ssv=&ssw=&ssx=eyJfX3V6bWYiOiI3ZjkwMDA3Y2YxYWI5ZS0wOTA5LTQ5ZTItOGI3Ni1iZWJiNDIzYWY1ODIxLTE3Nzg4NjM1NDU5NzgxNDczLTAwMzYzZWYzODgwZWU4ZTcwMTgxMyIsInJkIjoiaW9wLm9yZyIsInV6bXgiOiI3ZjkwMDBiMjVmNjkyMy1kMmRlLTQ1YWMtYTg2ZC0xMDQxYzQ1NTc5OTQxLTE3Nzg4NjM1NDU5NzgxNDczLWY2NzExNjE5ZTU4YWVjZjIxMyJ9,14371,200.0,downloaded response was not a PDF
10.1088/1361-6463/ad8663,unpaywall_oa_0460.pdf,downloaded,hybrid,publisher,https://eprints.soton.ac.uk/496117/1/Rowlinson_2025_J._Phys._D_Appl._Phys._58_025308.pdf,https://eprints.soton.ac.uk/496117/1/Rowlinson_2025_J._Phys._D_Appl._Phys._58_025308.pdf,4197737,200.0,alt_location:repository:url_for_pdf
10.1088/1361-6501/acc2d7,,failed,hybrid,publisher,https://doi.org/10.1088/1361-6501/acc2d7,https://validate.perfdrive.com/fb803c746e9148689b3984a31fccd902/?ssa=eebf143d-d4d7-4f3d-b0f6-a7f7ef3e65a7&ssb=72898213821&ssc=https%3A%2F%2Fiopscience.iop.org%2Farticle%2F10.1088%2F1361-6501%2Facc2d7&ssi=946dfb88-cnvj-4f42-b9b0-d29a7b1ad398&ssk=botmanager_support@radware.com&ssm=79662005297484169134309784992493&ssn=21a550b7da7161c5288df4cd06084e36ec5f2e320447-89d3-46b8-bee27e&sso=3fcd0457-cd3675240a7fdbb0424324d4c36cdf1c0de64607a76dd7d2&ssp=98082408101778869183177883597840625&ssq=22208466354818601421063546268489175013103&ssr=MTgyLjY5LjE3Ni4xMA==&sst=ALD%20corpus%20builder%20(mailto:dabeetkd24@iitk.ac.in)&ssu=&ssv=&ssw=&ssx=eyJ1em14IjoiN2Y5MDAwYTlmMjdhOTQtN2I1ZC00NmMzLTk4ZjUtOWVkODIwY2YyMjE5MS0xNzc4ODYzNTQ3MDAxMTMzMi1mZGRmOTIwMjA5NjY0ZDdjMTMiLCJfX3V6bWYiOiI3ZjkwMDAyZTMyMDQ0Ny04OWQzLTQ2YjgtYjQ1Ny1jZDM2NzUyNDBhN2YxLTE3Nzg4NjM1NDcwMDExMzMyLTAwMzNjYzk3MmU4NTE0Yjk5N2UxMyIsInJkIjoiaW9wLm9yZyJ9,0,200.0,no PDF link found on OA page
10.1088/1361-6528/acc036,,failed,hybrid,publisher,https://iopscience.iop.org/article/10.1088/1361-6528/acc036/pdf,https://validate.perfdrive.com/fb803c746e9148689b3984a31fccd902/?ssa=b79eb114-dae3-43de-ae27-8c371aa0a70f&ssb=53107202577&ssc=https%3A%2F%2Fiopscience.iop.org%2Farticle%2F10.1088%2F1361-6528%2Facc036%2Fpdf&ssi=966686d4-cnvj-4cbd-a207-0cb76c583116&ssk=botmanager_support@radware.com&ssm=81762947821263421131269263074895&ssn=0310eae1966ba0de56aeed9e6d38e91c514415c7ad51-9907-4179-a31448&sso=d150a124-514c0f5e11f63b7442066806c962e2f2be1aab2a647ad838&ssp=45858638391778869919177880279441599&ssq=38293086355095264233663549094528699411569&ssr=MTgyLjY5LjE3Ni4xMA==&sst=ALD%20corpus%20builder%20(mailto:dabeetkd24@iitk.ac.in)&ssu=&ssv=&ssw=&ssx=eyJfX3V6bWYiOiI3ZjkwMDAxNWM3YWQ1MS05OTA3LTQxNzktYTEyNC01MTRjMGY1ZTExZjYxLTE3Nzg4NjM1NDkxMzgxMzE2LTAwMzgwOTAxYmFlMjZkMWMwOTYxMyIsInJkIjoiaW9wLm9yZyIsInV6bXgiOiI3ZjkwMDAwYzJkZjY3Mi0xOGU5LTQ5MjAtOGJiMy1jMmJkNGE1MWFjZjgxLTE3Nzg4NjM1NDkxMzgxMzE2LWQ1ZTE2Zjk4ODIyNWQyN2UxMyJ9,0,200.0,no PDF link found on OA page
10.1088/1361-6528/acc038,,failed,hybrid,publisher,https://iopscience.iop.org/article/10.1088/1361-6528/acc038/pdf,https://validate.perfdrive.com/fb803c746e9148689b3984a31fccd902/?ssa=6ed75a05-a191-4d60-899b-3af6317ff300&ssb=52984272765&ssc=https%3A%2F%2Fiopscience.iop.org%2Farticle%2F10.1088%2F1361-6528%2Facc038%2Fpdf&ssi=76c044a0-cnvj-4ccb-b816-f8a3364bb8ed&ssk=botmanager_support@radware.com&ssm=51794530087287821134021848277361&ssn=29d0400cb85696a0e1d047ea214788deba36180cb113-1ff6-45af-bf1eb1&sso=5c530548-10b7c878e60477c087c6a9a283d32b69dad1b0ff6fdda372&ssp=89816530771778859057177889879488782&ssq=37220616355156368209263549162556200756882&ssr=MTgyLjY5LjE3Ni4xMA==&sst=ALD%20corpus%20builder%20(mailto:dabeetkd24@iitk.ac.in)&ssu=&ssv=&ssw=&ssx=eyJyZCI6ImlvcC5vcmciLCJ1em14IjoiN2Y5MDAwYTlmZTk5NzYtYTllNi00YmE1LWJlODAtMWNiZTg1OGNjZTJiMS0xNzc4ODYzNTQ5ODg3MTE3Mi0xNGIzMzI5M2Q5YzJiZmMwMTMiLCJfX3V6bWYiOiI3ZjkwMDAxODBjYjExMy0xZmY2LTQ1YWYtYjU0OC0xMGI3Yzg3OGU2MDQxLTE3Nzg4NjM1NDk4ODcxMTcyLTAwMzIyYzQ4YzljNzFjODNiMmYxMyJ9,0,200.0,no PDF link found on OA page
10.1088/1361-6528/ace057,,failed,hybrid,publisher,https://doi.org/10.1088/1361-6528/ace057,https://validate.perfdrive.com/fb803c746e9148689b3984a31fccd902/?ssa=4759ca95-0512-46f9-8ad2-a7f723f2f17f&ssb=52984272765&ssc=https%3A%2F%2Fiopscience.iop.org%2Farticle%2F10.1088%2F1361-6528%2Face057&ssi=f1db217c-cnvj-4286-847c-a3f47ecf4d16&ssk=botmanager_support@radware.com&ssm=51794530087287821134021848277361&ssn=29d0400cffc4236c2e7017fce08688deba36dd37c057-8b25-47e3-8f1eb1&sso=5c5308f4-6b00c6a51a8677c087c6813d63280916f979c1b06fdda372&ssp=89816530771778859057177889879488782&ssq=37220616355156368209263550162556200756882&ssr=MTgyLjY5LjE3Ni4xMA==&sst=ALD%20corpus%20builder%20(mailto:dabeetkd24@iitk.ac.in)&ssu=&ssv=&ssw=&ssx=eyJyZCI6ImlvcC5vcmciLCJ1em14IjoiN2Y5MDAwNGNiZjg1NDMtNTQ3Yi00Zjc5LWI3ZmYtMjViNjRmNzc3ZjYxMS0xNzc4ODYzNTUwMTg2MTM5NC04MWRiMTMyMGU4YjhkNWI0MTMiLCJfX3V6bWYiOiI3ZjkwMDBkZDM3YzA1Ny04YjI1LTQ3ZTMtODhmNC02YjAwYzZhNTFhODYxLTE3Nzg4NjM1NTAxODYxMzk0LTAwM2M0ZDZmNTY2MjdlYWY2YTYxMyJ9,0,200.0,no PDF link found on OA page
10.1088/1361-6528/ad0d23,,failed,hybrid,publisher,https://doi.org/10.1088/1361-6528/ad0d23,https://validate.perfdrive.com/fb803c746e9148689b3984a31fccd902/?ssa=34dd5342-ecf7-44ac-b802-59a518077ffc&ssb=58338290814&ssc=https%3A%2F%2Fiopscience.iop.org%2Farticle%2F10.1088%2F1361-6528%2Fad0d23&ssi=105972d4-cnvj-4c57-9b20-df2cf1b985a9&ssk=botmanager_support@radware.com&ssm=03648805299287877133601329568155&ssn=6b5656aea8aaed22cca350f7a5b004ea07b758ad07c8-3362-49a5-a1b004&sso=5a11277c-cc6382fedefc8a193bf7670c6808ec929aa88e193e48638d&ssp=69309961141778881266177889515616681&ssq=26231116355338253442263551055799047355455&ssr=MTgyLjY5LjE3Ni4xMA==&sst=ALD%20corpus%20builder%20(mailto:dabeetkd24@iitk.ac.in)&ssu=&ssv=&ssw=&ssx=eyJ1em14IjoiN2Y5MDAwM2E2MWUyYjAtNWVkMC00YTRlLWI2ZWUtMzFjMTY2ZTVhMDFiMS0xNzc4ODYzNTUxMTMwMjQzNi1hODgzYmZkOTJjOTg4MjBlMTMiLCJfX3V6bWYiOiI3ZjkwMDA1OGFkMDdjOC0zMzYyLTQ5YTUtYTc3Yy1jYzYzODJmZWRlZmMxLTE3Nzg4NjM1NTExMzAyNDM2LTAwM2JmZDQ1OGQ0OTUxMTc2NGUxMyIsInJkIjoiaW9wLm9yZyJ9,0,200.0,no PDF link found on OA page
10.1088/1361-6528/ad1059,,failed,hybrid,publisher,https://iopscience.iop.org/article/10.1088/1361-6528/ad1059/pdf,https://validate.perfdrive.com/fb803c746e9148689b3984a31fccd902/?ssa=57399903-4d9f-47fc-bebe-d3f2d985605a&ssb=47089283604&ssc=https%3A%2F%2Fiopscience.iop.org%2Farticle%2F10.1088%2F1361-6528%2Fad1059%2Fpdf&ssi=59b8c4ae-cnvj-4832-91f2-3d1b810087dc&ssk=botmanager_support@radware.com&ssm=20722395481069178132007437110130&ssn=c7b012ff83bd1c7a6c22f7accf98234787f3b9be6341-e59a-4b8b-b759d5&sso=5b82a3dc-36b99419dfa59e51e1c174e9038395b1826d03e8ae12a2fa&ssp=69570085941778811206177889004537427&ssq=30628666355484800494663552683683653463903&ssr=MTgyLjY5LjE3Ni4xMA==&sst=ALD%20corpus%20builder%20(mailto:dabeetkd24@iitk.ac.in)&ssu=&ssv=&ssw=&ssx=eyJ1em14IjoiN2Y5MDAwNDI4ZjMyNWQtY2U4ZS00YjNhLWI0Y2EtY2E2N2JjODkwOTExMS0xNzc4ODYzNTUyMjAwMjExMS0yYzEwY2Q4NWY4YjU2YTAzMTMiLCJfX3V6bWYiOiI3ZjkwMDBiOWJlNjM0MS1lNTlhLTRiOGItYjNkYy0zNmI5OTQxOWRmYTUxLTE3Nzg4NjM1NTIyMDAyMTExLTAwM2EzMDdmNDExZGE3ZDY0ZmUxMyIsInJkIjoiaW9wLm9yZyJ9,0,200.0,no PDF link found on OA page
10.1088/1361-6528/ad2573,,failed,bronze,publisher,https://iopscience.iop.org/article/10.1088/1361-6528/ad2573/pdf,https://validate.perfdrive.com/fb803c746e9148689b3984a31fccd902/?ssa=4e75616b-3615-4112-9d46-068b95bb0bc2&ssb=09075255124&ssc=https%3A%2F%2Fiopscience.iop.org%2Farticle%2F10.1088%2F1361-6528%2Fad2573%2Fpdf&ssi=32902f99-cnvj-462a-95b2-9276895f8dea&ssk=botmanager_support@radware.com&ssm=57115748181081658134490572295322&ssn=ec0f20d03e48d9b4d74ed9c3568140603cae94e22603-7279-4f5d-a71a62&sso=025e9393-c86c81995df6ccd3f0d21297de382d21d1c211bb2d552ae5&ssp=49213423151778871350177889958090830&ssq=17320976355586094520963553653088980963683&ssr=MTgyLjY5LjE3Ni4xMA==&sst=ALD%20corpus%20builder%20(mailto:dabeetkd24@iitk.ac.in)&ssu=&ssv=&ssw=&ssx=eyJ1em14IjoiN2Y5MDAwOTAzMDM2YzktOTNlYi00MjUyLWExZjEtZDY4MjVlZGNhZjdiMS0xNzc4ODYzNTUzODU3MTE5OC0yOWI1MzYyMmQzNjY2MjgxMTMiLCJfX3V6bWYiOiI3ZjkwMDA5NGUyMjYwMy03Mjc5LTRmNWQtYTM5My1jODZjODE5OTVkZjYxLTE3Nzg4NjM1NTM4NTcxMTk4LTAwM2JjMTgzY2I0MDNjMTg0NTMxMyIsInJkIjoiaW9wLm9yZyJ9,0,200.0,no PDF link found on OA page
10.1088/1361-6528/ad28d6,,failed,bronze,publisher,https://iopscience.iop.org/article/10.1088/1361-6528/ad28d6/pdf,https://validate.perfdrive.com/fb803c746e9148689b3984a31fccd902/?ssa=75c88fda-465f-4b68-bb3c-6945347ace6a&ssb=47089283604&ssc=https%3A%2F%2Fiopscience.iop.org%2Farticle%2F10.1088%2F1361-6528%2Fad28d6%2Fpdf&ssi=38d8df7b-cnvj-4037-a3e6-792fdb60e5ac&ssk=botmanager_support@radware.com&ssm=20722395481069178132007437110130&ssn=c7b012ffa4929b847745ba16cefa234787f384205846-4f3e-4c18-8759d5&sso=5b82ad6e-514adf8302059e51e1c17b5b7702523ea93f9b7dae12a2fa&ssp=69570085941778811206177889004537427&ssq=30628666355484800494663553683683653463903&ssr=MTgyLjY5LjE3Ni4xMA==&sst=ALD%20corpus%20builder%20(mailto:dabeetkd24@iitk.ac.in)&ssu=&ssv=&ssw=&ssx=eyJ1em14IjoiN2Y5MDAwMzBkOTJkZmYtYTM0NC00MTMyLThlYjAtMmJkNzVkNGQ4ZTRjMS0xNzc4ODYzNTUzNzgwMTE2MC04NzdmY2IzMTJhMGZhMjQ0MTMiLCJfX3V6bWYiOiI3ZjkwMDA4NDIwNTg0Ni00ZjNlLTRjMTgtOGQ2ZS01MTRhZGY4MzAyMDUxLTE3Nzg4NjM1NTM3ODAxMTYwLTAwMzlmOTAyNjA3NWY2OTY5NzkxMyIsInJkIjoiaW9wLm9yZyJ9,0,200.0,no PDF link found on OA page
10.1088/1361-6528/ad2e48,unpaywall_oa_0468.pdf,downloaded,green,repository,https://biblio.ugent.be/publication/01HZ46JF50FATWV5XYRDWJ4TGY/file/01JJPDED8Z9G351T92HRVHFRVC.pdf,https://backoffice.biblio.ugent.be/download/01HZ46JF50FATWV5XYRDWJ4TGY/01JJPDED8Z9G351T92HRVHFRVC,1071144,200.0,
10.1088/1361-6528/ad3740,,failed,hybrid,publisher,https://doi.org/10.1088/1361-6528/ad3740,https://validate.perfdrive.com/fb803c746e9148689b3984a31fccd902/?ssa=d405aae9-fae2-4e21-b39a-fb4e11cb837a&ssb=19633297292&ssc=https%3A%2F%2Fiopscience.iop.org%2Farticle%2F10.1088%2F1361-6528%2Fad3740&ssi=3b853195-cnvj-45a3-bbbb-63965049f196&ssk=botmanager_support@radware.com&ssm=62604976183941702139303549256287&ssn=77ec4fe19dae6efaaac92484eb408d6809392bbc9971-0d6d-45a2-b281fb&sso=311f1d7d-587c4fa3be76abe734f5da401fec63cf8ec416719711582c&ssp=69160589091778854952177883420385770&ssq=46817076355743254447263556389600808187217&ssr=MTgyLjY5LjE3Ni4xMA==&sst=ALD%20corpus%20builder%20(mailto:dabeetkd24@iitk.ac.in)&ssu=&ssv=&ssw=&ssx=eyJ1em14IjoiN2Y5MDAwMWI3NDY3NTktNGFjNi00YWEzLWI1NjYtNjczZGUzN2EzOTRiMS0xNzc4ODYzNTU2MTU4MTQwMi1lY2NlMmM0ZGVkNmIxYTE3MTMiLCJfX3V6bWYiOiI3ZjkwMDAyYmJjOTk3MS0wZDZkLTQ1YTItYmQ3ZC01ODdjNGZhM2JlNzYxLTE3Nzg4NjM1NTYxNTgxNDAyLTAwM2EyNzdiOTRjM2NhNDI1MTMxMyIsInJkIjoiaW9wLm9yZyJ9,0,200.0,no PDF link found on OA page
10.1088/1361-6528/ad3743,,failed,hybrid,publisher,https://iopscience.iop.org/article/10.1088/1361-6528/ad3743/pdf,https://validate.perfdrive.com/fb803c746e9148689b3984a31fccd902/?ssa=79235cef-9847-4257-9977-926fe57bc13d&ssb=19633297292&ssc=https%3A%2F%2Fiopscience.iop.org%2Farticle%2F10.1088%2F1361-6528%2Fad3743%2Fpdf&ssi=283ca267-cnvj-45b9-92fe-ba597d983faf&ssk=botmanager_support@radware.com&ssm=62604976183941702139303549256287&ssn=77ec4fe1ad0978ba6b2752269b218d680939478edb9f-f673-488d-9281fb&sso=311f11e2-ffa7fdba654aabe734f50b4573fddaeb124c182a9711582c&ssp=69160589091778854952177883420385770&ssq=46817076355743254447263556389600808187217&ssr=MTgyLjY5LjE3Ni4xMA==&sst=ALD%20corpus%20builder%20(mailto:dabeetkd24@iitk.ac.in)&ssu=&ssv=&ssw=&ssx=eyJyZCI6ImlvcC5vcmciLCJ1em14IjoiN2Y5MDAwMjBiYzdkZGItNDJmMS00YmUyLWFlNTktNGM5OGNhOGI3M2UzMS0xNzc4ODYzNTU2NjcyMTIzMi0wMjY5Y2Y0YTU4ZWI2Yzg3MTMiLCJfX3V6bWYiOiI3ZjkwMDA0NzhlZGI5Zi1mNjczLTQ4OGQtOTFlMi1mZmE3ZmRiYTY1NGExLTE3Nzg4NjM1NTY2NzIxMjMyLTAwMzhjZTRhODI4YWI1MzQxYWYxMyJ9,0,200.0,no PDF link found on OA page
10.1088/1361-6528/ad5afd,unpaywall_oa_0472.pdf,downloaded,hybrid,publisher,https://hal.science/hal-04654757/document,https://hal.science/hal-04654757/document,1832998,200.0,alt_location:repository:url_for_pdf
10.1088/1361-6528/ad644f,,failed,hybrid,publisher,https://iopscience.iop.org/article/10.1088/1361-6528/ad644f/pdf,https://validate.perfdrive.com/fb803c746e9148689b3984a31fccd902/?ssa=cc4a4bf5-706c-48fa-9d6c-14f9cc37987e&ssb=73527297417&ssc=https%3A%2F%2Fiopscience.iop.org%2Farticle%2F10.1088%2F1361-6528%2Fad644f%2Fpdf&ssi=d82d3951-cnvj-4f8e-b4fd-7ff48810be3c&ssk=botmanager_support@radware.com&ssm=49812607657654132134631890022555&ssn=8ab9dde41529e7838a863c23904c693cea0673a2761d-6f1d-4917-ba6d75&sso=2244805a-b43c62741e3607e326d65fd6b12017afcc735ed93dc31cd9&ssp=76245713491778824576177884539288985&ssq=70608606356007980083363559367782495543075&ssr=MTgyLjY5LjE3Ni4xMA==&sst=ALD%20corpus%20builder%20(mailto:dabeetkd24@iitk.ac.in)&ssu=&ssv=&ssw=&ssx=eyJyZCI6ImlvcC5vcmciLCJfX3V6bWYiOiI3ZjkwMDA3M2EyNzYxZC02ZjFkLTQ5MTctYjA1YS1iNDNjNjI3NDFlMzYxLTE3Nzg4NjM1NTkyNzAxMjYzLTAwMzJlNGZlYmNiNzc3Mjg1YTkxMyIsInV6bXgiOiI3ZjkwMDAyNjBhYzUzZC04NmNkLTRiODAtYWU1Ni1mNGExZTU1YTgzZDcxLTE3Nzg4NjM1NTkyNzAxMjYzLTAyNDM5MzY5NjZlZTMwNGMxMyJ9,0,200.0,no PDF link found on OA page
10.1088/1361-6528/ad8163,,failed,hybrid,publisher,https://doi.org/10.1088/1361-6528/ad8163,https://validate.perfdrive.com/fb803c746e9148689b3984a31fccd902/?ssa=504d5e8b-7d13-4ec4-8231-47275495a2ca&ssb=02199218591&ssc=https%3A%2F%2Fiopscience.iop.org%2Farticle%2F10.1088%2F1361-6528%2Fad8163&ssi=c4cb0305-cnvj-4bdc-a15d-112b90b1dd85&ssk=botmanager_support@radware.com&ssm=76682310785153045130145714514322&ssn=9c51b333098eca3139392b6ab622f2e251178a908bbf-cd93-4237-81df87&sso=c246f966-c01bb8099e5767d03fdc6bdb6692f953f22bc0d3a7f2541f&ssp=02844008951778849122177885077298521&ssq=70776176356100714935063560434469396568434&ssr=MTgyLjY5LjE3Ni4xMA==&sst=ALD%20corpus%20builder%20(mailto:dabeetkd24@iitk.ac.in)&ssu=&ssv=&ssw=&ssx=eyJfX3V6bWYiOiI3ZjkwMDA4YTkwOGJiZi1jZDkzLTQyMzctODk2Ni1jMDFiYjgwOTllNTcxLTE3Nzg4NjM1NjAwNDkxNDQ0LTAwMzZlYzhiMzU3MDM3YTc0N2ExMyIsInJkIjoiaW9wLm9yZyIsInV6bXgiOiI3ZjkwMDA2NzYxMDUwYS1lNWY4LTRjZGQtYmE4ZC1lODY1ODE2YTA2YzkxLTE3Nzg4NjM1NjAwNDkxNDQ0LTFiMGVhYmMwODQzMjdkOTYxMyJ9,0,200.0,no PDF link found on OA page
10.1088/1367-2630/ad0c83,,failed,gold,publisher,http://dx.doi.org/10.1088/1367-2630/ad0c83,https://validate.perfdrive.com/fb803c746e9148689b3984a31fccd902/?ssa=4f01ca41-e63a-4a3d-a57b-13ab73d9761d&ssb=02199218591&ssc=https%3A%2F%2Fiopscience.iop.org%2Farticle%2F10.1088%2F1367-2630%2Fad0c83&ssi=57d3b687-cnvj-4f29-8b4e-1a9a3d31c5d5&ssk=botmanager_support@radware.com&ssm=76682310785153045130145714514322&ssn=9c51b333da47a9dba8571e42e72df2e25117040662ce-17ca-493e-b1df87&sso=c246ffcf-239a80324d2967d03fdceb59de593ce955729bb8a7f2541f&ssp=02844008951778849122177885077298521&ssq=70776176356100714935063560434469396568434&ssr=MTgyLjY5LjE3Ni4xMA==&sst=ALD%20corpus%20builder%20(mailto:dabeetkd24@iitk.ac.in)&ssu=&ssv=&ssw=&ssx=eyJ1em14IjoiN2Y5MDAwYTAwODBhMzktZDI5Yi00MDZkLTk1ZGItMDkzOWYxNTg0MjllMS0xNzc4ODYzNTYwMzE1MTM2OC02ZDliM2QwOTMzN2IyZWFjMTMiLCJfX3V6bWYiOiI3ZjkwMDAwNDA2NjJjZS0xN2NhLTQ5M2UtYmZjZi0yMzlhODAzMjRkMjkxLTE3Nzg4NjM1NjAzMTUxMzY4LTAwMzcxOWY3ODgxYjZjNDVlMDIxMyIsInJkIjoiaW9wLm9yZyJ9,0,200.0,no PDF link found on OA page
10.1088/1742-6596/2240/1/012002,,failed,gold,publisher,https://doi.org/10.1088/1742-6596/2240/1/012002,https://validate.perfdrive.com/fb803c746e9148689b3984a31fccd902/?ssa=56dff125-2183-43ae-bdfc-77d7d7dc86ff&ssb=94964225101&ssc=https%3A%2F%2Fiopscience.iop.org%2Farticle%2F10.1088%2F1742-6596%2F2240%2F1%2F012002&ssi=7ee03a71-cnvj-40fd-9275-76e71885f8f0&ssk=botmanager_support@radware.com&ssm=72143116240145985130791276386422&ssn=e8eb04b191bde7c90cdb3fe33f0c5d0c1af2138f9079-8d78-4403-b78ebe&sso=0fdbe013-fcc87d2343894ea0819d341754cd692a00ebe4b0d73e52ce&ssp=65591176161778873962177886555823365&ssq=82074206356390407739163561494475183091388&ssr=MTgyLjY5LjE3Ni4xMA==&sst=ALD%20corpus%20builder%20(mailto:dabeetkd24@iitk.ac.in)&ssu=&ssv=&ssw=&ssx=eyJ1em14IjoiN2Y5MDAwMGRmOTUyZmMtMWU4My00MTU4LWEyNTUtYmExMTc2ZjI4MThiMS0xNzc4ODYzNTYxNDQ0MTU4MC0zZTZhMjBlYjI3Zjk0YThhMTMiLCJfX3V6bWYiOiI3ZjkwMDAxMzhmOTA3OS04ZDc4LTQ0MDMtYjAxMy1mY2M4N2QyMzQzODkxLTE3Nzg4NjM1NjE0NDQxNTgwLTAwMzM4MDcxZTk3M2E1ZGI1ZTMxMyIsInJkIjoiaW9wLm9yZyJ9,0,200.0,no PDF link found on OA page
10.1088/1742-6596/2240/1/012004,,failed,gold,publisher,https://doi.org/10.1088/1742-6596/2240/1/012004,https://validate.perfdrive.com/fb803c746e9148689b3984a31fccd902/?ssa=6d5c37f4-95a0-4ed8-bd6b-e2275818fba9&ssb=94964225101&ssc=https%3A%2F%2Fiopscience.iop.org%2Farticle%2F10.1088%2F1742-6596%2F2240%2F1%2F012004&ssi=b6e89bac-cnvj-4de5-b9a4-d6f0ac5e452d&ssk=botmanager_support@radware.com&ssm=72143116240145985130791276386422&ssn=e8eb04b199b67733b880dfd7e4cd5d0c1af2aa6845dc-c020-4c54-878ebe&sso=0fdbeb2b-3bab48d1c32a4ea0819dc53991508660287dc14bd73e52ce&ssp=65591176161778873962177886555823365&ssq=82074206356390407739163562494475183091388&ssr=MTgyLjY5LjE3Ni4xMA==&sst=ALD%20corpus%20builder%20(mailto:dabeetkd24@iitk.ac.in)&ssu=&ssv=&ssw=&ssx=eyJfX3V6bWYiOiI3ZjkwMDBhYTY4NDVkYy1jMDIwLTRjNTQtOGIyYi0zYmFiNDhkMWMzMmExLTE3Nzg4NjM1NjI0MTkxNDA3LTAwMzkyYWIyOWRiMTEwODdlYzkxMyIsInJkIjoiaW9wLm9yZyIsInV6bXgiOiI3ZjkwMDA4YmI5OTY2Mi1hNDA5LTQ1YjItYWYxMi02YWIwNDk0ZDA1NDYxLTE3Nzg4NjM1NjI0MTkxNDA3LTZmNmUwYTFhYmE2ZjVlZGUxMyJ9,0,200.0,no PDF link found on OA page
10.1088/1742-6596/2240/1/012005,,failed,gold,publisher,https://doi.org/10.1088/1742-6596/2240/1/012005,https://validate.perfdrive.com/fb803c746e9148689b3984a31fccd902/?ssa=2a7dad89-e254-48e2-83fb-87c0eea2cc60&ssb=41589222199&ssc=https%3A%2F%2Fiopscience.iop.org%2Farticle%2F10.1088%2F1742-6596%2F2240%2F1%2F012005&ssi=ce67afd5-cnvj-485c-b82b-b5e938d52ba3&ssk=botmanager_support@radware.com&ssm=26091487952066341130760478382814&ssn=9ea6884eab4f4ba001e2a83d5cd1a00a5d90653c564f-3be5-4a81-9a513a&sso=2b300d45-0e9cfcececde30bd13551ff8fd67db427b6a4ca69ea8d7cf&ssp=92410731031778888735177881722579491&ssq=42579786356464267692263563294365432550631&ssr=MTgyLjY5LjE3Ni4xMA==&sst=ALD%20corpus%20builder%20(mailto:dabeetkd24@iitk.ac.in)&ssu=&ssv=&ssw=&ssx=eyJfX3V6bWYiOiI3ZjkwMDA2NTNjNTY0Zi0zYmU1LTRhODEtOWQ0NS0wZTljZmNlY2VjZGUxLTE3Nzg4NjM1NjMzODAxNDUyLTAwM2M2Y2FlOWI5YTkzYTFjMmExMyIsInV6bXgiOiI3ZjkwMDAzNjZiYTk0Yi00Y2E4LTRjMDItYTIxNC1iNDJkNDZjYjg0NjExLTE3Nzg4NjM1NjMzODAxNDUyLWNmNjQ0ZTY5NWQ5YmFmZGExMyIsInJkIjoiaW9wLm9yZyJ9,0,200.0,no PDF link found on OA page
10.1088/1742-6596/2240/1/012046,,failed,gold,publisher,https://doi.org/10.1088/1742-6596/2240/1/012046,https://validate.perfdrive.com/fb803c746e9148689b3984a31fccd902/?ssa=8187167e-6fc5-40ae-b893-838299f298cc&ssb=99725254096&ssc=https%3A%2F%2Fiopscience.iop.org%2Farticle%2F10.1088%2F1742-6596%2F2240%2F1%2F012046&ssi=9ccb7bf6-cnvj-43fd-a697-1b188c991765&ssk=botmanager_support@radware.com&ssm=82996737362939855133638872043924&ssn=ada3e5242505a940b81e1a431080d787f011c0660879-b4bc-4694-88c8b4&sso=e7e40a32-ac112ae370f62c6afcd696deaac8fe3e49f5b4f0ac33e1ea&ssp=32596938151778816105177881745016272&ssq=16325516356577872016363563938451084758816&ssr=MTgyLjY5LjE3Ni4xMA==&sst=ALD%20corpus%20builder%20(mailto:dabeetkd24@iitk.ac.in)&ssu=&ssv=&ssw=&ssx=eyJyZCI6ImlvcC5vcmciLCJ1em14IjoiN2Y5MDAwNzE5NDUwMzAtYzZmNS00YzIwLWEyZTAtNjg5NjdiNzA4ZmQ2MS0xNzc4ODYzNTYzNjE5MTU4NC1lNDZmNmVmM2Q4MThkOGE4MTMiLCJfX3V6bWYiOiI3ZjkwMDBjMDY2MDg3OS1iNGJjLTQ2OTQtOGEzMi1hYzExMmFlMzcwZjYxLTE3Nzg4NjM1NjM2MTkxNTg0LTAwM2FmZjNjZjRlMzRjYTUwZTcxMyJ9,0,200.0,no PDF link found on OA page
10.1088/1742-6596/2436/1/012015,,failed,gold,publisher,https://doi.org/10.1088/1742-6596/2436/1/012015,https://validate.perfdrive.com/fb803c746e9148689b3984a31fccd902/?ssa=664f8f6c-6bb3-4806-bded-1f11870cf8ae&ssb=16382214808&ssc=https%3A%2F%2Fiopscience.iop.org%2Farticle%2F10.1088%2F1742-6596%2F2436%2F1%2F012015&ssi=52003df3-cnvj-43ee-aa21-4c14e4b3bd5e&ssk=botmanager_support@radware.com&ssm=14976054469660433134541646055135&ssn=68b026cde9fe6f6898a51129c3fb0942470f96a5ba55-2243-4a86-99dd06&sso=f7b00d02-5b012b12f3b309855f35f98316b6d98fd301555e6cfb5d4e&ssp=92483225361778895735177881036129186&ssq=78179246356633563341863565022767298451543&ssr=MTgyLjY5LjE3Ni4xMA==&sst=ALD%20corpus%20builder%20(mailto:dabeetkd24@iitk.ac.in)&ssu=&ssv=&ssw=&ssx=eyJfX3V6bWYiOiI3ZjkwMDA5NmE1YmE1NS0yMjQzLTRhODYtOWQwMi01YjAxMmIxMmYzYjMxLTE3Nzg4NjM1NjUxNTkxMzkyLTAwM2I3YTI3NjViMTI3ZDZlN2MxMyIsInJkIjoiaW9wLm9yZyIsInV6bXgiOiI3ZjkwMDAzNDZhMDE0Ni0wNmUwLTQzZjUtYTJjMC03MmI1YmQyZWQ4Y2ExLTE3Nzg4NjM1NjUxNTkxMzkyLWE3OGEwYTdmMGFlM2NiY2ExMyJ9,0,200.0,no PDF link found on OA page
10.1088/1742-6596/2436/1/012016,,failed,gold,publisher,https://iopscience.iop.org/article/10.1088/1742-6596/2436/1/012016/pdf,https://validate.perfdrive.com/fb803c746e9148689b3984a31fccd902/?ssa=6410ea58-b251-433c-9983-37ca16b76b05&ssb=16382214808&ssc=https%3A%2F%2Fiopscience.iop.org%2Farticle%2F10.1088%2F1742-6596%2F2436%2F1%2F012016%2Fpdf&ssi=90b7e9c5-cnvj-4cbf-86fb-dd6144e82490&ssk=botmanager_support@radware.com&ssm=14976054469660433134541646055135&ssn=68b026cd12206ed7188e06e2037d0942470f8fc456b9-8bea-4554-a9dd06&sso=f7b0067b-54d29babdb9709855f35cc021aa1610b54a66c636cfb5d4e&ssp=92483225361778895735177881036129186&ssq=78179246356633563341863565022767298451543&ssr=MTgyLjY5LjE3Ni4xMA==&sst=ALD%20corpus%20builder%20(mailto:dabeetkd24@iitk.ac.in)&ssu=&ssv=&ssw=&ssx=eyJyZCI6ImlvcC5vcmciLCJ1em14IjoiN2Y5MDAwYmJiNWUxNGMtZWUyMi00NWNlLWFmYzMtOGMyNGMzZGM3N2U1MS0xNzc4ODYzNTY1NTI0MTIwOC01NWU0MTQxOTI3ZDYyODFiMTMiLCJfX3V6bWYiOiI3ZjkwMDA4ZmM0NTZiOS04YmVhLTQ1NTQtYTY3Yi01NGQyOWJhYmRiOTcxLTE3Nzg4NjM1NjU1MjQxMjA4LTAwMzdhNzI3N2UyODk1NjdmMDMxMyJ9,0,200.0,no PDF link found on OA page
10.1088/1742-6596/2710/1/012027,,failed,gold,publisher,https://doi.org/10.1088/1742-6596/2710/1/012027,https://validate.perfdrive.com/fb803c746e9148689b3984a31fccd902/?ssa=d0985147-30a7-47d9-b8b3-406ed8de41b1&ssb=56539236558&ssc=https%3A%2F%2Fiopscience.iop.org%2Farticle%2F10.1088%2F1742-6596%2F2710%2F1%2F012027&ssi=dfa878bc-cnvj-46ea-9de1-7eda4149f21b&ssk=botmanager_support@radware.com&ssm=19732534635728165139477928329168&ssn=452bf95caaed25688008a9b19e4c7e435ee87f01f52f-fcad-4e38-9dfb43&sso=c917de13-ea6f232be511c43cef4b0f45236c54207dad634c462b3f15&ssp=96505891681778823582177881399809730&ssq=34146426356867349605063566952522905570943&ssr=MTgyLjY5LjE3Ni4xMA==&sst=ALD%20corpus%20builder%20(mailto:dabeetkd24@iitk.ac.in)&ssu=&ssv=&ssw=&ssx=eyJfX3V6bWYiOiI3ZjkwMDA3ZjAxZjUyZi1mY2FkLTRlMzgtOWUxMy1lYTZmMjMyYmU1MTExLTE3Nzg4NjM1NjY3MjUxNzExLTAwM2RmNDI5OTNkZDczZWU1ODQxMyIsInJkIjoiaW9wLm9yZyIsInV6bXgiOiI3ZjkwMDAyY2UyZmJhZC0zODQzLTQ3YTItYWZmOS00YThkNDQ1ZWYzM2QxLTE3Nzg4NjM1NjY3MjUxNzExLTEzMmJiNTViMmE3OGZjYzYxMyJ9,0,200.0,no PDF link found on OA page
10.1088/1742-6596/3068/1/012072,,failed,gold,publisher,https://doi.org/10.1088/1742-6596/3068/1/012072,https://validate.perfdrive.com/fb803c746e9148689b3984a31fccd902/?ssa=02a99238-51fd-456e-96bd-e2dac20fead7&ssb=56539236558&ssc=https%3A%2F%2Fiopscience.iop.org%2Farticle%2F10.1088%2F1742-6596%2F3068%2F1%2F012072&ssi=ecc839f4-cnvj-437e-a722-a545ffe0a6fb&ssk=botmanager_support@radware.com&ssm=19732534635728165139477928329168&ssn=452bf95c5c5aee8b0ac9f935ddaf7e435ee818290510-dc89-4a71-8dfb43&sso=c917dce3-2f896a3bdcd4c43cef4b3bf989e814770a09a831462b3f15&ssp=96505891681778823582177881399809730&ssq=34146426356867349605063567952522905570943&ssr=MTgyLjY5LjE3Ni4xMA==&sst=ALD%20corpus%20builder%20(mailto:dabeetkd24@iitk.ac.in)&ssu=&ssv=&ssw=&ssx=eyJyZCI6ImlvcC5vcmciLCJ1em14IjoiN2Y5MDAwZGNjODYzYzEtNGQ0NC00YjBmLTlkNmYtNWI2NDY2OWNkOTk1MS0xNzc4ODYzNTY3MzcwMTUwMy03MGE2ODcwNzE3OWQ4ZTNjMTMiLCJfX3V6bWYiOiI3ZjkwMDAxODI5MDUxMC1kYzg5LTRhNzEtOGNlMy0yZjg5NmEzYmRjZDQxLTE3Nzg4NjM1NjczNzAxNTAzLTAwMzE2MWY3Y2Y2NWEyN2I1YTUxMyJ9,0,200.0,no PDF link found on OA page
10.1088/1748-605X/ada841,,failed,hybrid,publisher,https://iopscience.iop.org/article/10.1088/1748-605X/ada841/pdf,https://validate.perfdrive.com/fb803c746e9148689b3984a31fccd902/?ssa=d189d879-e508-43de-8f00-1f51248c561a&ssb=56539236558&ssc=https%3A%2F%2Fiopscience.iop.org%2Farticle%2F10.1088%2F1748-605X%2Fada841%2Fpdf&ssi=dd7a1b24-cnvj-45c8-a367-71c466d73902&ssk=botmanager_support@radware.com&ssm=19732534635728165139477928329168&ssn=452bf95cff0cc8239b249fc8f5147e435ee8f35c274a-0973-4e54-9dfb43&sso=c917db7e-0169d2be88bec43cef4b9f0860942e5beb1b6871462b3f15&ssp=96505891681778823582177881399809730&ssq=34146426356867349605063567952522905570943&ssr=MTgyLjY5LjE3Ni4xMA==&sst=ALD%20corpus%20builder%20(mailto:dabeetkd24@iitk.ac.in)&ssu=&ssv=&ssw=&ssx=eyJ1em14IjoiN2Y5MDAwZDNjMzlmNGYtNDVjNC00ZDM1LTkxNGYtNjUwN2E5ZDZhNjk2MS0xNzc4ODYzNTY3NjA3MTI2OC01ZDlhNTNjYzUwYTkzZjAyMTMiLCJyZCI6ImlvcC5vcmciLCJfX3V6bWYiOiI3ZjkwMDBmMzVjMjc0YS0wOTczLTRlNTQtOWI3ZS0wMTY5ZDJiZTg4YmUxLTE3Nzg4NjM1Njc2MDcxMjY4LTAwMzRkZGZkOWE3MzVlMDFkMmExMyJ9,0,200.0,no PDF link found on OA page
10.1088/2053-1583/adda02,,failed,hybrid,publisher,https://doi.org/10.1088/2053-1583/adda02,https://validate.perfdrive.com/fb803c746e9148689b3984a31fccd902/?ssa=7fc277e4-d64e-4d92-88a7-f6bc243d5749&ssb=33668205183&ssc=https%3A%2F%2Fiopscience.iop.org%2Farticle%2F10.1088%2F2053-1583%2Fadda02&ssi=c1e9411d-cnvj-4d26-ad1b-17235e3f99f5&ssk=botmanager_support@radware.com&ssm=76017809895032366137094597390612&ssn=11724a98c143c2554ba5e468af6bfbd1ff46b0dc8ba9-d39b-4d6e-bc4774&sso=1096c989-4e911c358e8cccd9ae18f5e4da85c033802e5182dc0f9af0&ssp=17740723221778892397177882084076008&ssq=70555816357089120234163568786635785972880&ssr=MTgyLjY5LjE3Ni4xMA==&sst=ALD%20corpus%20builder%20(mailto:dabeetkd24@iitk.ac.in)&ssu=&ssv=&ssw=&ssx=eyJfX3V6bWYiOiI3ZjkwMDBiMGRjOGJhOS1kMzliLTRkNmUtYjk4OS00ZTkxMWMzNThlOGMxLTE3Nzg4NjM1Njg3NzMxNzM4LTAwMzI0MTI3YWYzZGMxNjU0ZTAxMyIsInJkIjoiaW9wLm9yZyIsInV6bXgiOiI3ZjkwMDBiZjFlZmMzNi1jZjA2LTQ0NjctOTFmMS1kNWJkOTQ3OTk2ZWIxLTE3Nzg4NjM1Njg3NzMxNzM4LTY2NzdmNzY1MGE5ZDUzOTIxMyJ9,0,200.0,no PDF link found on OA page
10.1088/2053-1591/ac9959,unpaywall_oa_0486.pdf,downloaded,gold,publisher,https://www.osti.gov/servlets/purl/2425477,https://www.osti.gov/servlets/purl/2425477,1805880,200.0,alt_location:repository:url_for_pdf
10.1088/2053-1591/acedee,,failed,gold,publisher,https://iopscience.iop.org/article/10.1088/2053-1591/acedee/pdf,https://validate.perfdrive.com/fb803c746e9148689b3984a31fccd902/?ssa=8331fe55-f476-4801-a20e-25825f87ea64&ssb=80050291504&ssc=https%3A%2F%2Fiopscience.iop.org%2Farticle%2F10.1088%2F2053-1591%2Facedee%2Fpdf&ssi=07240f5d-cnvj-4740-9d24-8e1b17b34965&ssk=botmanager_support@radware.com&ssm=26866415037646624134545264312329&ssn=f300062be2f91f2f1497411a2fc6989229c4035f052f-b750-4c80-839285&sso=e9ea89ce-01d5179cdac72768bf6601491de4fcc13d25da26e7d38236&ssp=20153408221778855665177886191316140&ssq=10857326357110509475763570467778007942423&ssr=MTgyLjY5LjE3Ni4xMA==&sst=ALD%20corpus%20builder%20(mailto:dabeetkd24@iitk.ac.in)&ssu=&ssv=&ssw=&ssx=eyJfX3V6bWYiOiI3ZjkwMDAwMzVmMDUyZi1iNzUwLTRjODAtODljZS0wMWQ1MTc5Y2RhYzcxLTE3Nzg4NjM1NzAyMjExMjE0LTAwM2U0M2VhYjBlYzM0YmY2YzIxMyIsInV6bXgiOiI3ZjkwMDA5NDM2NDQ2My00NzQwLTQ1YjAtYTQwOC1iYjM5OWNjZThjNGYxLTE3Nzg4NjM1NzAyMjExMjE0LTcwM2I2MWI5MDZiMDVlOWIxMyIsInJkIjoiaW9wLm9yZyJ9,0,200.0,no PDF link found on OA page
10.1088/2053-1591/acf650,,failed,gold,publisher,https://iopscience.iop.org/article/10.1088/2053-1591/acf650/pdf,https://validate.perfdrive.com/fb803c746e9148689b3984a31fccd902/?ssa=854cc694-2820-4a5e-9cd1-92bb44d051e2&ssb=80050291504&ssc=https%3A%2F%2Fiopscience.iop.org%2Farticle%2F10.1088%2F2053-1591%2Facf650%2Fpdf&ssi=835beab3-cnvj-459c-8a81-d4a8eeac3033&ssk=botmanager_support@radware.com&ssm=26866415037646624134545264312329&ssn=f300062bba97c461f635afd6e8a8989229c4180907dc-b73f-49c0-839285&sso=e9ea8c56-6d75ee71813c2768bf666a7ebcf40e6f8d9098aee7d38236&ssp=20153408221778855665177886191316140&ssq=10857326357110509475763570467778007942423&ssr=MTgyLjY5LjE3Ni4xMA==&sst=ALD%20corpus%20builder%20(mailto:dabeetkd24@iitk.ac.in)&ssu=&ssv=&ssw=&ssx=eyJfX3V6bWYiOiI3ZjkwMDAxODA5MDdkYy1iNzNmLTQ5YzAtOGM1Ni02ZDc1ZWU3MTgxM2MxLTE3Nzg4NjM1NzA0OTExMTg1LTAwMzJiNmJjYmUxMmFlY2U1ZjExMyIsInJkIjoiaW9wLm9yZyIsInV6bXgiOiI3ZjkwMDAyOWJiZGNmYi0zYzM1LTRmNDMtYjBiMS0yMjk3NjNlMDlkNWYxLTE3Nzg4NjM1NzA0OTExMTg1LThlOGI5ZjVhZmI3MTFmZTAxMyJ9,0,200.0,no PDF link found on OA page
10.1088/2058-6272/ad1fd9,,failed,hybrid,publisher,https://iopscience.iop.org/article/10.1088/2058-6272/ad1fd9/pdf,https://validate.perfdrive.com/fb803c746e9148689b3984a31fccd902/?ssa=5d614bc9-d21c-4230-b8eb-643e7de99adf&ssb=80050291504&ssc=https%3A%2F%2Fiopscience.iop.org%2Farticle%2F10.1088%2F2058-6272%2Fad1fd9%2Fpdf&ssi=7faf86e5-cnvj-4a69-a2dd-249e5d235a38&ssk=botmanager_support@radware.com&ssm=26866415037646624134545264312329&ssn=f300062b7881fcdaa8090ff5c1d9989229c4a5b8270d-c1d2-48c7-a39285&sso=e9ea84d0-1fa1c82cf54e2768bf66e47244a25b84580a4edae7d38236&ssp=20153408221778855665177886191316140&ssq=10857326357110509475763570467778007942423&ssr=MTgyLjY5LjE3Ni4xMA==&sst=ALD%20corpus%20builder%20(mailto:dabeetkd24@iitk.ac.in)&ssu=&ssv=&ssw=&ssx=eyJfX3V6bWYiOiI3ZjkwMDBhNWI4MjcwZC1jMWQyLTQ4YzctYTRkMC0xZmExYzgyY2Y1NGUxLTE3Nzg4NjM1NzA1ODcxMjEzLTAwMzA5Y2QwYmM5ODA3MDViNjExMyIsInJkIjoiaW9wLm9yZyIsInV6bXgiOiI3ZjkwMDA3ZmRhZTczMy05MmQwLTQ1NzUtOGNkNy0yMGY5NmJjOTBjNGMxLTE3Nzg4NjM1NzA1ODcxMjEzLWIzMDg5ZWMxNWVkMDg3YzExMyJ9,0,200.0,no PDF link found on OA page
10.1088/2058-8585/ac88e1,,failed,hybrid,publisher,https://doi.org/10.1088/2058-8585/ac88e1,https://validate.perfdrive.com/fb803c746e9148689b3984a31fccd902/?ssa=6d878685-9ad6-41bb-b56b-108d161750f7&ssb=63433255690&ssc=https%3A%2F%2Fiopscience.iop.org%2Farticle%2F10.1088%2F2058-8585%2Fac88e1&ssi=abf7fba4-cnvj-4b1c-a841-f8c89093fac0&ssk=botmanager_support@radware.com&ssm=54045682497068831135230020105113&ssn=de84d7af89c3052edc7f53e5289317315b12106529d8-1c60-4a09-8d2e3f&sso=c0043469-df522dd5a3d67eed7ba23ce929742aeb0c3e629eeb5e0715&ssp=83825881631778863981177881511308277&ssq=50782336357345367637963571514960106021656&ssr=MTgyLjY5LjE3Ni4xMA==&sst=ALD%20corpus%20builder%20(mailto:dabeetkd24@iitk.ac.in)&ssu=&ssv=&ssw=&ssx=eyJfX3V6bWYiOiI3ZjkwMDAxMDY1MjlkOC0xYzYwLTRhMDktODQ2OS1kZjUyMmRkNWEzZDYxLTE3Nzg4NjM1NzE2MTgxNDA4LTAwM2VlOWU0MmRiZGYyNjU4MTUxMyIsInJkIjoiaW9wLm9yZyIsInV6bXgiOiI3ZjkwMDA4MzNmNzNmMy1iYzQ0LTQyNjMtOTNmOS1lYzI1ZTkyYzY1NDQxLTE3Nzg4NjM1NzE2MTgxNDA4LWEzYjZiZWYzZWI3ZDExZjYxMyJ9,0,200.0,no PDF link found on OA page
10.1088/2515-7639/ad561e,unpaywall_oa_0491.pdf,downloaded,gold,publisher,https://ddd.uab.cat/pub/artpub/2024/rsux2uod2lyq/jouofphy_a2024_v7_p035006.pdf,https://ddd.uab.cat/pub/artpub/2024/rsux2uod2lyq/jouofphy_a2024_v7_p035006.pdf,4629364,200.0,alt_location:repository:url_for_pdf
10.1088/2631-7990/ac529c,unpaywall_oa_0492.pdf,downloaded,gold,publisher,https://cronfa.swan.ac.uk/Record/cronfa59327,https://cronfa.swan.ac.uk/Record/cronfa59327/Download/59327__23797__190e2e4e715640c58ae52e6ebd726f19.pdf,29527907,200.0,alt_location:repository:url
10.1088/2631-7990/acc6a7,,failed,gold,publisher,https://iopscience.iop.org/article/10.1088/2631-7990/acc6a7/pdf,https://validate.perfdrive.com/fb803c746e9148689b3984a31fccd902/?ssa=5b95af85-3437-4332-83f5-0b1c358262d9&ssb=29617282919&ssc=https%3A%2F%2Fiopscience.iop.org%2Farticle%2F10.1088%2F2631-7990%2Facc6a7%2Fpdf&ssi=6f92caec-cnvj-47cb-afd0-1581a7e30ef6&ssk=botmanager_support@radware.com&ssm=43098522403937690132091068043074&ssn=0fe37f3ab5d9253f1f20f664b7768f32099bf780768b-f57a-43fb-82e330&sso=8de56219-b9016ad202e5d39403ab2c26fe0c17717611c07af871f194&ssp=41265346401778818577177880049574005&ssq=31910356357471355983663573102650009419934&ssr=MTgyLjY5LjE3Ni4xMA==&sst=ALD%20corpus%20builder%20(mailto:dabeetkd24@iitk.ac.in)&ssu=&ssv=&ssw=&ssx=eyJfX3V6bWYiOiI3ZjkwMDBmNzgwNzY4Yi1mNTdhLTQzZmItODIxOS1iOTAxNmFkMjAyZTUxLTE3Nzg4NjM1NzMzNjgxMjU0LTAwM2IzZjg2NzhmZjFiZWNjYWExMyIsInV6bXgiOiI3ZjkwMDA3NGRmZWRmNC03ZTY0LTQ0YWEtOTYzMy03NGEwZjJlZjUzNTcxLTE3Nzg4NjM1NzMzNjgxMjU0LThiZTNmYmVkODJmOWU4ODYxMyIsInJkIjoiaW9wLm9yZyJ9,0,200.0,no PDF link found on OA page
10.1088/2631-7990/acd88e,,failed,gold,publisher,https://iopscience.iop.org/article/10.1088/2631-7990/acd88e/pdf,https://validate.perfdrive.com/fb803c746e9148689b3984a31fccd902/?ssa=1b07f6a0-f3f9-4df7-b5df-ae1105739f69&ssb=98826288062&ssc=https%3A%2F%2Fiopscience.iop.org%2Farticle%2F10.1088%2F2631-7990%2Facd88e%2Fpdf&ssi=caf14ee7-cnvj-4731-89f0-6320c93570a9&ssk=botmanager_support@radware.com&ssm=31188016783587336131940827045797&ssn=eec2b4ec09189c41c864f0cb45dda4656f7f1d2a4234-0b63-4791-9d04c8&sso=6c4e960a-b2de8d6fe1b6ef3f69cae1d351d9d759392893806a548197&ssp=11183113071778831397177886412323250&ssq=59131906357518747771163574274999461762184&ssr=MTgyLjY5LjE3Ni4xMA==&sst=ALD%20corpus%20builder%20(mailto:dabeetkd24@iitk.ac.in)&ssu=&ssv=&ssw=&ssx=eyJ1em14IjoiN2Y5MDAwZWMzN2Y2ZDYtODA2Ni00ZTA4LTgwY2YtMDEwN2E3OWVmMjE1MS0xNzc4ODYzNTc0NTA4MTI4MC0zMWEwMDAzYTUwZTM1ZmRhMTMiLCJfX3V6bWYiOiI3ZjkwMDAxZDJhNDIzNC0wYjYzLTQ3OTEtOTYwYS1iMmRlOGQ2ZmUxYjYxLTE3Nzg4NjM1NzQ1MDgxMjgwLTAwM2ZjNTUwOTE2YWFhMzI2MjIxMyIsInJkIjoiaW9wLm9yZyJ9,0,200.0,no PDF link found on OA page
10.1088/2632-959X/ad1413,,failed,gold,publisher,https://iopscience.iop.org/article/10.1088/2632-959X/ad1413/pdf,https://validate.perfdrive.com/fb803c746e9148689b3984a31fccd902/?ssa=ab0bf9d9-1687-451c-839e-88d88bd59bde&ssb=98826288062&ssc=https%3A%2F%2Fiopscience.iop.org%2Farticle%2F10.1088%2F2632-959X%2Fad1413%2Fpdf&ssi=199138b1-cnvj-45b5-b42c-2f1ce5f9e35e&ssk=botmanager_support@radware.com&ssm=31188016783587336131940827045797&ssn=eec2b4ec364dbe55d732826fa4e4a4656f7f2504bff8-dbbf-41d3-8d04c8&sso=6c4e9552-702a3519f748ef3f69ca56c523bfd91d5f6f2bf46a548197&ssp=11183113071778831397177886412323250&ssq=59131906357518747771163574274999461762184&ssr=MTgyLjY5LjE3Ni4xMA==&sst=ALD%20corpus%20builder%20(mailto:dabeetkd24@iitk.ac.in)&ssu=&ssv=&ssw=&ssx=eyJfX3V6bWYiOiI3ZjkwMDAyNTA0YmZmOC1kYmJmLTQxZDMtODU1Mi03MDJhMzUxOWY3NDgxLTE3Nzg4NjM1NzQ1NjQxMTU2LTAwMzM1YjdhYjY0MDg2NzlkNDAxMyIsInJkIjoiaW9wLm9yZyIsInV6bXgiOiI3ZjkwMDBmY2RlNDdiYS1jZTM4LTQ0ZjUtOWY1My01MzM4MTJiODUzODUxLTE3Nzg4NjM1NzQ1NjQxMTU2LTU0YzViM2M2Zjk3Yjg5MTgxMyJ9,0,200.0,no PDF link found on OA page
10.1088/2633-4356/ad0aa5,unpaywall_oa_0496.pdf,downloaded,gold,publisher,https://eprints.gla.ac.uk/309272/1/309272.pdf,https://eprints.gla.ac.uk/309272/1/309272.pdf,1480895,200.0,alt_location:repository:url_for_pdf
10.1088/2634-4386/ac5b2d,unpaywall_oa_0497.pdf,downloaded,gold,publisher,https://zenodo.org/record/6460335,https://zenodo.org/records/6460335/files/2021%20LBE%20Effect%20of%20Cycling%20on%20Ultra-Thin%20HfZrO4%20Ferroelectric%20Synaptic%20Weights%20Revision2_Zenod.pdf,1517198,200.0,alt_location:repository:url_for_pdf
10.1093/jmicro/dfaf014,,failed,hybrid,publisher,https://academic.oup.com/jmicro/advance-article-pdf/doi/10.1093/jmicro/dfaf014/62203930/dfaf014.pdf,,0,,HTTPError('403 Client Error: Forbidden for url: https://academic.oup.com/jmicro/advance-article-pdf/doi/10.1093/jmicro/dfaf014/62203930/dfaf014.pdf')
10.1093/nsr/nwaf247,,failed,gold,publisher,https://academic.oup.com/nsr/advance-article-pdf/doi/10.1093/nsr/nwaf247/63509325/nwaf247.pdf,,0,,HTTPError('403 Client Error: Forbidden for url: https://academic.oup.com/nsr/advance-article-pdf/doi/10.1093/nsr/nwaf247/63509325/nwaf247.pdf')
10.1103/PhysRevMaterials.7.014008,unpaywall_oa_0499.pdf,downloaded,green,repository,https://www.osti.gov/servlets/purl/1965214,https://www.osti.gov/servlets/purl/1965214,2885646,200.0,
10.1109/ACCESS.2024.3371508,unpaywall_oa_0500.pdf,downloaded,gold,publisher,https://ieeexplore.ieee.org/ielx7/6287639/6514899/10453579.pdf,https://ieeexplore.ieee.org/ielx7/6287639/6514899/10453579.pdf,337348,200.0,
10.1109/ACCESS.2024.3402120,,failed,gold,publisher,https://doi.org/10.1109/access.2024.3402120,https://ieeexplore.ieee.org/document/10531750/,0,200.0,no PDF link found on OA page
10.1109/ACCESS.2024.3505925,,failed,gold,publisher,https://doi.org/10.1109/access.2024.3505925,https://ieeexplore.ieee.org/document/10767843/,0,200.0,no PDF link found on OA page
10.1109/JEDS.2024.3353340,unpaywall_oa_0503.pdf,downloaded,gold,publisher,https://ieeexplore.ieee.org/ielx7/6245494/6423298/10398479.pdf,https://ieeexplore.ieee.org/ielx7/6245494/6423298/10398479.pdf,757453,200.0,
10.1109/JEDS.2025.3600006,,failed,gold,publisher,https://doi.org/10.1109/jeds.2025.3600006,https://ieeexplore.ieee.org/document/11129037/,0,200.0,no PDF link found on OA page
10.1109/JPHOTOV.2022.3169985,unpaywall_oa_0505.pdf,downloaded,hybrid,publisher,https://ieeexplore.ieee.org/ielx7/5503869/9801835/09772488.pdf,https://ieeexplore.ieee.org/ielx7/5503869/9801835/09772488.pdf,2414632,200.0,
10.1109/JPHOTOV.2022.3227624,unpaywall_oa_0506.pdf,downloaded,hybrid,publisher,https://ieeexplore.ieee.org/ielx7/5503869/10015785/09993726.pdf,https://ieeexplore.ieee.org/ielx7/5503869/10015785/09993726.pdf,5230761,200.0,
10.1109/TED.2022.3171736,,failed,hybrid,publisher,https://ieeexplore.ieee.org/ielx7/16/4358746/09772759.pdf,,0,,HTTPError('404 Client Error: Not Found for url: https://ieeexplore.ieee.org/ielx7/16/4358746/09772759.pdf')
10.1109/TED.2023.3242852,unpaywall_oa_0508.pdf,downloaded,hybrid,publisher,https://ieeexplore.ieee.org/ielx7/16/10081247/10044729.pdf,https://ieeexplore.ieee.org/ielx7/16/10081247/10044729.pdf,11082496,200.0,
10.1109/TED.2025.3539256,,failed,green,repository,https://www.research.ed.ac.uk/en/publications/8b160857-49fb-415f-8449-aa636ae3d275,,0,,HTTPError('403 Client Error: Forbidden for url: https://www.research.ed.ac.uk/files/493708691/Manuscript_Accepted.pdf')
10.1109/TSM.2024.3447892,unpaywall_oa_0510.pdf,downloaded,green,repository,https://hal.science/hal-04917490v1/file/FORHAL-IEEE-Conformal%20coating-20240617.pdf,https://hal.science/hal-04917490v1/file/FORHAL-IEEE-Conformal%20coating-20240617.pdf,1388268,200.0,
10.1116/6.0001317,unpaywall_oa_0511.pdf,downloaded,green,repository,https://www.osti.gov/servlets/purl/1982936,https://www.osti.gov/servlets/purl/1982936,8852997,200.0,
10.1116/6.0001378,unpaywall_oa_0512.pdf,downloaded,green,repository,https://www.osti.gov/servlets/purl/1864594,https://www.osti.gov/servlets/purl/1864594,1956993,200.0,
10.1116/6.0001468,unpaywall_oa_0513.pdf,downloaded,green,repository,https://www.osti.gov/servlets/purl/1980705,https://www.osti.gov/servlets/purl/1980705,2096422,200.0,
10.1116/6.0001542,,failed,bronze,publisher,https://avs.scitation.org/doi/pdf/10.1116/6.0001542,https://avs.scitation.org/doi/pdf/10.1116/6.0001542,0,200.0,no PDF link found on OA page
10.1116/6.0001607,,failed,hybrid,publisher,https://avs.scitation.org/doi/pdf/10.1116/6.0001607,https://avs.scitation.org/doi/pdf/10.1116/6.0001607,0,200.0,no PDF link found on OA page
10.1116/6.0001624,,failed,green,repository,http://hdl.handle.net/10138/339323,https://helda.helsinki.fi/handle/10138/339323,0,200.0,no PDF link found on OA page
10.1116/6.0001629,,failed,bronze,publisher,https://avs.scitation.org/doi/pdf/10.1116/6.0001629,https://avs.scitation.org/doi/pdf/10.1116/6.0001629,0,200.0,no PDF link found on OA page
10.1116/6.0001630,unpaywall_oa_0519.pdf,downloaded,hybrid,publisher,https://tud.qucosa.de/id/qucosa%3A91138,https://tud.qucosa.de/api/qucosa%3A91138/attachment/ATT-0/,2521840,200.0,alt_location:repository:url
10.1116/6.0001679,unpaywall_oa_0519.pdf,downloaded,green,repository,https://www.osti.gov/servlets/purl/1842779,https://www.osti.gov/servlets/purl/1842779,939284,200.0,
10.1116/6.0001806,,failed,hybrid,publisher,https://doi.org/10.1116/6.0001806,,0,,HTTPError('403 Client Error: Forbidden for url: https://pubs.aip.org/jva/article/40/3/033415/2843098/On-the-interplay-between-a-novel-iron-and-iron')
10.1116/6.0001820,unpaywall_oa_0522.pdf,downloaded,hybrid,publisher,https://zenodo.org/record/6611381,https://zenodo.org/records/6611381/files/Simplified%20CVD%20route%20to%20near-zero%20thickness%20silicon%20nitride%20films.pdf,604199,200.0,alt_location:repository:url_for_pdf
10.1116/6.0001871,,failed,green,repository,https://www.osti.gov/biblio/1873614,https://www.osti.gov/biblio/1873614,0,200.0,no PDF link found on OA page
10.1116/6.0001891,unpaywall_oa_0523.pdf,downloaded,green,repository,https://www.osti.gov/servlets/purl/1902316,https://www.osti.gov/servlets/purl/1902316,1827925,200.0,
10.1116/6.0001913,unpaywall_oa_0525.pdf,downloaded,hybrid,publisher,https://lirias.kuleuven.be/retrieve/9c034284-c623-4e7c-8abf-6768a7b85626,https://lirias.kuleuven.be/retrieve/9c034284-c623-4e7c-8abf-6768a7b85626,3978496,200.0,alt_location:repository:url_for_pdf
10.1116/6.0001925,,failed,hybrid,publisher,https://avs.scitation.org/doi/pdf/10.1116/6.0001925,,0,,HTTPError('403 Client Error: Forbidden for url: https://avs.scitation.org/doi/pdf/10.1116/6.0001925')
10.1116/6.0001937,,failed,bronze,publisher,https://pubs.aip.org/avs/jva/article-pdf/doi/10.1116/6.0001937/16630222/062403_1_online.pdf,,0,,HTTPError('403 Client Error: Forbidden for url: https://pubs.aip.org/avs/jva/article-pdf/doi/10.1116/6.0001937/16630222/062403_1_online.pdf')
10.1116/6.0001997,unpaywall_oa_0527.pdf,downloaded,green,repository,https://www.osti.gov/servlets/purl/2424255,https://www.osti.gov/servlets/purl/2424255,3328729,200.0,
10.1116/6.0002024,unpaywall_oa_0529.pdf,downloaded,green,repository,https://www.osti.gov/servlets/purl/2372630,https://www.osti.gov/servlets/purl/2372630,3984377,200.0,alt_location:repository:url_for_pdf
10.1116/6.0002095,,failed,hybrid,publisher,https://avs.scitation.org/doi/pdf/10.1116/6.0002095,,0,,HTTPError('403 Client Error: Forbidden for url: https://avs.scitation.org/doi/pdf/10.1116/6.0002095')
10.1116/6.0002096,,failed,hybrid,publisher,https://pubs.aip.org/avs/jva/article-pdf/doi/10.1116/6.0002096/16630436/062409_1_online.pdf,,0,,HTTPError('403 Client Error: Forbidden for url: https://pubs.aip.org/avs/jva/article-pdf/doi/10.1116/6.0002096/16630436/062409_1_online.pdf')
10.1116/6.0002154,,failed,bronze,publisher,https://pubs.aip.org/avs/jva/article-pdf/doi/10.1116/6.0002154/16630192/062411_1_online.pdf,,0,,HTTPError('403 Client Error: Forbidden for url: https://pubs.aip.org/avs/jva/article-pdf/doi/10.1116/6.0002154/16630192/062411_1_online.pdf')
10.1116/6.0002158,unpaywall_oa_0533.pdf,downloaded,hybrid,publisher,https://ris.utwente.nl/ws/files/297466163/6.0002158.pdf,https://ris.utwente.nl/ws/files/297466163/6.0002158.pdf,2895181,200.0,alt_location:repository:url_for_pdf
10.1116/6.0002214,,failed,bronze,publisher,https://pubs.aip.org/avs/jva/article-pdf/doi/10.1116/6.0002214/16705965/012406_1_online.pdf,,0,,HTTPError('403 Client Error: Forbidden for url: https://pubs.aip.org/avs/jva/article-pdf/doi/10.1116/6.0002214/16705965/012406_1_online.pdf')
10.1116/6.0002238,,failed,hybrid,publisher,https://avs.scitation.org/doi/pdf/10.1116/6.0002238,,0,,HTTPError('403 Client Error: Forbidden for url: https://avs.scitation.org/doi/pdf/10.1116/6.0002238')
10.1116/6.0002288,unpaywall_oa_0535.pdf,downloaded,green,repository,https://hal.science/hal-04016648v1/document,https://hal.science/hal-04016648v1/document,7345846,200.0,
10.1116/6.0002355,,failed,hybrid,publisher,https://avs.scitation.org/doi/pdf/10.1116/6.0002355,,0,,HTTPError('403 Client Error: Forbidden for url: https://avs.scitation.org/doi/pdf/10.1116/6.0002355')
10.1116/6.0002414,unpaywall_oa_0538.pdf,downloaded,hybrid,publisher,https://pure.tue.nl/ws/files/297281193/032407_1_6.0002414.pdf,https://pure.tue.nl/ws/files/297281193/032407_1_6.0002414.pdf,3104639,200.0,alt_location:repository:url_for_pdf
10.1116/6.0002424,unpaywall_oa_0539.pdf,downloaded,hybrid,publisher,https://opus4.kobv.de/opus4-th-wildau/files/1769/042406_1_6.0002424.pdf,https://opus4.kobv.de/opus4-th-wildau/frontdoor/deliver/index/docId/1769/file/042406_1_6.0002424.pdf,3214737,200.0,alt_location:repository:url_for_pdf
10.1116/6.0002436,unpaywall_oa_0540.pdf,downloaded,bronze,publisher,https://www.osti.gov/servlets/purl/2424758,https://www.osti.gov/servlets/purl/2424758,2522648,200.0,alt_location:repository:url_for_pdf
10.1116/6.0002493,unpaywall_oa_0540.pdf,downloaded,green,repository,https://lirias.kuleuven.be/retrieve/6a5bb224-0856-48c0-bfca-f54a2b98f1e9,https://lirias.kuleuven.be/retrieve/6a5bb224-0856-48c0-bfca-f54a2b98f1e9,3654902,200.0,
10.1116/6.0002705,,failed,hybrid,publisher,https://pubs.aip.org/avs/jva/article-pdf/doi/10.1116/6.0002705/18050531/052401_1_6.0002705.pdf,,0,,HTTPError('403 Client Error: Forbidden for url: https://pubs.aip.org/avs/jva/article-pdf/doi/10.1116/6.0002705/18050531/052401_1_6.0002705.pdf')
10.1116/6.0002804,unpaywall_oa_0543.pdf,downloaded,hybrid,publisher,https://ris.utwente.nl/ws/files/324814976/052402_1_6.0002804.pdf,https://ris.utwente.nl/ws/files/324814976/052402_1_6.0002804.pdf,3608321,200.0,alt_location:repository:url_for_pdf
10.1116/6.0002920,,failed,bronze,publisher,https://pubs.aip.org/avs/jvb/article-pdf/doi/10.1116/6.0002920/18144471/062801_1_6.0002920.pdf,,0,,HTTPError('403 Client Error: Forbidden for url: https://pubs.aip.org/avs/jvb/article-pdf/doi/10.1116/6.0002920/18144471/062801_1_6.0002920.pdf')
10.1116/6.0002993,unpaywall_oa_0544.pdf,downloaded,green,repository,https://biblio.ugent.be/publication/01HBWZM1YX98P7E0YS5B6HQV58/file/01HBWZZWXRPE7HSWGQ3TF51YRZ.pdf,https://backoffice.biblio.ugent.be/download/01HBWZM1YX98P7E0YS5B6HQV58/01HBWZZWXRPE7HSWGQ3TF51YRZ,2749272,200.0,
10.1116/6.0003182,,failed,hybrid,publisher,https://pubs.aip.org/avs/jva/article-pdf/doi/10.1116/6.0003182/18279960/012402_1_6.0003182.pdf,,0,,HTTPError('403 Client Error: Forbidden for url: https://pubs.aip.org/avs/jva/article-pdf/doi/10.1116/6.0003182/18279960/012402_1_6.0003182.pdf')
10.1116/6.0003309,unpaywall_oa_0547.pdf,downloaded,hybrid,publisher,https://tubaf.qucosa.de/id/qucosa%3A104529,https://tubaf.qucosa.de/api/qucosa%3A104529/attachment/ATT-0/,3898964,200.0,alt_location:repository:url
10.1116/6.0003349,unpaywall_oa_0548.pdf,downloaded,hybrid,publisher,https://www.osti.gov/servlets/purl/2349257,https://www.osti.gov/servlets/purl/2349257,3055636,200.0,alt_location:repository:url_for_pdf
10.1116/6.0003351,unpaywall_oa_0549.pdf,downloaded,bronze,publisher,https://hal.science/hal-04545630v1/document,https://hal.science/hal-04545630v1/document,1509834,200.0,alt_location:repository:url_for_pdf
10.1116/6.0003361,,failed,bronze,publisher,https://pubs.aip.org/avs/jva/article-pdf/doi/10.1116/6.0003361/19854769/032405_1_6.0003361.pdf,,0,,HTTPError('403 Client Error: Forbidden for url: https://pubs.aip.org/avs/jva/article-pdf/doi/10.1116/6.0003361/19854769/032405_1_6.0003361.pdf')
10.1116/6.0003538,,failed,hybrid,publisher,https://pubs.aip.org/avs/jva/article-pdf/doi/10.1116/6.0003538/19877778/033008_1_6.0003538.pdf,,0,,HTTPError('403 Client Error: Forbidden for url: https://pubs.aip.org/avs/jva/article-pdf/doi/10.1116/6.0003538/19877778/033008_1_6.0003538.pdf')
10.1116/6.0003871,,failed,hybrid,publisher,https://pubs.aip.org/avs/jva/article-pdf/doi/10.1116/6.0003871/20226712/062406_1_6.0003871.pdf,,0,,HTTPError('403 Client Error: Forbidden for url: https://pubs.aip.org/avs/jva/article-pdf/doi/10.1116/6.0003871/20226712/062406_1_6.0003871.pdf')
10.1116/6.0003890,unpaywall_oa_0552.pdf,downloaded,green,repository,https://lirias.kuleuven.be/retrieve/349e51e7-3016-4908-94dd-1a9299ab3ccd,https://lirias.kuleuven.be/retrieve/349e51e7-3016-4908-94dd-1a9299ab3ccd,1088134,200.0,
10.1116/6.0003894,unpaywall_oa_0553.pdf,downloaded,green,repository,https://lirias.kuleuven.be/retrieve/eb6f2269-7c70-46fa-adaf-872c6a7f4a01,https://lirias.kuleuven.be/retrieve/eb6f2269-7c70-46fa-adaf-872c6a7f4a01,1256649,200.0,
10.1116/6.0003971,unpaywall_oa_0555.pdf,downloaded,hybrid,publisher,https://pure.tue.nl/ws/files/343404885/062404_1_6.0003971.pdf,https://pure.tue.nl/ws/files/343404885/062404_1_6.0003971.pdf,2371009,200.0,alt_location:repository:url_for_pdf
10.1116/6.0004038,,failed,hybrid,publisher,https://pubs.aip.org/avs/jva/article-pdf/doi/10.1116/6.0004038/20243436/062408_1_6.0004038.pdf,,0,,HTTPError('403 Client Error: Forbidden for url: https://pubs.aip.org/avs/jva/article-pdf/doi/10.1116/6.0004038/20243436/062408_1_6.0004038.pdf')
10.1116/6.0004187,,failed,hybrid,publisher,https://doi.org/10.1116/6.0004187,,0,,HTTPError('403 Client Error: Forbidden for url: https://pubs.aip.org/jva/article/43/2/022402/3331985/Atomic-layer-deposition-of-nanofilms-on-porous')
10.1116/6.0004244,unpaywall_oa_0558.pdf,downloaded,hybrid,publisher,https://ris.utwente.nl/ws/files/484136754/022407_1_6.0004244.pdf,https://ris.utwente.nl/ws/files/484136754/022407_1_6.0004244.pdf,4229684,200.0,alt_location:repository:url_for_pdf
10.1116/6.0004248,,failed,hybrid,publisher,https://pubs.aip.org/avs/jva/article-pdf/doi/10.1116/6.0004248/20415564/022412_1_6.0004248.pdf,,0,,HTTPError('403 Client Error: Forbidden for url: https://pubs.aip.org/avs/jva/article-pdf/doi/10.1116/6.0004248/20415564/022412_1_6.0004248.pdf')
10.1116/6.0004252,,failed,hybrid,publisher,https://doi.org/10.1116/6.0004252,,0,,HTTPError('403 Client Error: Forbidden for url: https://pubs.aip.org/jva/article/43/2/022410/3336623/Nucleation-studies-of-high-aluminum-oxide-and')
10.1116/6.0004267,unpaywall_oa_0560.pdf,downloaded,green,repository,https://biblio.ugent.be/publication/01JQBWHRSJHPE31SZQ8SNDXAHP/file/01JQBYDRHQ696GS22GE35FX1J8.pdf,https://backoffice.biblio.ugent.be/download/01JQBWHRSJHPE31SZQ8SNDXAHP/01JQBYDRHQ696GS22GE35FX1J8,2769292,200.0,
10.1116/6.0004288,unpaywall_oa_0561.pdf,downloaded,green,repository,https://arxiv.org/pdf/2505.01118,https://arxiv.org/pdf/2505.01118,34359735,200.0,
10.1116/6.0004299,,failed,bronze,publisher,https://pubs.aip.org/avs/jvb/article-pdf/doi/10.1116/6.0004299/20430252/022806_1_6.0004299.pdf,,0,,HTTPError('403 Client Error: Forbidden for url: https://pubs.aip.org/avs/jvb/article-pdf/doi/10.1116/6.0004299/20430252/022806_1_6.0004299.pdf')
10.1116/6.0004419,unpaywall_oa_0563.pdf,downloaded,green,repository,https://www.osti.gov/biblio/2556841,https://www.osti.gov/servlets/purl/2556841,2495267,200.0,
10.1116/6.0004420,,failed,hybrid,publisher,https://pubs.aip.org/avs/jva/article-pdf/doi/10.1116/6.0004420/20459040/032405_1_6.0004420.pdf,,0,,HTTPError('403 Client Error: Forbidden for url: https://pubs.aip.org/avs/jva/article-pdf/doi/10.1116/6.0004420/20459040/032405_1_6.0004420.pdf')
10.1116/6.0004544,,failed,hybrid,publisher,https://doi.org/10.1116/6.0004544,,0,,HTTPError('403 Client Error: Forbidden for url: https://pubs.aip.org/jva/article/43/4/042401/3346846/Aluminum-silicate-deposition-on-polyethylene')
10.1116/6.0004806,,failed,bronze,publisher,https://pubs.aip.org/avs/jva/article-pdf/doi/10.1116/6.0004806/20663465/052402_1_6.0004806.pdf,,0,,HTTPError('403 Client Error: Forbidden for url: https://pubs.aip.org/avs/jva/article-pdf/doi/10.1116/6.0004806/20663465/052402_1_6.0004806.pdf')
10.1116/6.0004826,,failed,hybrid,publisher,https://pubs.aip.org/avs/jva/article-pdf/doi/10.1116/6.0004826/20731256/062404_1_6.0004826.pdf,,0,,HTTPError('403 Client Error: Forbidden for url: https://pubs.aip.org/avs/jva/article-pdf/doi/10.1116/6.0004826/20731256/062404_1_6.0004826.pdf')
10.1116/6.0004848,,failed,hybrid,publisher,https://pubs.aip.org/avs/jva/article-pdf/doi/10.1116/6.0004848/20729748/062405_1_6.0004848.pdf,,0,,HTTPError('403 Client Error: Forbidden for url: https://pubs.aip.org/avs/jva/article-pdf/doi/10.1116/6.0004848/20729748/062405_1_6.0004848.pdf')
10.1116/6.0004912,,failed,hybrid,publisher,https://pubs.aip.org/avs/jva/article-pdf/doi/10.1116/6.0004912/20813459/063109_1_6.0004912.pdf,,0,,HTTPError('403 Client Error: Forbidden for url: https://pubs.aip.org/avs/jva/article-pdf/doi/10.1116/6.0004912/20813459/063109_1_6.0004912.pdf')
10.1134/S1070427222040188,unpaywall_oa_0570.pdf,downloaded,bronze,publisher,https://link.springer.com/content/pdf/10.1134/S1070427222040188.pdf,https://link.springer.com/content/pdf/10.1134/S1070427222040188.pdf,154700,200.0,
10.1140/epjd/s10053-023-00651-3,unpaywall_oa_0571.pdf,downloaded,hybrid,publisher,https://link.springer.com/content/pdf/10.1140/epjd/s10053-023-00651-3.pdf,https://link.springer.com/content/pdf/10.1140/epjd/s10053-023-00651-3.pdf,2142734,200.0,
10.1149/1945-7111/ac6328,unpaywall_oa_0572.pdf,downloaded,green,repository,https://hal.science/hal-03631330,https://hal.science/hal-03631330/document,1222709,200.0,
10.1149/1945-7111/acaf3e,,failed,hybrid,publisher,https://iopscience.iop.org/article/10.1149/1945-7111/acaf3e/pdf,https://validate.perfdrive.com/fb803c746e9148689b3984a31fccd902/?ssa=4b22e524-d772-4956-8e1b-4d8c871d59fd&ssb=24539213446&ssc=https%3A%2F%2Fiopscience.iop.org%2Farticle%2F10.1149%2F1945-7111%2Facaf3e%2Fpdf&ssi=404f1754-cnvj-4a29-9757-602e4fc276d3&ssk=botmanager_support@radware.com&ssm=82463180911798821131325614155546&ssn=b82420a392cc56be1622e448dca141f093da8bd94331-4161-42a7-a363c3&sso=3caec465-5e36449369487eb9408a51c3e72cddd69589b5423d6c23ae&ssp=33511337451778885295177883073799251&ssq=58354616365054758977263648680303684627289&ssr=MTgyLjY5LjE3Ni4xMA==&sst=ALD%20corpus%20builder%20(mailto:dabeetkd24@iitk.ac.in)&ssu=&ssv=&ssw=&ssx=eyJ1em14IjoiN2Y5MDAwZjI1MzYxNzMtYzAwZC00NDY5LWJmZTgtN2UyNGZmNmFhN2QzMS0xNzc4ODYzNjQ4NTQzMTUzOS01OTA3MzUzOTE4MjMyNjcwMTMiLCJfX3V6bWYiOiI3ZjkwMDA4YmQ5NDMzMS00MTYxLTQyYTctYTQ2NS01ZTM2NDQ5MzY5NDgxLTE3Nzg4NjM2NDg1NDMxNTM5LTAwMzFmZjFkNWRmNGJiMmEzOTYxMyIsInJkIjoiaW9wLm9yZyJ9,0,200.0,no PDF link found on OA page
10.1149/2162-8777/ad07ee,,failed,bronze,publisher,https://iopscience.iop.org/article/10.1149/2162-8777/ad07ee/pdf,https://validate.perfdrive.com/fb803c746e9148689b3984a31fccd902/?ssa=822ca368-1ef7-4479-88b1-0283333b027e&ssb=39465281243&ssc=https%3A%2F%2Fiopscience.iop.org%2Farticle%2F10.1149%2F2162-8777%2Fad07ee%2Fpdf&ssi=2cf7876d-cnvj-4fcb-b793-0ba782a01d38&ssk=botmanager_support@radware.com&ssm=45814652988559922130534487329347&ssn=73135c2950010c3430fed38db5ab13b337a195527045-1fa6-466f-81b4e1&sso=307b6948-a78e71602f9739b07577aa8b1c2f48c0caf1d8857f635244&ssp=53004420761778861187177881586054672&ssq=05162156364931252835163648932540466242868&ssr=MTgyLjY5LjE3Ni4xMA==&sst=ALD%20corpus%20builder%20(mailto:dabeetkd24@iitk.ac.in)&ssu=&ssv=&ssw=&ssx=eyJfX3V6bWYiOiI3ZjkwMDA5NTUyNzA0NS0xZmE2LTQ2NmYtODk0OC1hNzhlNzE2MDJmOTcxLTE3Nzg4NjM2NDg3NzUxMjE3LTAwMzJkYTNjZDNmNTJjYTBiOTUxMyIsInJkIjoiaW9wLm9yZyIsInV6bXgiOiI3ZjkwMDA1YTcyNDM3Yy1mYjRhLTQyMTAtYmNlNi1lMDExNWU3YzM5ZWUxLTE3Nzg4NjM2NDg3NzUxMjE3LWU1NGNjNGFjN2M1YTc5NWMxMyJ9,0,200.0,no PDF link found on OA page
10.1149/2162-8777/ad46f0,,failed,hybrid,publisher,https://iopscience.iop.org/article/10.1149/2162-8777/ad46f0/pdf,https://validate.perfdrive.com/fb803c746e9148689b3984a31fccd902/?ssa=2f25caed-e8bc-4744-a7fb-cb3e14ddb6f2&ssb=53688236167&ssc=https%3A%2F%2Fiopscience.iop.org%2Farticle%2F10.1149%2F2162-8777%2Fad46f0%2Fpdf&ssi=7ee08962-cnvj-474a-8961-f25ee03445c9&ssk=botmanager_support@radware.com&ssm=89943916733989712133890622409712&ssn=6869809d2d9ebbf641068ecaf9e52ae40672b7bd1571-0f12-4f6f-880dee&sso=60df30c4-f35d35b9ae278c8c2fb81b8e0bd1c69ef5005db9bfcac037&ssp=73809798851778883986177880625182204&ssq=33435786365237656943063651558799172093142&ssr=MTgyLjY5LjE3Ni4xMA==&sst=ALD%20corpus%20builder%20(mailto:dabeetkd24@iitk.ac.in)&ssu=&ssv=&ssw=&ssx=eyJfX3V6bWYiOiI3ZjkwMDBiN2JkMTU3MS0wZjEyLTRmNmYtODBjNC1mMzVkMzViOWFlMjcxLTE3Nzg4NjM2NTE2MzcxMTkwLTAwMzAzMDNhM2Q3ZmFlY2ZhMzYxMyIsInJkIjoiaW9wLm9yZyIsInV6bXgiOiI3ZjkwMDAyMjk5OTlkMS1hYjcwLTQ4YjQtYTVkYi1hMTBhMTgyNWYwOWYxLTE3Nzg4NjM2NTE2MzcxMTkwLWNjYmFhYzU5N2Q5ZTJkNjUxMyJ9,0,200.0,no PDF link found on OA page
10.1149/2754-2734/ad1a75,,failed,gold,publisher,https://iopscience.iop.org/article/10.1149/2754-2734/ad1a75/pdf,https://validate.perfdrive.com/fb803c746e9148689b3984a31fccd902/?ssa=bfdf8f17-5f84-4a1b-86a1-3abd2baa3914&ssb=53688236167&ssc=https%3A%2F%2Fiopscience.iop.org%2Farticle%2F10.1149%2F2754-2734%2Fad1a75%2Fpdf&ssi=d6b35822-cnvj-4f97-9050-37f527e27895&ssk=botmanager_support@radware.com&ssm=89943916733989712133890622409712&ssn=6869809d02d0892319428ff0c1c02ae40672acc0ece2-4442-4946-a80dee&sso=60df3932-b324e32684268c8c2fb8a76cc1be803e69a2aa03bfcac037&ssp=73809798851778883986177880625182204&ssq=33435786365237656943063651558799172093142&ssr=MTgyLjY5LjE3Ni4xMA==&sst=ALD%20corpus%20builder%20(mailto:dabeetkd24@iitk.ac.in)&ssu=&ssv=&ssw=&ssx=eyJfX3V6bWYiOiI3ZjkwMDBhY2MwZWNlMi00NDQyLTQ5NDYtYTkzMi1iMzI0ZTMyNjg0MjYxLTE3Nzg4NjM2NTE3NzYxMjE0LTAwMzI1NDYxNTE5OGU4NTQ2OWYxMyIsInJkIjoiaW9wLm9yZyIsInV6bXgiOiI3ZjkwMDBmZWFiNDVlMy0zMzU3LTRhMzUtOWUzMS1jOWQ0MTMyODFiMzYxLTE3Nzg4NjM2NTE3NzYxMjE0LTk2MjQ0ZWQzZTI0NDYzZWMxMyJ9,0,200.0,no PDF link found on OA page
10.1155/2022/9575845,,failed,gold,publisher,https://downloads.hindawi.com/journals/amse/2022/9575845.pdf,,0,,HTTPError('403 Client Error: Forbidden for url: https://downloads.hindawi.com/journals/amse/2022/9575845.pdf')
10.1155/2023/5506063,,failed,gold,publisher,https://onlinelibrary.wiley.com/doi/pdfdirect/10.1155/2023/5506063?download=true,,0,,HTTPError('403 Client Error: Forbidden for url: https://onlinelibrary.wiley.com/doi/pdfdirect/10.1155/2023/5506063?download=true')
10.11591/ijaas.v14.i4.pp1367-1374,unpaywall_oa_0579.pdf,downloaded,gold,publisher,https://ijaas.iaescore.com/index.php/IJAAS/article/download/22010/13376,https://ijaas.iaescore.com/index.php/IJAAS/article/download/22010/13376,562294,200.0,
10.1177/00037028251325565,,failed,bronze,publisher,https://journals.sagepub.com/doi/pdf/10.1177/00037028251325565,,0,,HTTPError('403 Client Error: Forbidden for url: https://journals.sagepub.com/doi/pdf/10.1177/00037028251325565')
10.1186/s11671-022-03696-2,,failed,gold,publisher,https://nanoscalereslett.springeropen.com/counter/pdf/10.1186/s11671-022-03696-2,https://link.springer.com/journal/11671,0,200.0,no PDF link found on OA page
10.1186/s40580-023-00380-8,unpaywall_oa_0582.pdf,downloaded,gold,publisher,https://nanoconvergencejournal.springeropen.com/counter/pdf/10.1186/s40580-023-00380-8,https://link.springer.com/content/pdf/10.1186/s40580-023-00380-8.pdf,6435323,200.0,
10.1186/s40580-023-00403-4,unpaywall_oa_0583.pdf,downloaded,gold,publisher,https://nanoconvergencejournal.springeropen.com/counter/pdf/10.1186/s40580-023-00403-4,https://link.springer.com/content/pdf/10.1186/s40580-023-00403-4.pdf,7581457,200.0,
10.1186/s40580-025-00490-5,unpaywall_oa_0584.pdf,downloaded,gold,publisher,https://nanoconvergencejournal.springeropen.com/counter/pdf/10.1186/s40580-025-00490-5,https://link.springer.com/content/pdf/10.1186/s40580-025-00490-5.pdf,3191216,200.0,
10.1186/s40712-024-00180-w,unpaywall_oa_0585.pdf,downloaded,gold,publisher,https://link.springer.com/content/pdf/10.1186/s40712-024-00180-w.pdf,https://link.springer.com/content/pdf/10.1186/s40712-024-00180-w.pdf,1614388,200.0,
10.1360/TB-2023-0423,unpaywall_oa_0586.pdf,downloaded,bronze,publisher,https://www.sciengine.com/doi/pdf/9509CDBE164E43E68CAE53F9C1DC4494,https://www.sciengine.com/parse/pdf/0023-074X/49C70DE698CA4936ABD827C13BFDC3EB.pdf?attname=Design+of+advanced+energy-related+materials+via+atomic+layer+deposition.pdf,3989396,200.0,
10.1364/OE.487881,,failed,gold,publisher,https://doi.org/10.1364/oe.487881,https://validate.perfdrive.com/?ssa=f3dab8af-95da-ae19-e4af-52d92b33a621&ssb=03167216621&ssc=https%3A%2F%2Fopg.optica.org&ssi=358c622c-d3hy-4446-887e-ba8a3e3bacea&ssk=botmanager_support@radware.com&ssm=24270366768163267167612856449031&ssn=cb9c31f7c64807631063cb8802153dbb0534e96e3ed8-e603-f8ae-070666&sso=44fa7ae-0612-5181a17bf70955f84b4ef826b70fbef84ec6611987f7e349&ssp=41019685881778868527177886853685420&ssq=08894336368175771749563677002378141956478&ssr=MTgyLjY5LjE3Ni4xMA==&sst=ALD%20corpus%20builder%20%28mailto%3Adabeetkd24%40iitk.ac.in%29&ssv=&ssw=,0,200.0,no PDF link found on OA page
10.1364/OE.488152,,failed,gold,publisher,https://doi.org/10.1364/oe.488152,https://validate.perfdrive.com/?ssa=c26ebfcd-86ac-cc54-b983-baccca9da24a&ssb=76501219674&ssc=https%3A%2F%2Fopg.optica.org&ssi=576da0cf-d3hy-19e8-edf9-90e5a4d262ed&ssk=botmanager_support@radware.com&ssm=28892936957111566139608563697564&ssn=742d5cfcca01aed2bb80704ab12bb406b58e8768dc94-b4ba-00d8-a1e247&sso=c5dfbd8-a213-b7b50a752a457c293ad53f6a28fcf4f8d5ce59aa7226fdbf&ssp=14473601431778899401177887994493312&ssq=91506846368532160196663683061090987500914&ssr=MTgyLjY5LjE3Ni4xMA==&sst=ALD%20corpus%20builder%20%28mailto%3Adabeetkd24%40iitk.ac.in%29&ssv=&ssw=,0,200.0,no PDF link found on OA page
10.1364/OE.533851,,failed,gold,publisher,https://doi.org/10.1364/oe.533851,https://validate.perfdrive.com/?ssa=c7afaa64-2b2c-6e1c-5824-0d1af9dd645b&ssb=01303278845&ssc=https%3A%2F%2Fopg.optica.org&ssi=ab740cd2-d3hy-e2d5-e567-b3742bce1aaa&ssk=botmanager_support@radware.com&ssm=17035617718386121133250485412229&ssn=818e89ad19909ba678d321d4c2903783b6f416095f57-0f07-21d3-a7295b&sso=59dbfd3-a6a7-446564f2e1293bbd03e9361f2024dc1d891a736b262c354b&ssp=87393812781778858445177883876204140&ssq=61935046368725574711763685621396384598938&ssr=MTgyLjY5LjE3Ni4xMA==&sst=ALD%20corpus%20builder%20%28mailto%3Adabeetkd24%40iitk.ac.in%29&ssv=&ssw=,0,200.0,no PDF link found on OA page
10.1364/OE.564628,,failed,gold,publisher,https://doi.org/10.1364/oe.564628,https://validate.perfdrive.com/?ssa=b3699fd0-57dd-e06a-d6ae-6c73170e0e49&ssb=08298205574&ssc=https%3A%2F%2Fopg.optica.org&ssi=001491ab-d3hy-e398-205a-167f232397d6&ssk=botmanager_support@radware.com&ssm=80454392088354259138257452462911&ssn=b670d57c44675255eef06a6249e9f206548f4d83d221-c382-1a93-ff5444&sso=9e2d893-f52f-04bc23d8528d23a525b94edabbfa7e6a5eca4f3758ed4ef5&ssp=00164400021778851017177886254515864&ssq=97018716369098755955263688084381637362136&ssr=MTgyLjY5LjE3Ni4xMA==&sst=ALD%20corpus%20builder%20%28mailto%3Adabeetkd24%40iitk.ac.in%29&ssv=&ssw=,0,200.0,no PDF link found on OA page
10.1364/OE.568834,,failed,gold,publisher,https://doi.org/10.1364/oe.568834,https://validate.perfdrive.com/?ssa=fd61245b-cb9f-9705-88f0-e14c52d31180&ssb=63508245074&ssc=https%3A%2F%2Fopg.optica.org&ssi=1bbabfc5-d3hy-356d-1b51-3ff588e72897&ssk=botmanager_support@radware.com&ssm=95153950375588638137104751935652&ssn=e31d808d579e5d5cf5a9dc21cdade72b854e0a3d78bc-f17a-1c4c-64e6a8&sso=271d74c-693d-bf3c61e7d9e25a7a26d383893146bde8c850b9f6363c3236&ssp=76596116751778825592177880372912616&ssq=85366956369126518897463689421361743875503&ssr=MTgyLjY5LjE3Ni4xMA==&sst=ALD%20corpus%20builder%20%28mailto%3Adabeetkd24%40iitk.ac.in%29&ssv=&ssw=,0,200.0,no PDF link found on OA page
10.15376/biores.18.4.7923-7942,unpaywall_oa_0592.pdf,downloaded,gold,publisher,https://bioresources.cnr.ncsu.edu/wp-content/uploads/2023/10/BioRes_18_4_7923_Keskivali_TiO2_Foam_Cellul_Fib_Hydrophob_Physi_22926.pdf,https://bioresources.cnr.ncsu.edu/wp-content/uploads/2023/10/BioRes_18_4_7923_Keskivali_TiO2_Foam_Cellul_Fib_Hydrophob_Physi_22926.pdf,1409048,200.0,
10.15541/jim20230490,unpaywall_oa_0593.pdf,downloaded,gold,publisher,https://www.jim.org.cn/EN/article/downloadArticleFile.do?attachType=PDF&id=14975,https://www.jim.org.cn/EN/article/downloadArticleFile.do?attachType=PDF&id=14975,2765069,200.0,
10.1557/s43579-024-00543-6,unpaywall_oa_0594.pdf,downloaded,hybrid,publisher,https://link.springer.com/content/pdf/10.1557/s43579-024-00543-6.pdf,https://link.springer.com/content/pdf/10.1557/s43579-024-00543-6.pdf,4932943,200.0,
10.1590/1517-7076-RMAT-2024-0439,unpaywall_oa_0595.pdf,downloaded,gold,publisher,https://doi.org/10.1590/1517-7076-rmat-2024-0439,https://www.scielo.br/j/rmat/a/wZQLkY9v7Xkfbv8FnQ8DyQp/?lang=en&format=pdf,3297041,200.0,
10.17580/tsm.2023.08.10,unpaywall_oa_0596.pdf,downloaded,bronze,publisher,https://rudmet.net/media/articles/Article_CM_08_23_pp.56-61_1.pdf,https://rudmet.net/media/articles/Article_CM_08_23_pp.56-61_1.pdf,337852,200.0,
10.17683/ijomam/issue16.10,unpaywall_oa_0597.pdf,downloaded,bronze,publisher,https://doi.org/10.17683/ijomam/issue16.10,https://ijomam.com/wp-content/uploads/2024/06/pag.-82-92_EFFECT-OF-DEPOSITION-TEMPERATURE-ON-OPTICAL-PROPERTIES-OF-ALUMINUM-OXIDE-THIN-FILMS-PREPARED-BY-ATOMIC-LAYER-DEPOSITION.pdf,1019078,200.0,
10.18494/SAM3727,unpaywall_oa_0598.pdf,downloaded,gold,publisher,https://sensors.myu-group.co.jp/sm_pdf/SM2911.pdf,https://sensors.myu-group.co.jp/sm_pdf/SM2911.pdf,2581212,200.0,
10.2147/IJN.S446584,,failed,gold,publisher,https://www.dovepress.com/getfile.php?fileID=97294,,0,,HTTPError('404 Client Error: Not Found for url: https://www.dovepress.com/getfile.php?fileID=97294')
10.24425/bpasts.2023.144622,unpaywall_oa_0601.pdf,downloaded,gold,publisher,https://doaj.org/article/2f1505518bf34997a822cb7e86518f8e,https://journals.pan.pl/Content/126607/PDF/BPASTS_2023_71_2_3313.pdf,5401266,200.0,alt_location:repository:url
10.2478/msp-2025-0016,unpaywall_oa_0601.pdf,downloaded,gold,publisher,https://doi.org/10.2478/msp-2025-0016,https://reference-global.com/download/article/10.2478/msp-2025-0016.pdf,4847730,200.0,
10.26565/2312-4334-2025-1-27,unpaywall_oa_0602.pdf,downloaded,gold,publisher,https://periodicals.karazin.ua/eejp/article/download/24388/22761,https://periodicals.karazin.ua/eejp/article/download/24388/22761,1258882,200.0,
10.3389/fbioe.2024.1346404,unpaywall_oa_0603.pdf,downloaded,gold,publisher,https://public-pages-files-2025.frontiersin.org/journals/bioengineering-and-biotechnology/articles/10.3389/fbioe.2024.1346404/pdf,https://public-pages-files-2025.frontiersin.org/journals/bioengineering-and-biotechnology/articles/10.3389/fbioe.2024.1346404/pdf,4824686,200.0,
10.3389/fbioe.2024.1515810,unpaywall_oa_0604.pdf,downloaded,gold,publisher,https://www.frontiersin.org/journals/bioengineering-and-biotechnology/articles/10.3389/fbioe.2024.1515810/pdf,https://www.frontiersin.org/journals/bioengineering-and-biotechnology/articles/10.3389/fbioe.2024.1515810/pdf,2086275,200.0,
10.3389/fchem.2022.1035902,unpaywall_oa_0605.pdf,downloaded,gold,publisher,https://www.frontiersin.org/articles/10.3389/fchem.2022.1035902/pdf,https://www.frontiersin.org/journals/chemistry/articles/10.3389/fchem.2022.1035902/pdf,5076737,200.0,
10.3389/fchem.2022.1118819,unpaywall_oa_0606.pdf,downloaded,gold,publisher,https://www.frontiersin.org/articles/10.3389/fchem.2022.1118819/pdf,https://www.frontiersin.org/journals/chemistry/articles/10.3389/fchem.2022.1118819/pdf,541975,200.0,
10.3389/fmats.2022.813407,unpaywall_oa_0607.pdf,downloaded,gold,publisher,https://www.frontiersin.org/articles/10.3389/fmats.2022.813407/pdf,https://www.frontiersin.org/journals/materials/articles/10.3389/fmats.2022.813407/pdf,1690691,200.0,
10.3389/fmats.2024.1430884,unpaywall_oa_0608.pdf,downloaded,gold,publisher,https://www.frontiersin.org/articles/10.3389/fmats.2024.1430884/pdf?isPublishedV2=False,https://www.frontiersin.org/journals/materials/articles/10.3389/fmats.2024.1430884/pdf,36143898,200.0,
10.3389/fnano.2025.1621554,unpaywall_oa_0609.pdf,downloaded,gold,publisher,https://www.frontiersin.org/journals/nanotechnology/articles/10.3389/fnano.2025.1621554/pdf,https://www.frontiersin.org/journals/nanotechnology/articles/10.3389/fnano.2025.1621554/pdf,5287060,200.0,
10.3389/fnins.2023.1253075,unpaywall_oa_0610.pdf,downloaded,gold,publisher,https://www.frontiersin.org/articles/10.3389/fnins.2023.1253075/pdf?isPublishedV2=False,https://www.frontiersin.org/journals/neuroscience/articles/10.3389/fnins.2023.1253075/pdf,2940678,200.0,
10.3390/ECP2023-14631,,failed,gold,,https://www.mdpi.com/2673-4591/37/1/90/pdf?version=1689316960,,0,,HTTPError('403 Client Error: Forbidden for url: https://www.mdpi.com/2673-4591/37/1/90/pdf?version=1689316960')
10.3390/app12042188,,failed,gold,publisher,https://www.mdpi.com/2076-3417/12/4/2188/pdf?version=1645434091,,0,,HTTPError('403 Client Error: Forbidden for url: https://www.mdpi.com/2076-3417/12/4/2188/pdf?version=1645434091')
10.3390/app12052491,,failed,gold,publisher,https://www.mdpi.com/2076-3417/12/5/2491/pdf?version=1646100065,,0,,HTTPError('403 Client Error: Forbidden for url: https://www.mdpi.com/2076-3417/12/5/2491/pdf?version=1646100065')
10.3390/app12199946,,failed,gold,publisher,https://www.mdpi.com/2076-3417/12/19/9946/pdf?version=1664793077,,0,,HTTPError('403 Client Error: Forbidden for url: https://www.mdpi.com/2076-3417/12/19/9946/pdf?version=1664793077')
10.3390/app13031905,,failed,gold,publisher,https://www.mdpi.com/2076-3417/13/3/1905/pdf?version=1675247620,,0,,HTTPError('403 Client Error: Forbidden for url: https://www.mdpi.com/2076-3417/13/3/1905/pdf?version=1675247620')
10.3390/app15041823,,failed,gold,publisher,https://www.mdpi.com/2076-3417/15/4/1823/pdf?version=1739257996,,0,,HTTPError('403 Client Error: Forbidden for url: https://www.mdpi.com/2076-3417/15/4/1823/pdf?version=1739257996')
10.3390/app15137487,,failed,gold,publisher,https://www.mdpi.com/2076-3417/15/13/7487/pdf?version=1751545586,,0,,HTTPError('403 Client Error: Forbidden for url: https://www.mdpi.com/2076-3417/15/13/7487/pdf?version=1751545586')
10.3390/batteries10060178,,failed,gold,publisher,https://www.mdpi.com/2313-0105/10/6/178/pdf?version=1716541809,,0,,HTTPError('403 Client Error: Forbidden for url: https://www.mdpi.com/2313-0105/10/6/178/pdf?version=1716541809')
10.3390/batteries10090304,unpaywall_oa_0620.pdf,downloaded,gold,publisher,https://documentserver.uhasselt.be//bitstream/1942/44510/1/Improving%20Lithium-Ion%20Battery%20Performance_%20Nano%20Al2O3%20Coatings%20on%20High-Mass%20Loading%20LiFePO4%20Cathodes%20via%20Atomic%20Layer%20Deposition.pdf,https://documentserver.uhasselt.be//bitstream/1942/44510/1/Improving%20Lithium-Ion%20Battery%20Performance_%20Nano%20Al2O3%20Coatings%20on%20High-Mass%20Loading%20LiFePO4%20Cathodes%20via%20Atomic%20Layer%20Deposition.pdf,4599234,200.0,alt_location:repository:url_for_pdf
10.3390/batteries10120438,,failed,gold,publisher,https://www.mdpi.com/2313-0105/10/12/438/pdf?version=1733836343,,0,,HTTPError('403 Client Error: Forbidden for url: https://www.mdpi.com/2313-0105/10/12/438/pdf?version=1733836343')
10.3390/batteries9110526,,failed,gold,publisher,https://www.mdpi.com/2313-0105/9/11/526/pdf?version=1698149303,,0,,HTTPError('403 Client Error: Forbidden for url: https://www.mdpi.com/2313-0105/9/11/526/pdf?version=1698149303')
10.3390/catal12111364,unpaywall_oa_0623.pdf,downloaded,gold,publisher,https://www.osti.gov/servlets/purl/2419573,https://www.osti.gov/servlets/purl/2419573,2812149,200.0,alt_location:repository:url_for_pdf
10.3390/catal14110786,,failed,gold,publisher,https://doi.org/10.3390/catal14110786,,0,,HTTPError('403 Client Error: Forbidden for url: https://www.mdpi.com/2073-4344/14/11/786')
10.3390/chemengineering8010025,unpaywall_oa_0625.pdf,downloaded,gold,publisher,http://dspace.lu.lv/bitstreams/b4ffbbed-2f14-4530-b9a9-b0feee062cd6/download,https://dspace.lu.lv/server/api/core/bitstreams/b4ffbbed-2f14-4530-b9a9-b0feee062cd6/content,7894039,200.0,alt_location:repository:url_for_pdf
10.3390/chemistry5030138,,failed,gold,publisher,https://www.mdpi.com/2624-8549/5/3/138/pdf?version=1695212536,,0,,HTTPError('403 Client Error: Forbidden for url: https://www.mdpi.com/2624-8549/5/3/138/pdf?version=1695212536')
10.3390/chemistry7050147,,failed,gold,publisher,https://www.mdpi.com/2624-8549/7/5/147/pdf?version=1757936458,,0,,HTTPError('403 Client Error: Forbidden for url: https://www.mdpi.com/2624-8549/7/5/147/pdf?version=1757936458')
10.3390/coatings12010084,,failed,gold,publisher,https://www.mdpi.com/2079-6412/12/1/84/pdf?version=1642576386,,0,,HTTPError('403 Client Error: Forbidden for url: https://www.mdpi.com/2079-6412/12/1/84/pdf?version=1642576386')
10.3390/coatings12040431,,failed,gold,publisher,https://www.mdpi.com/2079-6412/12/4/431/pdf?version=1648041005,,0,,HTTPError('403 Client Error: Forbidden for url: https://www.mdpi.com/2079-6412/12/4/431/pdf?version=1648041005')
10.3390/coatings12040488,unpaywall_oa_0630.pdf,downloaded,gold,publisher,http://hdl.handle.net/10261/284672,https://digital.csic.es/bitstream/10261/284672/1/photostrate.pdf,2284216,200.0,alt_location:repository:url
10.3390/coatings12111613,,failed,gold,publisher,https://www.mdpi.com/2079-6412/12/11/1613/pdf?version=1666516373,,0,,HTTPError('403 Client Error: Forbidden for url: https://www.mdpi.com/2079-6412/12/11/1613/pdf?version=1666516373')
10.3390/coatings13010104,,failed,gold,publisher,https://www.mdpi.com/2079-6412/13/1/104/pdf?version=1673514396,,0,,HTTPError('403 Client Error: Forbidden for url: https://www.mdpi.com/2079-6412/13/1/104/pdf?version=1673514396')
10.3390/coatings13020278,,failed,gold,publisher,https://www.mdpi.com/2079-6412/13/2/278/pdf?version=1676368033,,0,,HTTPError('403 Client Error: Forbidden for url: https://www.mdpi.com/2079-6412/13/2/278/pdf?version=1676368033')
10.3390/coatings13030558,,failed,gold,publisher,https://www.mdpi.com/2079-6412/13/3/558/pdf?version=1678091360,,0,,HTTPError('403 Client Error: Forbidden for url: https://www.mdpi.com/2079-6412/13/3/558/pdf?version=1678091360')
10.3390/coatings13030638,unpaywall_oa_0635.pdf,downloaded,gold,publisher,https://hdl.handle.net/1822/86765,https://repositorium.uminho.pt/server/api/core/bitstreams/d1fc0a20-61fd-44ce-a50f-36ddc722ae8a/content,3485329,200.0,alt_location:repository:url
10.3390/coatings13030641,,failed,gold,publisher,https://www.mdpi.com/2079-6412/13/3/641/pdf?version=1679122404,,0,,HTTPError('403 Client Error: Forbidden for url: https://www.mdpi.com/2079-6412/13/3/641/pdf?version=1679122404')
10.3390/coatings13040787,unpaywall_oa_0637.pdf,downloaded,gold,publisher,https://www.osti.gov/servlets/purl/1991602,https://www.osti.gov/servlets/purl/1991602,2263633,200.0,alt_location:repository:url_for_pdf
10.3390/coatings13050870,,failed,gold,publisher,https://www.mdpi.com/2079-6412/13/5/870/pdf?version=1683278636,,0,,HTTPError('403 Client Error: Forbidden for url: https://www.mdpi.com/2079-6412/13/5/870/pdf?version=1683278636')
10.3390/coatings13050960,,failed,gold,publisher,https://www.mdpi.com/2079-6412/13/5/960/pdf?version=1684632063,,0,,HTTPError('403 Client Error: Forbidden for url: https://www.mdpi.com/2079-6412/13/5/960/pdf?version=1684632063')
10.3390/coatings13061017,unpaywall_oa_0640.pdf,downloaded,gold,publisher,https://hal.umontpellier.fr/hal-04171610v1/document,https://hal.umontpellier.fr/hal-04171610v1/document,3552790,200.0,alt_location:repository:url_for_pdf
10.3390/coatings13061070,,failed,gold,publisher,https://www.mdpi.com/2079-6412/13/6/1070/pdf?version=1686299707,,0,,HTTPError('403 Client Error: Forbidden for url: https://www.mdpi.com/2079-6412/13/6/1070/pdf?version=1686299707')
10.3390/coatings13061092,,failed,gold,publisher,https://www.mdpi.com/2079-6412/13/6/1092/pdf?version=1686648204,,0,,HTTPError('403 Client Error: Forbidden for url: https://www.mdpi.com/2079-6412/13/6/1092/pdf?version=1686648204')
10.3390/coatings13101730,,failed,gold,publisher,https://www.mdpi.com/2079-6412/13/10/1730/pdf?version=1696401389,,0,,HTTPError('403 Client Error: Forbidden for url: https://www.mdpi.com/2079-6412/13/10/1730/pdf?version=1696401389')
10.3390/coatings13122094,,failed,gold,publisher,https://www.mdpi.com/2079-6412/13/12/2094/pdf?version=1706517612,,0,,HTTPError('403 Client Error: Forbidden for url: https://www.mdpi.com/2079-6412/13/12/2094/pdf?version=1706517612')
10.3390/coatings14010038,,failed,gold,publisher,https://www.mdpi.com/2079-6412/14/1/38/pdf?version=1703685870,,0,,HTTPError('403 Client Error: Forbidden for url: https://www.mdpi.com/2079-6412/14/1/38/pdf?version=1703685870')
10.3390/coatings14050578,,failed,gold,publisher,https://www.mdpi.com/2079-6412/14/5/578/pdf?version=1715076318,,0,,HTTPError('403 Client Error: Forbidden for url: https://www.mdpi.com/2079-6412/14/5/578/pdf?version=1715076318')
10.3390/coatings14050596,,failed,gold,publisher,https://www.mdpi.com/2079-6412/14/5/596/pdf?version=1715324160,,0,,HTTPError('403 Client Error: Forbidden for url: https://www.mdpi.com/2079-6412/14/5/596/pdf?version=1715324160')
10.3390/coatings14060662,,failed,gold,publisher,https://www.mdpi.com/2079-6412/14/6/662/pdf?version=1716534594,,0,,HTTPError('403 Client Error: Forbidden for url: https://www.mdpi.com/2079-6412/14/6/662/pdf?version=1716534594')
10.3390/coatings14081019,,failed,gold,publisher,https://www.mdpi.com/2079-6412/14/8/1019/pdf?version=1723367569,,0,,HTTPError('403 Client Error: Forbidden for url: https://www.mdpi.com/2079-6412/14/8/1019/pdf?version=1723367569')
10.3390/coatings14091115,,failed,gold,publisher,https://doi.org/10.3390/coatings14091115,,0,,HTTPError('403 Client Error: Forbidden for url: https://www.mdpi.com/2079-6412/14/9/1115')
10.3390/coatings14091198,,failed,gold,publisher,https://doi.org/10.3390/coatings14091198,,0,,HTTPError('403 Client Error: Forbidden for url: https://www.mdpi.com/2079-6412/14/9/1198')
10.3390/coatings15010022,,failed,gold,publisher,https://www.mdpi.com/2079-6412/15/1/22/pdf?version=1735537864,,0,,HTTPError('403 Client Error: Forbidden for url: https://www.mdpi.com/2079-6412/15/1/22/pdf?version=1735537864')
10.3390/coatings15060711,,failed,gold,publisher,https://www.mdpi.com/2079-6412/15/6/711/pdf?version=1749794203,,0,,HTTPError('403 Client Error: Forbidden for url: https://www.mdpi.com/2079-6412/15/6/711/pdf?version=1749794203')
10.3390/cryst12020217,unpaywall_oa_0654.pdf,downloaded,gold,publisher,http://openlib.tugraz.at/6215de95c4830,https://openlib.tugraz.at/download.php?id=6215de95c4830&location=browse,1473837,200.0,alt_location:repository:url
10.3390/cryst13060910,,failed,gold,publisher,https://www.mdpi.com/2073-4352/13/6/910/pdf?version=1685778970,,0,,HTTPError('403 Client Error: Forbidden for url: https://www.mdpi.com/2073-4352/13/6/910/pdf?version=1685778970')
10.3390/cryst14080673,,failed,gold,publisher,https://www.mdpi.com/2073-4352/14/8/673/pdf?version=1721808455,,0,,HTTPError('403 Client Error: Forbidden for url: https://www.mdpi.com/2073-4352/14/8/673/pdf?version=1721808455')
10.3390/cryst14080723,unpaywall_oa_0657.pdf,downloaded,gold,publisher,https://www.repository.cam.ac.uk/bitstreams/1bf2d3db-4e26-4bb4-b651-d940304e903e/download,https://api.repository.cam.ac.uk/server/api/core/bitstreams/1bf2d3db-4e26-4bb4-b651-d940304e903e/content,4219404,200.0,alt_location:repository:url_for_pdf
10.3390/cryst14100909,,failed,gold,publisher,https://www.mdpi.com/2073-4352/14/10/909/pdf,,0,,HTTPError('403 Client Error: Forbidden for url: https://www.mdpi.com/2073-4352/14/10/909/pdf')
10.3390/en16031278,,failed,gold,publisher,https://www.mdpi.com/1996-1073/16/3/1278/pdf?version=1675689970,,0,,HTTPError('403 Client Error: Forbidden for url: https://www.mdpi.com/1996-1073/16/3/1278/pdf?version=1675689970')
10.3390/en18082130,,failed,gold,publisher,https://www.mdpi.com/1996-1073/18/8/2130/pdf?version=1745226463,,0,,HTTPError('403 Client Error: Forbidden for url: https://www.mdpi.com/1996-1073/18/8/2130/pdf?version=1745226463')
10.3390/ijms232113249,,failed,gold,publisher,https://www.mdpi.com/1422-0067/23/21/13249/pdf?version=1667206714,,0,,HTTPError('403 Client Error: Forbidden for url: https://www.mdpi.com/1422-0067/23/21/13249/pdf?version=1667206714')
10.3390/ijms241311207,,failed,gold,publisher,https://www.mdpi.com/1422-0067/24/13/11207/pdf?version=1688718275,,0,,HTTPError('403 Client Error: Forbidden for url: https://www.mdpi.com/1422-0067/24/13/11207/pdf?version=1688718275')
10.3390/inorganics10080111,,failed,gold,publisher,https://www.mdpi.com/2304-6740/10/8/111/pdf?version=1659533425,,0,,HTTPError('403 Client Error: Forbidden for url: https://www.mdpi.com/2304-6740/10/8/111/pdf?version=1659533425')
10.3390/inorganics10110215,,failed,gold,publisher,https://www.mdpi.com/2304-6740/10/11/215/pdf?version=1669254997,,0,,HTTPError('403 Client Error: Forbidden for url: https://www.mdpi.com/2304-6740/10/11/215/pdf?version=1669254997')
10.3390/inorganics11120477,,failed,gold,publisher,https://www.mdpi.com/2304-6740/11/12/477/pdf?version=1702528571,,0,,HTTPError('403 Client Error: Forbidden for url: https://www.mdpi.com/2304-6740/11/12/477/pdf?version=1702528571')
10.3390/jfb14030120,unpaywall_oa_0666.pdf,downloaded,gold,publisher,https://repository.unair.ac.id/124159/2/18.pdf,https://repository.unair.ac.id/124159/2/18.pdf,4950683,200.0,alt_location:repository:url_for_pdf
10.3390/ma15030877,unpaywall_oa_0667.pdf,downloaded,gold,publisher,https://uvadoc.uva.es/handle/10324/63056,https://uvadoc.uva.es/bitstream/handle/10324/63056/Structure-and-Electrical-Behavior.pdf?sequence=1,2739498,200.0,alt_location:repository:url
10.3390/ma15093021,,failed,gold,publisher,https://www.mdpi.com/1996-1944/15/9/3021/pdf?version=1650605198,,0,,HTTPError('403 Client Error: Forbidden for url: https://www.mdpi.com/1996-1944/15/9/3021/pdf?version=1650605198')
10.3390/ma15124189,,failed,gold,publisher,https://www.mdpi.com/1996-1944/15/12/4189/pdf?version=1655118703,,0,,HTTPError('403 Client Error: Forbidden for url: https://www.mdpi.com/1996-1944/15/12/4189/pdf?version=1655118703')
10.3390/ma15238325,,failed,gold,publisher,https://www.mdpi.com/1996-1944/15/23/8325/pdf?version=1669205815,,0,,HTTPError('403 Client Error: Forbidden for url: https://www.mdpi.com/1996-1944/15/23/8325/pdf?version=1669205815')
10.3390/ma16051959,,failed,gold,publisher,https://www.mdpi.com/1996-1944/16/5/1959/pdf?version=1677505561,,0,,HTTPError('403 Client Error: Forbidden for url: https://www.mdpi.com/1996-1944/16/5/1959/pdf?version=1677505561')
10.3390/ma16114077,,failed,gold,publisher,https://www.mdpi.com/1996-1944/16/11/4077/pdf?version=1685518740,,0,,HTTPError('403 Client Error: Forbidden for url: https://www.mdpi.com/1996-1944/16/11/4077/pdf?version=1685518740')
10.3390/ma16134688,unpaywall_oa_0673.pdf,downloaded,gold,publisher,https://pure.tue.nl/ws/files/312776758/materials-16-04688.pdf,https://pure.tue.nl/ws/files/312776758/materials-16-04688.pdf,5771490,200.0,alt_location:repository:url_for_pdf
10.3390/ma16165522,,failed,gold,publisher,https://www.mdpi.com/1996-1944/16/16/5522/pdf?version=1691496668,,0,,HTTPError('403 Client Error: Forbidden for url: https://www.mdpi.com/1996-1944/16/16/5522/pdf?version=1691496668')
10.3390/ma17071620,,failed,gold,publisher,https://www.mdpi.com/1996-1944/17/7/1620/pdf?version=1712051221,,0,,HTTPError('403 Client Error: Forbidden for url: https://www.mdpi.com/1996-1944/17/7/1620/pdf?version=1712051221')
10.3390/ma17123036,,failed,gold,publisher,https://www.mdpi.com/1996-1944/17/12/3036/pdf?version=1718891077,,0,,HTTPError('403 Client Error: Forbidden for url: https://www.mdpi.com/1996-1944/17/12/3036/pdf?version=1718891077')
10.3390/ma17205019,,failed,gold,publisher,https://www.mdpi.com/1996-1944/17/20/5019/pdf?version=1728903367,,0,,HTTPError('403 Client Error: Forbidden for url: https://www.mdpi.com/1996-1944/17/20/5019/pdf?version=1728903367')
10.3390/ma18122879,,failed,gold,publisher,https://www.mdpi.com/1996-1944/18/12/2879/pdf?version=1750240931,,0,,HTTPError('403 Client Error: Forbidden for url: https://www.mdpi.com/1996-1944/18/12/2879/pdf?version=1750240931')
10.3390/ma18245530,,failed,gold,publisher,https://doi.org/10.3390/ma18245530,,0,,HTTPError('403 Client Error: Forbidden for url: https://www.mdpi.com/1996-1944/18/24/5530')
10.3390/ma18245568,,failed,gold,publisher,https://www.mdpi.com/1996-1944/18/24/5568/pdf?version=1765455325,,0,,HTTPError('403 Client Error: Forbidden for url: https://www.mdpi.com/1996-1944/18/24/5568/pdf?version=1765455325')
10.3390/membranes14100216,,failed,gold,publisher,https://www.mdpi.com/2077-0375/14/10/216/pdf?version=1728882248,,0,,HTTPError('403 Client Error: Forbidden for url: https://www.mdpi.com/2077-0375/14/10/216/pdf?version=1728882248')
10.3390/met13121960,,failed,gold,publisher,https://www.mdpi.com/2075-4701/13/12/1960/pdf?version=1701349960,,0,,HTTPError('403 Client Error: Forbidden for url: https://www.mdpi.com/2075-4701/13/12/1960/pdf?version=1701349960')
10.3390/mi13071097,,failed,gold,publisher,https://www.mdpi.com/2072-666X/13/7/1097/pdf?version=1657700238,,0,,HTTPError('403 Client Error: Forbidden for url: https://www.mdpi.com/2072-666X/13/7/1097/pdf?version=1657700238')
10.3390/mi14020279,,failed,gold,publisher,https://www.mdpi.com/2072-666X/14/2/279/pdf?version=1674288880,,0,,HTTPError('403 Client Error: Forbidden for url: https://www.mdpi.com/2072-666X/14/2/279/pdf?version=1674288880')
10.3390/mi14071278,,failed,gold,publisher,https://www.mdpi.com/2072-666X/14/7/1278/pdf?version=1687349536,,0,,HTTPError('403 Client Error: Forbidden for url: https://www.mdpi.com/2072-666X/14/7/1278/pdf?version=1687349536')
10.3390/mi14101909,,failed,gold,publisher,https://www.mdpi.com/2072-666X/14/10/1909/pdf?version=1696659077,,0,,HTTPError('403 Client Error: Forbidden for url: https://www.mdpi.com/2072-666X/14/10/1909/pdf?version=1696659077')
10.3390/mi16060718,,failed,gold,publisher,https://www.mdpi.com/2072-666X/16/6/718/pdf?version=1750141806,,0,,HTTPError('403 Client Error: Forbidden for url: https://www.mdpi.com/2072-666X/16/6/718/pdf?version=1750141806')
10.3390/molecules27238123,,failed,gold,publisher,https://www.mdpi.com/1420-3049/27/23/8123/pdf?version=1669369179,,0,,HTTPError('403 Client Error: Forbidden for url: https://www.mdpi.com/1420-3049/27/23/8123/pdf?version=1669369179')
10.3390/molecules28155876,unpaywall_oa_0689.pdf,downloaded,gold,publisher,https://hal.science/hal-04196046v1/document,https://hal.science/hal-04196046v1/document,5746981,200.0,alt_location:repository:url_for_pdf
10.3390/molecules28166133,unpaywall_oa_0690.pdf,downloaded,gold,publisher,https://hal.science/hal-04797632/document,https://hal.science/hal-04797632/document,2397170,200.0,alt_location:repository:url_for_pdf
10.3390/molecules29112528,,failed,gold,publisher,https://www.mdpi.com/1420-3049/29/11/2528/pdf?version=1716869854,,0,,HTTPError('403 Client Error: Forbidden for url: https://www.mdpi.com/1420-3049/29/11/2528/pdf?version=1716869854')
10.3390/molecules29132987,,failed,gold,publisher,https://www.mdpi.com/1420-3049/29/13/2987/pdf?version=1719134622,,0,,HTTPError('403 Client Error: Forbidden for url: https://www.mdpi.com/1420-3049/29/13/2987/pdf?version=1719134622')
10.3390/molecules29194595,,failed,gold,publisher,https://www.mdpi.com/1420-3049/29/19/4595/pdf?version=1727440244,,0,,HTTPError('403 Client Error: Forbidden for url: https://www.mdpi.com/1420-3049/29/19/4595/pdf?version=1727440244')
10.3390/molecules29235705,,failed,gold,publisher,https://doi.org/10.3390/molecules29235705,,0,,HTTPError('403 Client Error: Forbidden for url: https://www.mdpi.com/1420-3049/29/23/5705')
10.3390/nano12010172,,failed,gold,publisher,https://www.mdpi.com/2079-4991/12/1/172/pdf?version=1641383386,,0,,HTTPError('403 Client Error: Forbidden for url: https://www.mdpi.com/2079-4991/12/1/172/pdf?version=1641383386')
10.3390/nano12030548,,failed,gold,publisher,https://www.mdpi.com/2079-4991/12/3/548/pdf?version=1644222362,,0,,HTTPError('403 Client Error: Forbidden for url: https://www.mdpi.com/2079-4991/12/3/548/pdf?version=1644222362')
10.3390/nano12091510,,failed,gold,publisher,https://www.mdpi.com/2079-4991/12/9/1510/pdf?version=1651221477,,0,,HTTPError('403 Client Error: Forbidden for url: https://www.mdpi.com/2079-4991/12/9/1510/pdf?version=1651221477')
10.3390/nano12111912,unpaywall_oa_0698.pdf,downloaded,gold,publisher,https://nrc-publications.canada.ca/eng/view/ft/?id=45f939f1-d7a3-4d8a-b4da-6ef15d3b3841,https://nrc-publications.canada.ca/eng/view/ft/?id=45f939f1-d7a3-4d8a-b4da-6ef15d3b3841,4568758,200.0,alt_location:repository:url_for_pdf
10.3390/nano12162859,,failed,gold,publisher,https://www.mdpi.com/2079-4991/12/16/2859/pdf?version=1660904015,,0,,HTTPError('403 Client Error: Forbidden for url: https://www.mdpi.com/2079-4991/12/16/2859/pdf?version=1660904015')
10.3390/nano12193381,,failed,gold,publisher,https://www.mdpi.com/2079-4991/12/19/3381/pdf?version=1664527180,,0,,HTTPError('403 Client Error: Forbidden for url: https://www.mdpi.com/2079-4991/12/19/3381/pdf?version=1664527180')
10.3390/nano12213890,,failed,gold,publisher,https://www.mdpi.com/2079-4991/12/21/3890/pdf?version=1667889525,,0,,HTTPError('403 Client Error: Forbidden for url: https://www.mdpi.com/2079-4991/12/21/3890/pdf?version=1667889525')
10.3390/nano12244362,,failed,gold,publisher,https://www.mdpi.com/2079-4991/12/24/4362/pdf?version=1670413899,,0,,HTTPError('403 Client Error: Forbidden for url: https://www.mdpi.com/2079-4991/12/24/4362/pdf?version=1670413899')
10.3390/nano13010161,,failed,gold,publisher,https://www.mdpi.com/2079-4991/13/1/161/pdf?version=1672906632,,0,,HTTPError('403 Client Error: Forbidden for url: https://www.mdpi.com/2079-4991/13/1/161/pdf?version=1672906632')
10.3390/nano13111765,,failed,gold,publisher,https://www.mdpi.com/2079-4991/13/11/1765/pdf?version=1685437655,,0,,HTTPError('403 Client Error: Forbidden for url: https://www.mdpi.com/2079-4991/13/11/1765/pdf?version=1685437655')
10.3390/nano13121858,,failed,gold,publisher,https://www.mdpi.com/2079-4991/13/12/1858/pdf?version=1686735970,,0,,HTTPError('403 Client Error: Forbidden for url: https://www.mdpi.com/2079-4991/13/12/1858/pdf?version=1686735970')
10.3390/nano13152187,,failed,gold,publisher,https://www.mdpi.com/2079-4991/13/15/2187/pdf?version=1690448193,,0,,HTTPError('403 Client Error: Forbidden for url: https://www.mdpi.com/2079-4991/13/15/2187/pdf?version=1690448193')
10.3390/nano13192702,,failed,gold,publisher,https://www.mdpi.com/2079-4991/13/19/2702/pdf?version=1696417820,,0,,HTTPError('403 Client Error: Forbidden for url: https://www.mdpi.com/2079-4991/13/19/2702/pdf?version=1696417820')
10.3390/nano13243110,,failed,gold,publisher,https://www.mdpi.com/2079-4991/13/24/3110/pdf?version=1702195028,,0,,HTTPError('403 Client Error: Forbidden for url: https://www.mdpi.com/2079-4991/13/24/3110/pdf?version=1702195028')
10.3390/nano14141212,unpaywall_oa_0709.pdf,downloaded,gold,publisher,https://lirias.kuleuven.be/retrieve/c4a82a0d-a3ba-42b8-aff9-621cbf54c4b3,https://lirias.kuleuven.be/retrieve/c4a82a0d-a3ba-42b8-aff9-621cbf54c4b3,6954008,200.0,alt_location:repository:url_for_pdf
10.3390/nano14151274,unpaywall_oa_0710.pdf,downloaded,gold,publisher,https://www.osti.gov/servlets/purl/2440398,https://www.osti.gov/servlets/purl/2440398,3849860,200.0,alt_location:repository:url_for_pdf
10.3390/nano14221801,,failed,gold,publisher,https://www.mdpi.com/2079-4991/14/22/1801/pdf?version=1731217662,,0,,HTTPError('403 Client Error: Forbidden for url: https://www.mdpi.com/2079-4991/14/22/1801/pdf?version=1731217662')
10.3390/nano15050340,,failed,gold,publisher,https://www.mdpi.com/2079-4991/15/5/340/pdf?version=1740218641,,0,,HTTPError('403 Client Error: Forbidden for url: https://www.mdpi.com/2079-4991/15/5/340/pdf?version=1740218641')
10.3390/nano15070474,,failed,gold,publisher,https://www.mdpi.com/2079-4991/15/7/474/pdf?version=1742541705,,0,,HTTPError('403 Client Error: Forbidden for url: https://www.mdpi.com/2079-4991/15/7/474/pdf?version=1742541705')
10.3390/nano15070555,,failed,gold,publisher,https://www.mdpi.com/2079-4991/15/7/555/pdf?version=1743841572,,0,,HTTPError('403 Client Error: Forbidden for url: https://www.mdpi.com/2079-4991/15/7/555/pdf?version=1743841572')
10.3390/nano15100710,,failed,gold,publisher,https://www.mdpi.com/2079-4991/15/10/710/pdf?version=1746764627,,0,,HTTPError('403 Client Error: Forbidden for url: https://www.mdpi.com/2079-4991/15/10/710/pdf?version=1746764627')
10.3390/nano15110819,,failed,gold,publisher,https://www.mdpi.com/2079-4991/15/11/819/pdf?version=1748504208,,0,,HTTPError('403 Client Error: Forbidden for url: https://www.mdpi.com/2079-4991/15/11/819/pdf?version=1748504208')
10.3390/nano15211674,,failed,gold,publisher,https://www.mdpi.com/2079-4991/15/21/1674/pdf?version=1762239757,,0,,HTTPError('403 Client Error: Forbidden for url: https://www.mdpi.com/2079-4991/15/21/1674/pdf?version=1762239757')
10.3390/nano15241867,,failed,gold,publisher,https://doi.org/10.3390/nano15241867,,0,,HTTPError('403 Client Error: Forbidden for url: https://www.mdpi.com/2079-4991/15/24/1867')
10.3390/nano15241891,,failed,gold,publisher,https://www.mdpi.com/2079-4991/15/24/1891/pdf,,0,,HTTPError('403 Client Error: Forbidden for url: https://www.mdpi.com/2079-4991/15/24/1891/pdf')
10.3390/pr12030612,,failed,gold,publisher,https://www.mdpi.com/2227-9717/12/3/612/pdf?version=1710910677,,0,,HTTPError('403 Client Error: Forbidden for url: https://www.mdpi.com/2227-9717/12/3/612/pdf?version=1710910677')
10.3390/s22114087,,failed,gold,publisher,https://www.mdpi.com/1424-8220/22/11/4087/pdf?version=1653903169,,0,,HTTPError('403 Client Error: Forbidden for url: https://www.mdpi.com/1424-8220/22/11/4087/pdf?version=1653903169')
10.3390/s22166132,,failed,gold,publisher,https://www.mdpi.com/1424-8220/22/16/6132/pdf?version=1660714633,,0,,HTTPError('403 Client Error: Forbidden for url: https://www.mdpi.com/1424-8220/22/16/6132/pdf?version=1660714633')
10.3390/s25123622,,failed,gold,publisher,https://www.mdpi.com/1424-8220/25/12/3622/pdf?version=1749536898,,0,,HTTPError('403 Client Error: Forbidden for url: https://www.mdpi.com/1424-8220/25/12/3622/pdf?version=1749536898')
10.3390/separations11010024,unpaywall_oa_0724.pdf,downloaded,gold,publisher,https://repository.tudelft.nl/file/File_8ff9527b-0f3a-4658-8163-056474d5c8bb,https://repository.tudelft.nl/file/File_8ff9527b-0f3a-4658-8163-056474d5c8bb,4221440,200.0,alt_location:repository:url_for_pdf
10.3390/solids3020018,,failed,gold,publisher,https://www.mdpi.com/2673-6497/3/2/18/pdf?version=1651765175,,0,,HTTPError('403 Client Error: Forbidden for url: https://www.mdpi.com/2673-6497/3/2/18/pdf?version=1651765175')
10.35848/1347-4065/ac3d45,,failed,green,repository,https://hdl.handle.net/1721.1/138840,,0,,HTTPError('403 Client Error: Forbidden for url: https://dspace.mit.edu/bitstream/handle/1721.1/138840/2109.04597.pdf?sequence=2')
10.35848/1347-4065/ac5fb8,,failed,bronze,publisher,https://iopscience.iop.org/article/10.35848/1347-4065/ac5fb8/pdf,https://validate.perfdrive.com/fb803c746e9148689b3984a31fccd902/?ssa=6a30e588-7551-4ffe-be91-e3bfa7268a9b&ssb=36679233555&ssc=https%3A%2F%2Fiopscience.iop.org%2Farticle%2F10.35848%2F1347-4065%2Fac5fb8%2Fpdf&ssi=2ee807c7-cnvj-4d94-bccf-ba5ba1574fb1&ssk=botmanager_support@radware.com&ssm=08660127733328607135851243656751&ssn=a1d32d50f58aa4025c51cd0cd49bb6e43c219ee01ba2-0a86-4925-8613ed&sso=838ba13b-ee9e3d13611d7d8aa5295227b7b0f58c186a69e278a4f4e1&ssp=00653382861778846322177889200454868&ssq=43361526374377364287663741793350062379824&ssr=MTgyLjY5LjE3Ni4xMA==&sst=ALD%20corpus%20builder%20(mailto:dabeetkd24@iitk.ac.in)&ssu=&ssv=&ssw=&ssx=eyJfX3V6bWYiOiI3ZjkwMDA5ZWUwMWJhMi0wYTg2LTQ5MjUtODEzYi1lZTllM2QxMzYxMWQxLTE3Nzg4NjM3NDE3NjAxMzcwLTAwMzM3NzAxN2QwNzk2NGYxYTkxMyIsInV6bXgiOiI3ZjkwMDBmODMxMmI2Mi00YTgwLTRiNTYtODIxZC03OTU2MzllZDY3OWMxLTE3Nzg4NjM3NDE3NjAxMzcwLWQ1NGJkZmRlM2MyNzg4YmUxMyIsInJkIjoiaW9wLm9yZyJ9,0,200.0,no PDF link found on OA page
10.35848/1347-4065/acc256,,failed,hybrid,publisher,https://iopscience.iop.org/article/10.35848/1347-4065/acc256/pdf,https://validate.perfdrive.com/fb803c746e9148689b3984a31fccd902/?ssa=697b13e0-dea0-4ddd-adea-3bcfa39fac67&ssb=36679233555&ssc=https%3A%2F%2Fiopscience.iop.org%2Farticle%2F10.35848%2F1347-4065%2Facc256%2Fpdf&ssi=5b0a0270-cnvj-4526-8fc9-bc5a67610186&ssk=botmanager_support@radware.com&ssm=08660127733328607135851243656751&ssn=a1d32d50a59af6dba625f472d8a8b6e43c215c5c5b0b-80ea-4b84-8613ed&sso=838ba4a6-bc25cbfa4a737d8aa5290252a4b37872bef90a5278a4f4e1&ssp=00653382861778846322177889200454868&ssq=43361526374377364287663741793350062379824&ssr=MTgyLjY5LjE3Ni4xMA==&sst=ALD%20corpus%20builder%20(mailto:dabeetkd24@iitk.ac.in)&ssu=&ssv=&ssw=&ssx=eyJ1em14IjoiN2Y5MDAwNjAxOWFmMzEtYzYwNi00YTQxLTliNGUtMzVjYjk0M2IyMzU0MS0xNzc4ODYzNzQxODY3MTI3Ni1mMzNmODE5MWNjMzY2N2JlMTMiLCJfX3V6bWYiOiI3ZjkwMDA1YzVjNWIwYi04MGVhLTRiODQtODRhNi1iYzI1Y2JmYTRhNzMxLTE3Nzg4NjM3NDE4NjcxMjc2LTAwMzQ5MWE3MjdjNDMzZDUyZDExMyIsInJkIjoiaW9wLm9yZyJ9,0,200.0,no PDF link found on OA page
10.35848/1347-4065/acc3a7,,failed,bronze,publisher,https://iopscience.iop.org/article/10.35848/1347-4065/acc3a7/pdf,https://validate.perfdrive.com/fb803c746e9148689b3984a31fccd902/?ssa=8e3a407c-8f6f-4881-901d-8fbfbe2ed1fc&ssb=23191255826&ssc=https%3A%2F%2Fiopscience.iop.org%2Farticle%2F10.35848%2F1347-4065%2Facc3a7%2Fpdf&ssi=602cd934-cnvj-4784-8d60-1f0a82871690&ssk=botmanager_support@radware.com&ssm=92668776029152669133715443534861&ssn=9261dacbf7dead61824f0075710f8dcf629c72434854-abd5-481b-b03c5c&sso=10e6ce22-81acbe0dac617a0c7d695997f478e3593d33a20a8aca4542&ssp=16224484371778880840177886849114403&ssq=58017266374849750102263746463423800211441&ssr=MTgyLjY5LjE3Ni4xMA==&sst=ALD%20corpus%20builder%20(mailto:dabeetkd24@iitk.ac.in)&ssu=&ssv=&ssw=&ssx=eyJ1em14IjoiN2Y5MDAwNTkwZmFkN2EtZjk5MC00ZjEwLThiMTEtZTBlM2U2N2VhNjJhMS0xNzc4ODYzNzQ2NDg1MTU3Mi1hODg5NDYwZjhhNTdhZjkwMTMiLCJfX3V6bWYiOiI3ZjkwMDA3MjQzNDg1NC1hYmQ1LTQ4MWItYmUyMi04MWFjYmUwZGFjNjExLTE3Nzg4NjM3NDY0ODUxNTcyLTAwM2MxZmE2ZGM4ODljOWE5ZTMxMyIsInJkIjoiaW9wLm9yZyJ9,0,200.0,no PDF link found on OA page
10.35848/1347-4065/ad33f1,,failed,bronze,publisher,https://iopscience.iop.org/article/10.35848/1347-4065/ad33f1/pdf,https://validate.perfdrive.com/fb803c746e9148689b3984a31fccd902/?ssa=1449c879-fa4b-4309-9130-d86d2100dc0f&ssb=50864242088&ssc=https%3A%2F%2Fiopscience.iop.org%2Farticle%2F10.35848%2F1347-4065%2Fad33f1%2Fpdf&ssi=0b3043cd-cnvj-4e29-99ab-6f3a3cae043b&ssk=botmanager_support@radware.com&ssm=25380427130868283133796487276477&ssn=7a4739173ea55de91778e8063c41606c3563d060f1e0-54ec-4b45-89dd3f&sso=6648e435-81377e7939757cd35cf45bbfe8d48cb9d24deddb7cd52204&ssp=57225974841778806507177886519617356&ssq=55724876374946705354163747568609144113789&ssr=MTgyLjY5LjE3Ni4xMA==&sst=ALD%20corpus%20builder%20(mailto:dabeetkd24@iitk.ac.in)&ssu=&ssv=&ssw=&ssx=eyJ1em14IjoiN2Y5MDAwMDE1MWJlM2ItYTQyYi00ODY0LTkyOTgtZDNiNDI4NTE2OTI4MS0xNzc4ODYzNzQ3MTgyMTgzMi03NTFkNzkzNGUzZDNiMzUwMTMiLCJyZCI6ImlvcC5vcmciLCJfX3V6bWYiOiI3ZjkwMDBkMDYwZjFlMC01NGVjLTRiNDUtODQzNS04MTM3N2U3OTM5NzUxLTE3Nzg4NjM3NDcxODIxODMyLTAwMzlhMzkwYzhjY2MwYjE5MGExMyJ9,0,200.0,no PDF link found on OA page
10.35848/1347-4065/adde6a,,failed,hybrid,publisher,https://doi.org/10.35848/1347-4065/adde6a,https://validate.perfdrive.com/fb803c746e9148689b3984a31fccd902/?ssa=6b6e8241-e431-467b-b787-dfe66812062c&ssb=74747258460&ssc=https%3A%2F%2Fiopscience.iop.org%2Farticle%2F10.35848%2F1347-4065%2Fadde6a&ssi=bff77368-cnvj-4e87-b41d-931f154e746f&ssk=botmanager_support@radware.com&ssm=32081568328939362138608489864934&ssn=d7d928e47905820efeffef707f71fe1e53e43bd0ab85-de2b-4da8-92fde1&sso=3da350e0-f7bc4a21bcf8dd3c94a91eea0e56d7427c6c7992e631aa12&ssp=58252423911778859028177880418780737&ssq=18966176375146065564963750796667294891058&ssr=MTgyLjY5LjE3Ni4xMA==&sst=ALD%20corpus%20builder%20(mailto:dabeetkd24@iitk.ac.in)&ssu=&ssv=&ssw=&ssx=eyJfX3V6bWYiOiI3ZjkwMDAzYmQwYWI4NS1kZTJiLTRkYTgtOTBlMC1mN2JjNGEyMWJjZjgxLTE3Nzg4NjM3NTAzNjMxNDkxLTAwM2UyMjAyOWUzYTQ4MzlkNmYxMyIsInJkIjoiaW9wLm9yZyIsInV6bXgiOiI3ZjkwMDBmNTU0OTE5OS03YzNhLTQwYTMtODU0Yy1hODIxZWM3MTFmYTUxLTE3Nzg4NjM3NTAzNjMxNDkxLTFiMTUwNDlkNWNkZGEwOTgxMyJ9,0,200.0,no PDF link found on OA page
10.35848/1882-0786/acdd4e,,failed,hybrid,publisher,https://iopscience.iop.org/article/10.35848/1882-0786/acdd4e/pdf,https://validate.perfdrive.com/fb803c746e9148689b3984a31fccd902/?ssa=ff51ca09-ce55-4846-9514-b72eda2afd5c&ssb=74747258460&ssc=https%3A%2F%2Fiopscience.iop.org%2Farticle%2F10.35848%2F1882-0786%2Facdd4e%2Fpdf&ssi=f2c5ce27-cnvj-4a6b-bce2-fd471b4b2c0e&ssk=botmanager_support@radware.com&ssm=32081568328939362138608489864934&ssn=d7d928e4faeeaa219471808d160bfe1e53e48cd9813a-4d69-4c9e-92fde1&sso=3da35bb2-5de4116b720add3c94a9001f55aa32335bcdb97de631aa12&ssp=58252423911778859028177880418780737&ssq=18966176375146065564963750796667294891058&ssr=MTgyLjY5LjE3Ni4xMA==&sst=ALD%20corpus%20builder%20(mailto:dabeetkd24@iitk.ac.in)&ssu=&ssv=&ssw=&ssx=eyJ1em14IjoiN2Y5MDAwNTQwZGMyMDAtNzk1Mi00Yjk4LTg1MjgtNjNjZjQyNmQzZTY1MS0xNzc4ODYzNzUwMzI4MTM3OS0yMjhkNWMwNDIxODU4YzE0MTMiLCJfX3V6bWYiOiI3ZjkwMDA4Y2Q5ODEzYS00ZDY5LTRjOWUtOWJiMi01ZGU0MTE2YjcyMGExLTE3Nzg4NjM3NTAzMjgxMzc5LTAwMzEwOTVkYWVkNjBiOTgwMjAxMyIsInJkIjoiaW9wLm9yZyJ9,0,200.0,no PDF link found on OA page
10.35848/1882-0786/acf486,,failed,hybrid,publisher,https://doi.org/10.35848/1882-0786/acf486,https://validate.perfdrive.com/fb803c746e9148689b3984a31fccd902/?ssa=b19bc014-d17c-4141-af9a-d87b3131fd25&ssb=94727200772&ssc=https%3A%2F%2Fiopscience.iop.org%2Farticle%2F10.35848%2F1882-0786%2Facf486&ssi=f7e5d575-cnvj-4e4d-a7f7-df65909feeed&ssk=botmanager_support@radware.com&ssm=48835117833229804133925675015809&ssn=03947605c09258e036bd58bf86eb400f4a4c95ede8bd-3fde-4f6a-9f1ba6&sso=2b041e57-0c0305cb04c4e153ec57282fc20599f68d2a1791f736bff7&ssp=61892517971778826747177886464890886&ssq=54232376375266002960763751122544784890915&ssr=MTgyLjY5LjE3Ni4xMA==&sst=ALD%20corpus%20builder%20(mailto:dabeetkd24@iitk.ac.in)&ssu=&ssv=&ssw=&ssx=eyJfX3V6bWYiOiI3ZjkwMDA5NWVkZThiZC0zZmRlLTRmNmEtOWU1Ny0wYzAzMDVjYjA0YzQxLTE3Nzg4NjM3NTEwMzMxODM0LTAwM2ZiNzE5YjYzZTNkMTE5NjkxMyIsInJkIjoiaW9wLm9yZyIsInV6bXgiOiI3ZjkwMDBmOTI1NTYyZC1jNWFiLTQxZmItODRiYy1jZmNmYTY4NzgxN2MxLTE3Nzg4NjM3NTEwMzMxODM0LWY1NDA5Mjg5MzgzMTkzZTQxMyJ9,0,200.0,no PDF link found on OA page
10.37188/CJL.20230012,unpaywall_oa_0733.pdf,downloaded,bronze,publisher,http://cjl.lightpublishing.cn/rc-pub/front/front-article/download?siteId=62&id=35638063&attachType=lowqualitypdf&token=&language=zh,https://cjl.lightpublishing.cn/rc-pub/front/front-article/download?siteId=62&id=35638063&attachType=lowqualitypdf&token=&language=zh,6422300,200.0,
10.37188/CJL.20230310,unpaywall_oa_0734.pdf,downloaded,bronze,publisher,https://cjl.lightpublishing.cn/rc-pub/front/front-article/download/54593167/lowqualitypdf/Al<sub>2</sub>O<sub>3</sub>è¡¨é¢åè¦å¢å¼ºK<sub>2</sub>SiF<sub>6</sub>â¶Mn<sup>4+</sup>è§åç²ååæ§è½åæ¹¿ç­ç¨³å®æ§.pdf,https://cjl.lightpublishing.cn/rc-pub/front/front-article/download/54593167/lowqualitypdf/Al%3Csub%3E2%3C/sub%3EO%3Csub%3E3%3C/sub%3E%C3%A8%C2%A1%C2%A8%C3%A9%C2%9D%C2%A2%C3%A5%C2%8C%C2%85%C3%A8%C2%A6%C2%86%C3%A5%C2%A2%C2%9E%C3%A5%C2%BC%C2%BAK%3Csub%3E2%3C/sub%3ESiF%3Csub%3E6%3C/sub%3E%C3%A2%C2%88%C2%B6Mn%3Csup%3E4+%3C/sup%3E%C3%A8%C2%8D%C2%A7%C3%A5%C2%85%C2%89%C3%A7%C2%B2%C2%89%C3%A5%C2%8F%C2%91%C3%A5%C2%85%C2%89%C3%A6%C2%80%C2%A7%C3%A8%C2%83%C2%BD%C3%A5%C2%92%C2%8C%C3%A6%C2%B9%C2%BF%C3%A7%C2%83%C2%AD%C3%A7%C2%A8%C2%B3%C3%A5%C2%AE%C2%9A%C3%A6%C2%80%C2%A7.pdf,12992951,200.0,
10.37190/ABB-02175-2022-01,unpaywall_oa_0735.pdf,downloaded,gold,publisher,https://doi.org/10.37190/abb-02175-2022-01,https://actabio.pwr.edu.pl/d/kGBUJIA1JEEd3CkV0ShBaCkQtEGp2XEFAGTc-WAJVQG9QB0hpSBs_aDxUVmJKUQVBGFAfanZPHQ5LaUNCDR4KEhNHWHEQSzpSeRIZBwEHE1kFRUpwfVxeTks2E0dETVgLEVgUP0ZE/76.pdf,1217154,200.0,
10.3740/MRSK.2024.34.3.163,unpaywall_oa_0736.pdf,downloaded,hybrid,publisher,https://journal.mrs-k.or.kr/articles/pdf/ymza/mrsk-2024-034-03-5.pdf,https://cdn.apub.kr/journalsite/sites/mrsk/2024-034-03/N0340340305/N0340340305.pdf,3878351,200.0,
10.3762/BJNANO.14.78,unpaywall_oa_0737.pdf,downloaded,gold,publisher,https://www.beilstein-journals.org/bjnano/content/pdf/2190-4286-14-78.pdf,https://www.beilstein-journals.org/bjnano/content/pdf/2190-4286-14-78.pdf,2289781,200.0,
10.3762/BJNANO.14.89,unpaywall_oa_0738.pdf,downloaded,gold,publisher,https://www.beilstein-journals.org/bjnano/content/pdf/2190-4286-14-89.pdf,https://www.beilstein-journals.org/bjnano/content/pdf/2190-4286-14-89.pdf,1506606,200.0,
10.3762/bjnano.13.103,unpaywall_oa_0739.pdf,downloaded,gold,publisher,https://www.beilstein-journals.org/bjnano/content/pdf/2190-4286-13-103.pdf,https://www.beilstein-journals.org/bjnano/content/pdf/2190-4286-13-103.pdf,19141959,200.0,
10.3788/AOS222052,,failed,bronze,publisher,https://www.opticsjournal.net/Articles/GetArticlePDF/OJdac80cfdaa0affc1,https://www.opticsjournal.net/Articles/GetArticlePDF/OJdac80cfdaa0affc1,0,200.0,no PDF link found on OA page
10.3788/AOS231331,,failed,bronze,publisher,https://www.opticsjournal.net/Articles/GetArticlePDF/OJ7cacd50bcf5c6e66,https://www.opticsjournal.net/Articles/GetArticlePDF/OJ7cacd50bcf5c6e66,0,200.0,no PDF link found on OA page
10.3788/AOS250600,,failed,bronze,publisher,https://www.opticsjournal.net/Articles/GetArticlePDF/OJbad171a60ce4331d,https://www.opticsjournal.net/Articles/GetArticlePDF/OJbad171a60ce4331d,0,200.0,no PDF link found on OA page
10.3788/LOP250552,,failed,bronze,publisher,https://www.opticsjournal.net/Articles/GetArticlePDF/OJf1aca1156da5c96e,https://www.opticsjournal.net/Articles/GetArticlePDF/OJf1aca1156da5c96e,0,200.0,no PDF link found on OA page
10.3788/gzxb20235206.0631002,,failed,green,repository,http://ir.opt.ac.cn/handle/181661/96854,,0,,"ConnectTimeout(MaxRetryError(""HTTPConnectionPool(host='ir.opt.ac.cn', port=80): Max retries exceeded with url: /handle/181661/96854 (Caused by ConnectTimeoutError(<urllib3.connection.HTTPConnection object at 0x7a7d953a5e80>, 'Connection to ir.opt.ac.cn timed out. (connect timeout=45)'))""))"
10.37904/nanocon.2022.4617,unpaywall_oa_0745.pdf,downloaded,hybrid,publisher,https://www.confer.cz/nanocon/2022/download/4617-simulation-of-lifetime-characterization-of-textured-silicon-and-comparision-with-experimental-results.pdf,https://www.confer.cz/nanocon/2022/download/4617-simulation-of-lifetime-characterization-of-textured-silicon-and-comparision-with-experimental-results.pdf,439393,200.0,
10.37904/nanocon.2022.4618,unpaywall_oa_0746.pdf,downloaded,hybrid,publisher,https://www.confer.cz/nanocon/2022/download/4618-sers-of-organic-analyte-on-the-filter-paper-with-tio2-ald-coating-and-ag-nanoparticles.pdf,https://www.confer.cz/nanocon/2022/download/4618-sers-of-organic-analyte-on-the-filter-paper-with-tio2-ald-coating-and-ag-nanoparticles.pdf,706406,200.0,
10.4028/p-3DecpR,,failed,hybrid,publisher,https://doi.org/10.4028/p-3decpr,https://www.scientific.net/KEM.1008.15,165734,200.0,downloaded response was not a PDF
10.55730/1300-0527.3648,unpaywall_oa_0749.pdf,downloaded,gold,publisher,https://www.osti.gov/servlets/purl/2470140,https://www.osti.gov/servlets/purl/2470140,529571,200.0,alt_location:repository:url_for_pdf
10.6023/A23040128,,failed,bronze,publisher,http://sioc-journal.cn/Jwk_hxxb/EN/article/downloadArticleFile.do?attachType=PDF&id=350174,,0,,HTTPError('403 Client Error: Forbidden for url: https://sioc-journal.cn/Jwk_hxxb/EN/article/downloadArticleFile.do?attachType=PDF&id=350174')
10.7498/aps.72.20230113,unpaywall_oa_0750.pdf,downloaded,gold,publisher,https://wulixb.iphy.ac.cn/pdf-content/10.7498/aps.72.20230113.pdf,https://wulixb.iphy.ac.cn/article/pdf/preview/10.7498/aps.72.20230113.pdf,1567695,200.0,
10.7498/aps.73.20230832,unpaywall_oa_0751.pdf,downloaded,gold,publisher,https://wulixb.iphy.ac.cn/pdf-content/10.7498/aps.73.20230832.pdf,https://wulixb.iphy.ac.cn/article/pdf/preview/10.7498/aps.73.20230832.pdf,2911358,200.0,
10.7498/aps.73.20240218,unpaywall_oa_0752.pdf,downloaded,gold,publisher,https://wulixb.iphy.ac.cn/pdf-content/10.7498/aps.73.20240218.pdf,https://wulixb.iphy.ac.cn/article/pdf/preview/10.7498/aps.73.20240218.pdf,2880863,200.0,
10.7736/JKSPE.025.025,unpaywall_oa_0754.pdf,downloaded,gold,publisher,https://doaj.org/article/97a969a992394a8fbffd0e31d4b6cde0,https://jkspe.or.kr/upload/pdf/KSPE_2025_v42n10_851.pdf,2681160,200.0,alt_location:repository:url
