document_id,dominant_topic,dominant_probability,topic_distribution,token_count
elsevier_paper_1000,2,0.712271,"{""0"": 0.080611, ""1"": 1.6e-05, ""2"": 0.712271, ""3"": 0.207102}",5029
elsevier_paper_1001,0,0.999722,"{""0"": 0.999722, ""1"": 0.000181, ""2"": 6.2e-05, ""3"": 3.5e-05}",446
elsevier_paper_1003,0,0.817833,"{""0"": 0.817833, ""1"": 0.066942, ""2"": 0.115189, ""3"": 3.6e-05}",397
elsevier_paper_1005,0,0.923947,"{""0"": 0.923947, ""1"": 0.075958, ""2"": 6.1e-05, ""3"": 3.5e-05}",406
elsevier_paper_1006,0,0.985553,"{""0"": 0.985553, ""1"": 0.014336, ""2"": 7e-05, ""3"": 4e-05}",377
elsevier_paper_1012,0,0.759827,"{""0"": 0.759827, ""1"": 0.165436, ""2"": 8.4e-05, ""3"": 0.074652}",322
elsevier_paper_102,0,0.841138,"{""0"": 0.841138, ""1"": 0.126153, ""2"": 0.019024, ""3"": 0.013685}",374
elsevier_paper_1020,0,0.999787,"{""0"": 0.999787, ""1"": 0.000139, ""2"": 4.7e-05, ""3"": 2.7e-05}",551
elsevier_paper_1021,0,0.872219,"{""0"": 0.872219, ""1"": 0.112315, ""2"": 0.004764, ""3"": 0.010702}",1783
elsevier_paper_1022,2,0.911507,"{""0"": 0.000561, ""1"": 0.080951, ""2"": 0.911507, ""3"": 0.006982}",5299
elsevier_paper_1028,0,0.99979,"{""0"": 0.99979, ""1"": 0.000137, ""2"": 4.7e-05, ""3"": 2.7e-05}",529
elsevier_paper_1040,0,0.928392,"{""0"": 0.928392, ""1"": 0.000188, ""2"": 0.071384, ""3"": 3.7e-05}",420
elsevier_paper_1043,0,0.999787,"{""0"": 0.999787, ""1"": 0.000139, ""2"": 4.7e-05, ""3"": 2.7e-05}",508
elsevier_paper_1052,3,0.928985,"{""0"": 0.001454, ""1"": 1.1e-05, ""2"": 0.06955, ""3"": 0.928985}",5958
elsevier_paper_1065,2,0.903777,"{""0"": 0.000526, ""1"": 0.095694, ""2"": 0.903777, ""3"": 3e-06}",5499
elsevier_paper_1080,0,0.999692,"{""0"": 0.999692, ""1"": 0.000201, ""2"": 6.8e-05, ""3"": 3.9e-05}",405
elsevier_paper_1090,0,0.936617,"{""0"": 0.936617, ""1"": 0.000228, ""2"": 0.063111, ""3"": 4.4e-05}",322
elsevier_paper_1094,0,0.760838,"{""0"": 0.760838, ""1"": 0.164679, ""2"": 5.7e-05, ""3"": 0.074427}",447
elsevier_paper_1096,0,0.560915,"{""0"": 0.560915, ""1"": 0.030694, ""2"": 0.408389, ""3"": 2e-06}",7173
elsevier_paper_110,0,0.801321,"{""0"": 0.801321, ""1"": 0.076682, ""2"": 6.2e-05, ""3"": 0.121935}",403
elsevier_paper_1100,3,0.999755,"{""0"": 0.000233, ""1"": 1e-05, ""2"": 3e-06, ""3"": 0.999755}",7246
elsevier_paper_1101,1,0.997814,"{""0"": 0.002131, ""1"": 0.997814, ""2"": 3.5e-05, ""3"": 2e-05}",860
elsevier_paper_1115,1,0.727294,"{""0"": 0.000877, ""1"": 0.727294, ""2"": 0.163824, ""3"": 0.108005}",6510
elsevier_paper_1116,0,0.999636,"{""0"": 0.999636, ""1"": 0.000237, ""2"": 8.1e-05, ""3"": 4.6e-05}",332
elsevier_paper_1117,1,0.622189,"{""0"": 0.002777, ""1"": 0.622189, ""2"": 0.036865, ""3"": 0.33817}",6355
elsevier_paper_1121,0,0.953883,"{""0"": 0.953883, ""1"": 0.045993, ""2"": 7.9e-05, ""3"": 4.5e-05}",303
elsevier_paper_1122,0,0.849547,"{""0"": 0.849547, ""1"": 0.150378, ""2"": 4.7e-05, ""3"": 2.7e-05}",609
elsevier_paper_1123,0,0.999664,"{""0"": 0.999664, ""1"": 0.000219, ""2"": 7.4e-05, ""3"": 4.3e-05}",357
elsevier_paper_1124,2,0.94741,"{""0"": 0.011859, ""1"": 0.040726, ""2"": 0.94741, ""3"": 5e-06}",4082
elsevier_paper_1125,0,0.800961,"{""0"": 0.800961, ""1"": 0.189939, ""2"": 6.2e-05, ""3"": 0.009039}",417
elsevier_paper_1126,0,0.828255,"{""0"": 0.828255, ""1"": 0.151169, ""2"": 5e-05, ""3"": 0.020525}",562
elsevier_paper_1127,3,0.929444,"{""0"": 0.039004, ""1"": 3.6e-05, ""2"": 0.031515, ""3"": 0.929444}",2822
elsevier_paper_1130,0,0.916864,"{""0"": 0.916864, ""1"": 0.062457, ""2"": 7.5e-05, ""3"": 0.020605}",360
elsevier_paper_1134,0,0.955176,"{""0"": 0.955176, ""1"": 0.016903, ""2"": 0.027898, ""3"": 2.4e-05}",582
elsevier_paper_1144,0,0.999714,"{""0"": 0.999714, ""1"": 0.000186, ""2"": 6.3e-05, ""3"": 3.6e-05}",395
elsevier_paper_115,3,0.684429,"{""0"": 0.070853, ""1"": 0.006112, ""2"": 0.238606, ""3"": 0.684429}",5701
elsevier_paper_1153,0,0.852216,"{""0"": 0.852216, ""1"": 0.09115, ""2"": 0.056588, ""3"": 4.5e-05}",357
elsevier_paper_1157,0,0.99969,"{""0"": 0.99969, ""1"": 0.000202, ""2"": 6.9e-05, ""3"": 3.9e-05}",361
elsevier_paper_1160,0,0.999605,"{""0"": 0.999605, ""1"": 0.000257, ""2"": 8.7e-05, ""3"": 5e-05}",289
elsevier_paper_1163,0,0.999899,"{""0"": 0.999899, ""1"": 6.6e-05, ""2"": 2.2e-05, ""3"": 1.3e-05}",1224
elsevier_paper_1165,0,0.999737,"{""0"": 0.999737, ""1"": 0.000171, ""2"": 5.8e-05, ""3"": 3.3e-05}",416
elsevier_paper_1166,0,0.999741,"{""0"": 0.999741, ""1"": 0.000169, ""2"": 5.7e-05, ""3"": 3.3e-05}",434
elsevier_paper_1167,0,0.94391,"{""0"": 0.94391, ""1"": 0.000231, ""2"": 0.055814, ""3"": 4.5e-05}",334
elsevier_paper_117,0,0.983077,"{""0"": 0.983077, ""1"": 0.016825, ""2"": 6.2e-05, ""3"": 3.6e-05}",409
elsevier_paper_1175,0,0.999544,"{""0"": 0.999544, ""1"": 0.000297, ""2"": 0.000101, ""3"": 5.8e-05}",1480
elsevier_paper_1178,0,0.887307,"{""0"": 0.887307, ""1"": 0.00016, ""2"": 0.112501, ""3"": 3.1e-05}",451
elsevier_paper_1179,0,0.999687,"{""0"": 0.999687, ""1"": 0.000204, ""2"": 6.9e-05, ""3"": 4e-05}",431
elsevier_paper_118,0,0.815771,"{""0"": 0.815771, ""1"": 0.130587, ""2"": 6.1e-05, ""3"": 0.05358}",435
elsevier_paper_1182,0,0.811641,"{""0"": 0.811641, ""1"": 0.170985, ""2"": 0.017332, ""3"": 4.2e-05}",373
elsevier_paper_1183,0,0.885871,"{""0"": 0.885871, ""1"": 0.050052, ""2"": 0.064033, ""3"": 4.4e-05}",334
elsevier_paper_1185,0,0.97483,"{""0"": 0.97483, ""1"": 0.025047, ""2"": 7.8e-05, ""3"": 4.5e-05}",318
elsevier_paper_1186,0,0.870036,"{""0"": 0.870036, ""1"": 0.129868, ""2"": 6.1e-05, ""3"": 3.5e-05}",412
elsevier_paper_1187,0,0.999764,"{""0"": 0.999764, ""1"": 0.000154, ""2"": 5.2e-05, ""3"": 3e-05}",488
elsevier_paper_1189,0,0.725561,"{""0"": 0.725561, ""1"": 0.274366, ""2"": 4.6e-05, ""3"": 2.6e-05}",526
elsevier_paper_119,0,0.994237,"{""0"": 0.994237, ""1"": 0.005661, ""2"": 6.5e-05, ""3"": 3.7e-05}",380
elsevier_paper_1192,0,0.832039,"{""0"": 0.832039, ""1"": 0.05184, ""2"": 0.013001, ""3"": 0.103119}",372
elsevier_paper_1193,0,0.999638,"{""0"": 0.999638, ""1"": 0.000236, ""2"": 8e-05, ""3"": 4.6e-05}",309
elsevier_paper_120,2,0.495633,"{""0"": 0.267066, ""1"": 0.021193, ""2"": 0.495633, ""3"": 0.216109}",5699
elsevier_paper_1201,0,0.926307,"{""0"": 0.926307, ""1"": 0.01339, ""2"": 0.060262, ""3"": 4.2e-05}",341
elsevier_paper_1202,0,0.821761,"{""0"": 0.821761, ""1"": 0.135585, ""2"": 7.3e-05, ""3"": 0.04258}",356
elsevier_paper_1210,0,0.767808,"{""0"": 0.767808, ""1"": 0.225027, ""2"": 5.1e-05, ""3"": 0.007114}",1503
elsevier_paper_1216,0,0.999763,"{""0"": 0.999763, ""1"": 0.000154, ""2"": 5.3e-05, ""3"": 3e-05}",510
elsevier_paper_1218,0,0.995742,"{""0"": 0.995742, ""1"": 0.000165, ""2"": 0.004061, ""3"": 3.2e-05}",427
elsevier_paper_1219,3,0.881017,"{""0"": 0.118971, ""1"": 1e-05, ""2"": 3e-06, ""3"": 0.881017}",7807
elsevier_paper_1225,0,0.962902,"{""0"": 0.962902, ""1"": 0.036989, ""2"": 6.9e-05, ""3"": 4e-05}",380
elsevier_paper_1227,3,0.580462,"{""0"": 0.260045, ""1"": 2.6e-05, ""2"": 0.159468, ""3"": 0.580462}",3433
elsevier_paper_1230,0,0.822591,"{""0"": 0.822591, ""1"": 0.177294, ""2"": 7.3e-05, ""3"": 4.2e-05}",352
elsevier_paper_1233,0,0.995712,"{""0"": 0.995712, ""1"": 0.000182, ""2"": 0.00407, ""3"": 3.5e-05}",397
elsevier_paper_1234,0,0.988108,"{""0"": 0.988108, ""1"": 0.011775, ""2"": 7.5e-05, ""3"": 4.3e-05}",358
elsevier_paper_1236,0,0.999719,"{""0"": 0.999719, ""1"": 0.000183, ""2"": 6.2e-05, ""3"": 3.6e-05}",469
elsevier_paper_1246,2,0.898233,"{""0"": 0.101744, ""1"": 1.9e-05, ""2"": 0.898233, ""3"": 4e-06}",5656
elsevier_paper_1247,1,0.999594,"{""0"": 0.000396, ""1"": 0.999594, ""2"": 6e-06, ""3"": 4e-06}",4777
elsevier_paper_1248,0,0.999566,"{""0"": 0.999566, ""1"": 0.000282, ""2"": 9.6e-05, ""3"": 5.5e-05}",281
elsevier_paper_1249,0,0.89874,"{""0"": 0.89874, ""1"": 0.101198, ""2"": 4e-05, ""3"": 2.3e-05}",683
elsevier_paper_1250,0,0.875336,"{""0"": 0.875336, ""1"": 0.124597, ""2"": 4.3e-05, ""3"": 2.4e-05}",574
elsevier_paper_1258,0,0.991031,"{""0"": 0.991031, ""1"": 0.000144, ""2"": 0.008797, ""3"": 2.8e-05}",495
elsevier_paper_1264,0,0.901636,"{""0"": 0.901636, ""1"": 0.056686, ""2"": 0.041642, ""3"": 3.6e-05}",448
elsevier_paper_1269,2,0.88714,"{""0"": 0.112818, ""1"": 3.5e-05, ""2"": 0.88714, ""3"": 7e-06}",3911
elsevier_paper_127,1,0.967689,"{""0"": 0.032308, ""1"": 0.967689, ""2"": 2e-06, ""3"": 1e-06}",11164
elsevier_paper_1271,0,0.971635,"{""0"": 0.971635, ""1"": 0.018434, ""2"": 0.009892, ""3"": 3.9e-05}",332
elsevier_paper_1273,0,0.99989,"{""0"": 0.99989, ""1"": 7.2e-05, ""2"": 2.4e-05, ""3"": 1.4e-05}",1055
elsevier_paper_1274,0,0.999683,"{""0"": 0.999683, ""1"": 0.000207, ""2"": 7e-05, ""3"": 4e-05}",398
elsevier_paper_1277,0,0.974649,"{""0"": 0.974649, ""1"": 0.019563, ""2"": 4.7e-05, ""3"": 0.005742}",535
elsevier_paper_1286,0,0.999708,"{""0"": 0.999708, ""1"": 0.00019, ""2"": 6.5e-05, ""3"": 3.7e-05}",381
elsevier_paper_1294,0,0.769797,"{""0"": 0.769797, ""1"": 0.200799, ""2"": 7.3e-05, ""3"": 0.029331}",373
elsevier_paper_1295,0,0.999651,"{""0"": 0.999651, ""1"": 0.000228, ""2"": 7.7e-05, ""3"": 4.4e-05}",345
elsevier_paper_1300,1,0.999691,"{""0"": 0.000301, ""1"": 0.999691, ""2"": 5e-06, ""3"": 3e-06}",6387
elsevier_paper_1304,3,0.999617,"{""0"": 0.00036, ""1"": 1.7e-05, ""2"": 6e-06, ""3"": 0.999617}",4689
elsevier_paper_1307,0,0.999663,"{""0"": 0.999663, ""1"": 0.00022, ""2"": 7.5e-05, ""3"": 4.3e-05}",363
elsevier_paper_1310,0,0.949047,"{""0"": 0.949047, ""1"": 0.037001, ""2"": 5.9e-05, ""3"": 0.013894}",474
elsevier_paper_1311,1,0.999656,"{""0"": 0.000336, ""1"": 0.999656, ""2"": 6e-06, ""3"": 3e-06}",5913
elsevier_paper_1312,0,0.930026,"{""0"": 0.930026, ""1"": 6.1e-05, ""2"": 2.1e-05, ""3"": 0.069892}",1643
elsevier_paper_1313,0,0.900942,"{""0"": 0.900942, ""1"": 0.098955, ""2"": 6.5e-05, ""3"": 3.7e-05}",381
elsevier_paper_1316,0,0.999707,"{""0"": 0.999707, ""1"": 0.000191, ""2"": 6.5e-05, ""3"": 3.7e-05}",377
elsevier_paper_1317,0,0.978293,"{""0"": 0.978293, ""1"": 0.000229, ""2"": 7.8e-05, ""3"": 0.021401}",351
elsevier_paper_1319,0,0.932488,"{""0"": 0.932488, ""1"": 0.058087, ""2"": 4.3e-05, ""3"": 0.009383}",607
elsevier_paper_132,1,0.988852,"{""0"": 0.003239, ""1"": 0.988852, ""2"": 4e-06, ""3"": 0.007904}",6101
elsevier_paper_1320,0,0.999632,"{""0"": 0.999632, ""1"": 0.00024, ""2"": 8.1e-05, ""3"": 4.7e-05}",314
elsevier_paper_1325,0,0.921045,"{""0"": 0.921045, ""1"": 0.078814, ""2"": 9e-05, ""3"": 5.2e-05}",303
elsevier_paper_133,0,0.811343,"{""0"": 0.811343, ""1"": 0.162033, ""2"": 0.026594, ""3"": 3e-05}",473
elsevier_paper_1331,0,0.830368,"{""0"": 0.830368, ""1"": 0.057448, ""2"": 0.112151, ""3"": 3.3e-05}",453
elsevier_paper_1338,0,0.727378,"{""0"": 0.727378, ""1"": 0.137321, ""2"": 0.135256, ""3"": 4.5e-05}",328
elsevier_paper_1339,0,0.976394,"{""0"": 0.976394, ""1"": 0.023504, ""2"": 6.5e-05, ""3"": 3.7e-05}",380
elsevier_paper_1345,0,0.999704,"{""0"": 0.999704, ""1"": 0.000193, ""2"": 6.6e-05, ""3"": 3.8e-05}",412
elsevier_paper_1351,0,0.632726,"{""0"": 0.632726, ""1"": 0.367174, ""2"": 6.4e-05, ""3"": 3.7e-05}",1624
elsevier_paper_1352,0,0.806829,"{""0"": 0.806829, ""1"": 0.193057, ""2"": 7.2e-05, ""3"": 4.2e-05}",395
elsevier_paper_1353,0,0.942632,"{""0"": 0.942632, ""1"": 0.05726, ""2"": 6.8e-05, ""3"": 3.9e-05}",373
elsevier_paper_1357,0,0.685564,"{""0"": 0.685564, ""1"": 0.22678, ""2"": 0.077215, ""3"": 0.010441}",313
elsevier_paper_136,0,0.966684,"{""0"": 0.966684, ""1"": 0.033224, ""2"": 5.8e-05, ""3"": 3.4e-05}",405
elsevier_paper_1360,0,0.999745,"{""0"": 0.999745, ""1"": 0.000166, ""2"": 5.7e-05, ""3"": 3.2e-05}",456
elsevier_paper_1363,0,0.99974,"{""0"": 0.99974, ""1"": 0.000169, ""2"": 5.8e-05, ""3"": 3.3e-05}",436
elsevier_paper_1364,0,0.677296,"{""0"": 0.677296, ""1"": 0.308841, ""2"": 0.013838, ""3"": 2.5e-05}",558
elsevier_paper_1365,0,0.720045,"{""0"": 0.720045, ""1"": 0.279848, ""2"": 6.8e-05, ""3"": 3.9e-05}",367
elsevier_paper_1366,0,0.999726,"{""0"": 0.999726, ""1"": 0.000179, ""2"": 6.1e-05, ""3"": 3.5e-05}",408
elsevier_paper_1371,0,0.999671,"{""0"": 0.999671, ""1"": 0.000214, ""2"": 7.3e-05, ""3"": 4.2e-05}",383
elsevier_paper_1375,0,0.908282,"{""0"": 0.908282, ""1"": 0.082677, ""2"": 8.8e-05, ""3"": 0.008954}",326
elsevier_paper_1376,3,0.809758,"{""0"": 0.010684, ""1"": 1.6e-05, ""2"": 0.179542, ""3"": 0.809758}",4956
elsevier_paper_1378,0,0.870302,"{""0"": 0.870302, ""1"": 0.0984, ""2"": 0.031261, ""3"": 3.7e-05}",407
elsevier_paper_1379,1,0.512297,"{""0"": 0.024453, ""1"": 0.512297, ""2"": 0.463245, ""3"": 4e-06}",4639
elsevier_paper_138,1,0.980702,"{""0"": 0.019292, ""1"": 0.980702, ""2"": 4e-06, ""3"": 2e-06}",5678
elsevier_paper_1393,3,0.999697,"{""0"": 0.000292, ""1"": 8e-06, ""2"": 3e-06, ""3"": 0.999697}",7653
elsevier_paper_1397,0,0.999789,"{""0"": 0.999789, ""1"": 0.000137, ""2"": 4.7e-05, ""3"": 2.7e-05}",580
elsevier_paper_1404,0,0.999583,"{""0"": 0.999583, ""1"": 0.000272, ""2"": 9.2e-05, ""3"": 5.3e-05}",275
elsevier_paper_1405,0,0.943967,"{""0"": 0.943967, ""1"": 0.039227, ""2"": 0.016774, ""3"": 3.2e-05}",497
elsevier_paper_142,0,0.999757,"{""0"": 0.999757, ""1"": 0.000158, ""2"": 5.4e-05, ""3"": 3.1e-05}",502
elsevier_paper_1421,3,0.971464,"{""0"": 0.000253, ""1"": 8e-06, ""2"": 0.028275, ""3"": 0.971464}",7708
elsevier_paper_143,0,0.93182,"{""0"": 0.93182, ""1"": 0.068074, ""2"": 6.7e-05, ""3"": 3.8e-05}",404
elsevier_paper_1433,0,0.999798,"{""0"": 0.999798, ""1"": 0.000132, ""2"": 4.5e-05, ""3"": 2.6e-05}",596
elsevier_paper_1439,1,0.92819,"{""0"": 0.071803, ""1"": 0.92819, ""2"": 5e-06, ""3"": 3e-06}",5439
elsevier_paper_144,0,0.8115,"{""0"": 0.8115, ""1"": 0.167124, ""2"": 5.3e-05, ""3"": 0.021323}",467
elsevier_paper_1441,2,0.675005,"{""0"": 0.090851, ""1"": 0.078153, ""2"": 0.675005, ""3"": 0.155991}",3702
elsevier_paper_1448,0,0.999652,"{""0"": 0.999652, ""1"": 0.000227, ""2"": 7.7e-05, ""3"": 4.4e-05}",315
elsevier_paper_1449,0,0.966452,"{""0"": 0.966452, ""1"": 0.033334, ""2"": 0.000136, ""3"": 7.8e-05}",188
elsevier_paper_145,0,0.999988,"{""0"": 0.999988, ""1"": 8e-06, ""2"": 3e-06, ""3"": 1e-06}",10008
elsevier_paper_1455,0,0.740786,"{""0"": 0.740786, ""1"": 0.219885, ""2"": 0.039279, ""3"": 5e-05}",337
elsevier_paper_1457,0,0.782153,"{""0"": 0.782153, ""1"": 0.21781, ""2"": 2.4e-05, ""3"": 1.4e-05}",1675
elsevier_paper_146,0,0.973034,"{""0"": 0.973034, ""1"": 9.1e-05, ""2"": 0.026857, ""3"": 1.8e-05}",1623
elsevier_paper_1465,0,0.999712,"{""0"": 0.999712, ""1"": 0.000187, ""2"": 6.4e-05, ""3"": 3.7e-05}",388
elsevier_paper_1476,0,0.905349,"{""0"": 0.905349, ""1"": 0.036559, ""2"": 0.058056, ""3"": 3.6e-05}",398
elsevier_paper_1482,0,0.637884,"{""0"": 0.637884, ""1"": 0.325292, ""2"": 5.8e-05, ""3"": 0.036766}",444
elsevier_paper_1485,2,0.753499,"{""0"": 0.104734, ""1"": 0.080859, ""2"": 0.753499, ""3"": 0.060908}",2345
elsevier_paper_1488,0,0.510992,"{""0"": 0.510992, ""1"": 0.000117, ""2"": 0.488868, ""3"": 2.3e-05}",1585
elsevier_paper_1490,0,0.897884,"{""0"": 0.897884, ""1"": 0.101989, ""2"": 8.1e-05, ""3"": 4.6e-05}",363
elsevier_paper_1493,2,0.698494,"{""0"": 0.279858, ""1"": 5.5e-05, ""2"": 0.698494, ""3"": 0.021593}",1743
elsevier_paper_1497,0,0.944871,"{""0"": 0.944871, ""1"": 0.055028, ""2"": 6.4e-05, ""3"": 3.7e-05}",391
elsevier_paper_1498,0,0.832102,"{""0"": 0.832102, ""1"": 0.167729, ""2"": 0.000108, ""3"": 6.2e-05}",258
elsevier_paper_1499,0,0.999628,"{""0"": 0.999628, ""1"": 0.000242, ""2"": 8.2e-05, ""3"": 4.7e-05}",316
elsevier_paper_150,0,0.926774,"{""0"": 0.926774, ""1"": 0.073118, ""2"": 6.8e-05, ""3"": 3.9e-05}",375
elsevier_paper_1500,3,0.844776,"{""0"": 0.000358, ""1"": 0.122798, ""2"": 0.032067, ""3"": 0.844776}",5733
elsevier_paper_1513,0,0.999714,"{""0"": 0.999714, ""1"": 0.000186, ""2"": 6.3e-05, ""3"": 3.6e-05}",416
elsevier_paper_1514,0,0.853944,"{""0"": 0.853944, ""1"": 0.129078, ""2"": 0.016945, ""3"": 3.3e-05}",445
elsevier_paper_1515,0,0.910404,"{""0"": 0.910404, ""1"": 0.089472, ""2"": 7.9e-05, ""3"": 4.5e-05}",323
elsevier_paper_152,0,0.999757,"{""0"": 0.999757, ""1"": 0.000158, ""2"": 5.4e-05, ""3"": 3.1e-05}",495
elsevier_paper_1521,0,0.714248,"{""0"": 0.714248, ""1"": 0.244926, ""2"": 5.1e-05, ""3"": 0.040775}",535
elsevier_paper_1523,0,0.999656,"{""0"": 0.999656, ""1"": 0.000224, ""2"": 7.6e-05, ""3"": 4.4e-05}",380
elsevier_paper_1524,0,0.615373,"{""0"": 0.615373, ""1"": 0.381938, ""2"": 0.002683, ""3"": 6e-06}",2676
elsevier_paper_1526,0,0.999669,"{""0"": 0.999669, ""1"": 0.000216, ""2"": 7.3e-05, ""3"": 4.2e-05}",1696
elsevier_paper_1529,0,0.775125,"{""0"": 0.775125, ""1"": 0.200634, ""2"": 0.02421, ""3"": 3.1e-05}",460
elsevier_paper_1530,2,0.999641,"{""0"": 0.000339, ""1"": 1.7e-05, ""2"": 0.999641, ""3"": 3e-06}",4972
elsevier_paper_1539,0,0.999577,"{""0"": 0.999577, ""1"": 0.000275, ""2"": 9.4e-05, ""3"": 5.4e-05}",280
elsevier_paper_1540,0,0.883222,"{""0"": 0.883222, ""1"": 0.116688, ""2"": 5.7e-05, ""3"": 3.3e-05}",449
elsevier_paper_1543,0,0.904555,"{""0"": 0.904555, ""1"": 0.057514, ""2"": 0.0379, ""3"": 3.1e-05}",470
elsevier_paper_1551,0,0.956884,"{""0"": 0.956884, ""1"": 0.043001, ""2"": 7.3e-05, ""3"": 4.2e-05}",369
elsevier_paper_1552,0,0.999658,"{""0"": 0.999658, ""1"": 0.000223, ""2"": 7.6e-05, ""3"": 4.4e-05}",372
elsevier_paper_1558,0,0.999685,"{""0"": 0.999685, ""1"": 0.000205, ""2"": 7e-05, ""3"": 4e-05}",396
elsevier_paper_1562,0,0.999535,"{""0"": 0.999535, ""1"": 0.000303, ""2"": 0.000103, ""3"": 5.9e-05}",254
elsevier_paper_1567,0,0.848916,"{""0"": 0.848916, ""1"": 0.150995, ""2"": 5.7e-05, ""3"": 3.3e-05}",444
elsevier_paper_1568,2,0.463773,"{""0"": 0.157395, ""1"": 0.198856, ""2"": 0.463773, ""3"": 0.179976}",4476
elsevier_paper_1572,0,0.999643,"{""0"": 0.999643, ""1"": 0.000232, ""2"": 7.9e-05, ""3"": 4.5e-05}",359
elsevier_paper_1578,0,0.943586,"{""0"": 0.943586, ""1"": 0.056327, ""2"": 5.6e-05, ""3"": 3.2e-05}",463
elsevier_paper_1579,0,0.752091,"{""0"": 0.752091, ""1"": 0.2478, ""2"": 6.9e-05, ""3"": 3.9e-05}",381
elsevier_paper_1583,0,0.999766,"{""0"": 0.999766, ""1"": 0.000153, ""2"": 5.2e-05, ""3"": 3e-05}",494
elsevier_paper_1584,3,0.966492,"{""0"": 0.001242, ""1"": 1.3e-05, ""2"": 0.032254, ""3"": 0.966492}",6786
elsevier_paper_1585,0,0.992338,"{""0"": 0.992338, ""1"": 0.007577, ""2"": 5.4e-05, ""3"": 3.1e-05}",443
elsevier_paper_1586,0,0.852278,"{""0"": 0.852278, ""1"": 0.055021, ""2"": 6.8e-05, ""3"": 0.092633}",383
elsevier_paper_1587,0,0.999632,"{""0"": 0.999632, ""1"": 0.000239, ""2"": 8.1e-05, ""3"": 4.7e-05}",317
elsevier_paper_1593,1,0.545317,"{""0"": 0.213481, ""1"": 0.545317, ""2"": 0.241199, ""3"": 3e-06}",6299
elsevier_paper_1598,3,0.999703,"{""0"": 0.000286, ""1"": 9e-06, ""2"": 3e-06, ""3"": 0.999703}",7395
elsevier_paper_1599,0,0.874735,"{""0"": 0.874735, ""1"": 0.060937, ""2"": 0.064291, ""3"": 3.7e-05}",390
elsevier_paper_1601,0,0.931893,"{""0"": 0.931893, ""1"": 0.061938, ""2"": 0.006102, ""3"": 6.6e-05}",223
elsevier_paper_1614,0,0.999703,"{""0"": 0.999703, ""1"": 0.000193, ""2"": 6.6e-05, ""3"": 3.8e-05}",372
elsevier_paper_1624,0,0.795893,"{""0"": 0.795893, ""1"": 0.197793, ""2"": 0.006265, ""3"": 4.9e-05}",313
elsevier_paper_1628,2,0.694258,"{""0"": 0.236417, ""1"": 0.069316, ""2"": 0.694258, ""3"": 1e-05}",1930
elsevier_paper_1635,0,0.980074,"{""0"": 0.980074, ""1"": 0.019843, ""2"": 5.3e-05, ""3"": 3e-05}",463
elsevier_paper_1637,0,0.986771,"{""0"": 0.986771, ""1"": 0.000225, ""2"": 7.7e-05, ""3"": 0.012927}",354
elsevier_paper_164,0,0.802301,"{""0"": 0.802301, ""1"": 0.197603, ""2"": 6.1e-05, ""3"": 3.5e-05}",434
elsevier_paper_1645,0,0.902722,"{""0"": 0.902722, ""1"": 0.026258, ""2"": 0.070985, ""3"": 3.6e-05}",435
elsevier_paper_1673,3,0.603195,"{""0"": 0.140457, ""1"": 0.190766, ""2"": 0.065581, ""3"": 0.603195}",3514
elsevier_paper_1674,3,0.999715,"{""0"": 0.000273, ""1"": 9e-06, ""2"": 3e-06, ""3"": 0.999715}",6993
elsevier_paper_1683,0,0.829779,"{""0"": 0.829779, ""1"": 0.170099, ""2"": 7.8e-05, ""3"": 4.5e-05}",341
elsevier_paper_1689,3,0.877309,"{""0"": 0.000414, ""1"": 0.109935, ""2"": 0.012342, ""3"": 0.877309}",6581
elsevier_paper_169,0,0.810949,"{""0"": 0.810949, ""1"": 0.188982, ""2"": 4.4e-05, ""3"": 2.5e-05}",572
elsevier_paper_1691,0,0.672791,"{""0"": 0.672791, ""1"": 0.327122, ""2"": 5.5e-05, ""3"": 3.2e-05}",466
elsevier_paper_1693,2,0.540179,"{""0"": 0.027651, ""1"": 0.072977, ""2"": 0.540179, ""3"": 0.359193}",3410
elsevier_paper_1694,0,0.999659,"{""0"": 0.999659, ""1"": 0.000222, ""2"": 7.5e-05, ""3"": 4.3e-05}",333
elsevier_paper_1695,2,0.75497,"{""0"": 0.121457, ""1"": 0.113835, ""2"": 0.75497, ""3"": 0.009738}",4258
elsevier_paper_17,0,0.999747,"{""0"": 0.999747, ""1"": 0.000165, ""2"": 5.6e-05, ""3"": 3.2e-05}",457
elsevier_paper_170,0,0.954472,"{""0"": 0.954472, ""1"": 0.045467, ""2"": 3.9e-05, ""3"": 2.3e-05}",602
elsevier_paper_1702,0,0.845061,"{""0"": 0.845061, ""1"": 0.033964, ""2"": 0.012628, ""3"": 0.108348}",423
elsevier_paper_1707,0,0.95853,"{""0"": 0.95853, ""1"": 0.041344, ""2"": 8.1e-05, ""3"": 4.6e-05}",302
elsevier_paper_1711,0,0.585064,"{""0"": 0.585064, ""1"": 0.051644, ""2"": 0.008991, ""3"": 0.354302}",5037
elsevier_paper_1715,0,0.92171,"{""0"": 0.92171, ""1"": 0.07818, ""2"": 7e-05, ""3"": 4e-05}",406
elsevier_paper_1717,3,0.999631,"{""0"": 0.000347, ""1"": 1.6e-05, ""2"": 6e-06, ""3"": 0.999631}",3858
elsevier_paper_172,0,0.999809,"{""0"": 0.999809, ""1"": 0.000125, ""2"": 4.2e-05, ""3"": 2.4e-05}",569
elsevier_paper_1722,0,0.981854,"{""0"": 0.981854, ""1"": 0.018046, ""2"": 6.4e-05, ""3"": 3.7e-05}",380
elsevier_paper_1724,2,0.494656,"{""0"": 0.101878, ""1"": 0.368843, ""2"": 0.494656, ""3"": 0.034623}",5832
elsevier_paper_1725,2,0.526763,"{""0"": 0.071785, ""1"": 0.320863, ""2"": 0.526763, ""3"": 0.08059}",3423
elsevier_paper_173,2,0.59255,"{""0"": 0.000703, ""1"": 0.323025, ""2"": 0.59255, ""3"": 0.083722}",4848
elsevier_paper_1733,3,0.713685,"{""0"": 0.004459, ""1"": 0.147969, ""2"": 0.133886, ""3"": 0.713685}",6044
elsevier_paper_1734,0,0.888312,"{""0"": 0.888312, ""1"": 0.069611, ""2"": 0.020086, ""3"": 0.021991}",530
elsevier_paper_1754,0,0.999723,"{""0"": 0.999723, ""1"": 0.000181, ""2"": 6.1e-05, ""3"": 3.5e-05}",390
elsevier_paper_1755,2,0.639287,"{""0"": 0.334583, ""1"": 0.026116, ""2"": 0.639287, ""3"": 1.5e-05}",1215
elsevier_paper_1760,3,0.588242,"{""0"": 0.077936, ""1"": 0.023316, ""2"": 0.310506, ""3"": 0.588242}",4088
elsevier_paper_1761,0,0.784774,"{""0"": 0.784774, ""1"": 0.011333, ""2"": 0.203891, ""3"": 2e-06}",7199
elsevier_paper_1763,3,0.39568,"{""0"": 0.029144, ""1"": 0.351914, ""2"": 0.223262, ""3"": 0.39568}",5323
elsevier_paper_1770,2,0.513322,"{""0"": 0.452252, ""1"": 0.034407, ""2"": 0.513322, ""3"": 1.9e-05}",1651
elsevier_paper_1771,2,0.89754,"{""0"": 0.00031, ""1"": 1.4e-05, ""2"": 0.89754, ""3"": 0.102137}",5539
elsevier_paper_1772,3,0.999791,"{""0"": 0.000196, ""1"": 9e-06, ""2"": 3e-06, ""3"": 0.999791}",7293
elsevier_paper_1776,0,0.846062,"{""0"": 0.846062, ""1"": 0.153842, ""2"": 6.1e-05, ""3"": 3.5e-05}",411
elsevier_paper_1777,0,0.80274,"{""0"": 0.80274, ""1"": 0.183205, ""2"": 0.014029, ""3"": 2.5e-05}",587
elsevier_paper_1783,0,0.896815,"{""0"": 0.896815, ""1"": 0.103076, ""2"": 6.9e-05, ""3"": 4e-05}",382
elsevier_paper_1786,0,0.999756,"{""0"": 0.999756, ""1"": 0.000159, ""2"": 5.4e-05, ""3"": 3.1e-05}",521
elsevier_paper_1790,0,0.864505,"{""0"": 0.864505, ""1"": 0.000189, ""2"": 0.135269, ""3"": 3.7e-05}",443
elsevier_paper_1791,0,0.969424,"{""0"": 0.969424, ""1"": 0.000217, ""2"": 7.4e-05, ""3"": 0.030286}",365
elsevier_paper_1793,0,0.866762,"{""0"": 0.866762, ""1"": 0.133105, ""2"": 8.4e-05, ""3"": 4.8e-05}",325
elsevier_paper_1795,0,0.999656,"{""0"": 0.999656, ""1"": 0.000224, ""2"": 7.6e-05, ""3"": 4.4e-05}",349
elsevier_paper_1796,2,0.828342,"{""0"": 0.060035, ""1"": 0.111617, ""2"": 0.828342, ""3"": 7e-06}",2429
elsevier_paper_1798,3,0.89093,"{""0"": 0.008054, ""1"": 0.00392, ""2"": 0.097097, ""3"": 0.89093}",5328
elsevier_paper_1800,0,0.99974,"{""0"": 0.99974, ""1"": 0.000169, ""2"": 5.8e-05, ""3"": 3.3e-05}",479
elsevier_paper_1801,0,0.837831,"{""0"": 0.837831, ""1"": 0.032494, ""2"": 0.129637, ""3"": 3.9e-05}",330
elsevier_paper_1802,0,0.951424,"{""0"": 0.951424, ""1"": 0.048442, ""2"": 8.5e-05, ""3"": 4.9e-05}",326
elsevier_paper_1804,0,0.903572,"{""0"": 0.903572, ""1"": 0.066169, ""2"": 0.030215, ""3"": 4.4e-05}",368
elsevier_paper_1806,1,0.437024,"{""0"": 0.297864, ""1"": 0.437024, ""2"": 0.264674, ""3"": 0.000437}",6105
elsevier_paper_1807,0,0.999918,"{""0"": 0.999918, ""1"": 5.3e-05, ""2"": 1.8e-05, ""3"": 1e-05}",1788
elsevier_paper_1808,0,0.834799,"{""0"": 0.834799, ""1"": 0.12212, ""2"": 0.043045, ""3"": 3.6e-05}",378
elsevier_paper_1813,0,0.841811,"{""0"": 0.841811, ""1"": 0.115146, ""2"": 0.043011, ""3"": 3.3e-05}",446
elsevier_paper_1817,0,0.963747,"{""0"": 0.963747, ""1"": 0.000223, ""2"": 0.035986, ""3"": 4.4e-05}",347
elsevier_paper_1818,2,0.853633,"{""0"": 0.082401, ""1"": 0.052788, ""2"": 0.853633, ""3"": 0.011177}",4157
elsevier_paper_1820,0,0.999669,"{""0"": 0.999669, ""1"": 0.000216, ""2"": 7.3e-05, ""3"": 4.2e-05}",365
elsevier_paper_1823,0,0.999855,"{""0"": 0.999855, ""1"": 9.5e-05, ""2"": 3.2e-05, ""3"": 1.8e-05}",767
elsevier_paper_1825,0,0.999729,"{""0"": 0.999729, ""1"": 0.000177, ""2"": 6e-05, ""3"": 3.5e-05}",418
elsevier_paper_183,0,0.989436,"{""0"": 0.989436, ""1"": 0.01044, ""2"": 7.9e-05, ""3"": 4.5e-05}",348
elsevier_paper_1832,0,0.921817,"{""0"": 0.921817, ""1"": 0.07806, ""2"": 7.8e-05, ""3"": 4.5e-05}",340
elsevier_paper_1838,0,0.697646,"{""0"": 0.697646, ""1"": 0.302227, ""2"": 8e-05, ""3"": 4.6e-05}",368
elsevier_paper_1841,0,0.920455,"{""0"": 0.920455, ""1"": 0.00016, ""2"": 0.079354, ""3"": 3.1e-05}",507
elsevier_paper_1842,0,0.957725,"{""0"": 0.957725, ""1"": 0.000162, ""2"": 0.042082, ""3"": 3.2e-05}",455
elsevier_paper_1843,1,0.608663,"{""0"": 0.388291, ""1"": 0.608663, ""2"": 0.003039, ""3"": 7e-06}",2293
elsevier_paper_1847,0,0.818255,"{""0"": 0.818255, ""1"": 0.146998, ""2"": 6.4e-05, ""3"": 0.034683}",364
elsevier_paper_1848,0,0.994537,"{""0"": 0.994537, ""1"": 0.005346, ""2"": 7.4e-05, ""3"": 4.2e-05}",346
elsevier_paper_185,0,0.931004,"{""0"": 0.931004, ""1"": 0.068867, ""2"": 8.2e-05, ""3"": 4.7e-05}",304
elsevier_paper_1852,0,0.923565,"{""0"": 0.923565, ""1"": 0.076311, ""2"": 7.9e-05, ""3"": 4.5e-05}",323
elsevier_paper_1853,1,0.46975,"{""0"": 0.105102, ""1"": 0.46975, ""2"": 0.351379, ""3"": 0.073769}",3881
elsevier_paper_1854,3,0.803964,"{""0"": 0.050325, ""1"": 0.102513, ""2"": 0.043198, ""3"": 0.803964}",4850
elsevier_paper_1855,0,0.920801,"{""0"": 0.920801, ""1"": 0.078978, ""2"": 0.000141, ""3"": 8.1e-05}",258
elsevier_paper_1857,0,0.758213,"{""0"": 0.758213, ""1"": 0.184029, ""2"": 7.5e-05, ""3"": 0.057683}",350
elsevier_paper_186,0,0.943703,"{""0"": 0.943703, ""1"": 0.056271, ""2"": 1.7e-05, ""3"": 1e-05}",1560
elsevier_paper_1861,0,0.916138,"{""0"": 0.916138, ""1"": 0.000189, ""2"": 6.4e-05, ""3"": 0.08361}",440
elsevier_paper_1862,0,0.731355,"{""0"": 0.731355, ""1"": 0.268547, ""2"": 6.2e-05, ""3"": 3.6e-05}",434
elsevier_paper_1863,0,0.999797,"{""0"": 0.999797, ""1"": 0.000132, ""2"": 4.5e-05, ""3"": 2.6e-05}",529
elsevier_paper_1867,0,0.985868,"{""0"": 0.985868, ""1"": 0.01403, ""2"": 6.4e-05, ""3"": 3.7e-05}",396
elsevier_paper_1868,0,0.999672,"{""0"": 0.999672, ""1"": 0.000214, ""2"": 7.3e-05, ""3"": 4.2e-05}",340
elsevier_paper_187,2,0.493092,"{""0"": 0.015533, ""1"": 0.433211, ""2"": 0.493092, ""3"": 0.058163}",5929
elsevier_paper_188,0,0.893462,"{""0"": 0.893462, ""1"": 0.061508, ""2"": 0.044997, ""3"": 3.2e-05}",427
elsevier_paper_1889,0,0.999622,"{""0"": 0.999622, ""1"": 0.000246, ""2"": 8.4e-05, ""3"": 4.8e-05}",294
elsevier_paper_189,0,0.999685,"{""0"": 0.999685, ""1"": 0.000205, ""2"": 7e-05, ""3"": 4e-05}",404
elsevier_paper_1890,0,0.999661,"{""0"": 0.999661, ""1"": 0.000221, ""2"": 7.5e-05, ""3"": 4.3e-05}",337
elsevier_paper_1895,0,0.4505,"{""0"": 0.4505, ""1"": 0.417594, ""2"": 0.125541, ""3"": 0.006364}",9289
elsevier_paper_1899,0,0.999702,"{""0"": 0.999702, ""1"": 0.000194, ""2"": 6.6e-05, ""3"": 3.8e-05}",406
elsevier_paper_190,1,0.762938,"{""0"": 0.202051, ""1"": 0.762938, ""2"": 0.033231, ""3"": 0.001781}",8461
elsevier_paper_1906,3,0.917816,"{""0"": 0.000618, ""1"": 1.1e-05, ""2"": 0.081556, ""3"": 0.917816}",6579
elsevier_paper_1908,0,0.901546,"{""0"": 0.901546, ""1"": 0.09837, ""2"": 5.4e-05, ""3"": 3.1e-05}",456
elsevier_paper_1909,0,0.81149,"{""0"": 0.81149, ""1"": 0.188443, ""2"": 4.3e-05, ""3"": 2.5e-05}",612
elsevier_paper_1917,0,0.779447,"{""0"": 0.779447, ""1"": 0.071921, ""2"": 5e-05, ""3"": 0.148581}",500
elsevier_paper_1919,0,0.999695,"{""0"": 0.999695, ""1"": 0.000199, ""2"": 6.8e-05, ""3"": 3.9e-05}",374
elsevier_paper_192,0,0.927817,"{""0"": 0.927817, ""1"": 0.000183, ""2"": 0.071964, ""3"": 3.6e-05}",433
elsevier_paper_1921,0,0.999655,"{""0"": 0.999655, ""1"": 0.000225, ""2"": 7.7e-05, ""3"": 4.4e-05}",331
elsevier_paper_1923,3,0.940111,"{""0"": 0.000214, ""1"": 1e-05, ""2"": 0.059666, ""3"": 0.940111}",6951
elsevier_paper_1926,0,0.999742,"{""0"": 0.999742, ""1"": 0.000168, ""2"": 5.7e-05, ""3"": 3.3e-05}",1680
elsevier_paper_1928,0,0.968404,"{""0"": 0.968404, ""1"": 0.031511, ""2"": 5.4e-05, ""3"": 3.1e-05}",457
elsevier_paper_1929,0,0.999753,"{""0"": 0.999753, ""1"": 0.000161, ""2"": 5.5e-05, ""3"": 3.1e-05}",511
elsevier_paper_193,0,0.747149,"{""0"": 0.747149, ""1"": 0.101779, ""2"": 7.4e-05, ""3"": 0.150998}",415
elsevier_paper_1932,2,0.978339,"{""0"": 0.021652, ""1"": 8e-06, ""2"": 0.978339, ""3"": 2e-06}",9325
elsevier_paper_1935,0,0.619739,"{""0"": 0.619739, ""1"": 0.227004, ""2"": 0.075636, ""3"": 0.077621}",641
elsevier_paper_1937,0,0.999627,"{""0"": 0.999627, ""1"": 0.000243, ""2"": 8.3e-05, ""3"": 4.8e-05}",326
elsevier_paper_194,0,0.999673,"{""0"": 0.999673, ""1"": 0.000213, ""2"": 7.2e-05, ""3"": 4.2e-05}",387
elsevier_paper_1941,0,0.99967,"{""0"": 0.99967, ""1"": 0.000215, ""2"": 7.3e-05, ""3"": 4.2e-05}",371
elsevier_paper_1945,0,0.999694,"{""0"": 0.999694, ""1"": 0.000199, ""2"": 6.8e-05, ""3"": 3.9e-05}",369
elsevier_paper_195,1,0.735131,"{""0"": 0.000728, ""1"": 0.735131, ""2"": 0.257719, ""3"": 0.006421}",5296
elsevier_paper_1950,0,0.95613,"{""0"": 0.95613, ""1"": 0.000241, ""2"": 0.043581, ""3"": 4.7e-05}",314
elsevier_paper_1956,3,0.823711,"{""0"": 0.00118, ""1"": 1.2e-05, ""2"": 0.175096, ""3"": 0.823711}",6558
elsevier_paper_196,2,0.667978,"{""0"": 0.164635, ""1"": 0.09708, ""2"": 0.667978, ""3"": 0.070307}",3719
elsevier_paper_1960,0,0.801551,"{""0"": 0.801551, ""1"": 0.177231, ""2"": 0.02119, ""3"": 2.9e-05}",504
elsevier_paper_1962,1,0.99929,"{""0"": 0.000695, ""1"": 0.99929, ""2"": 1e-05, ""3"": 6e-06}",4840
elsevier_paper_1971,0,0.949627,"{""0"": 0.949627, ""1"": 0.050297, ""2"": 4.9e-05, ""3"": 2.8e-05}",556
elsevier_paper_1978,0,0.875062,"{""0"": 0.875062, ""1"": 0.116039, ""2"": 9.7e-05, ""3"": 0.008802}",289
elsevier_paper_198,0,0.999808,"{""0"": 0.999808, ""1"": 0.000125, ""2"": 4.2e-05, ""3"": 2.4e-05}",612
elsevier_paper_1993,0,0.953444,"{""0"": 0.953444, ""1"": 0.046439, ""2"": 7.4e-05, ""3"": 4.3e-05}",365
elsevier_paper_1994,0,0.993193,"{""0"": 0.993193, ""1"": 0.000141, ""2"": 0.006639, ""3"": 2.8e-05}",507
elsevier_paper_1995,0,0.983362,"{""0"": 0.983362, ""1"": 0.000214, ""2"": 0.016383, ""3"": 4.2e-05}",334
elsevier_paper_1996,0,0.999576,"{""0"": 0.999576, ""1"": 0.000276, ""2"": 9.4e-05, ""3"": 5.4e-05}",305
elsevier_paper_1997,2,0.59447,"{""0"": 0.092471, ""1"": 1.6e-05, ""2"": 0.59447, ""3"": 0.313043}",4801
elsevier_paper_2,0,0.999663,"{""0"": 0.999663, ""1"": 0.00022, ""2"": 7.5e-05, ""3"": 4.3e-05}",368
elsevier_paper_200,1,0.571257,"{""0"": 0.021445, ""1"": 0.571257, ""2"": 0.405027, ""3"": 0.002271}",4707
elsevier_paper_2006,0,0.892753,"{""0"": 0.892753, ""1"": 0.086111, ""2"": 7.2e-05, ""3"": 0.021064}",416
elsevier_paper_2009,0,0.964317,"{""0"": 0.964317, ""1"": 0.035583, ""2"": 6.4e-05, ""3"": 3.7e-05}",420
elsevier_paper_2012,0,0.946346,"{""0"": 0.946346, ""1"": 0.053592, ""2"": 3.9e-05, ""3"": 2.2e-05}",627
elsevier_paper_2013,0,0.99973,"{""0"": 0.99973, ""1"": 0.000176, ""2"": 6e-05, ""3"": 3.4e-05}",431
elsevier_paper_202,0,0.94932,"{""0"": 0.94932, ""1"": 0.050589, ""2"": 5.8e-05, ""3"": 3.3e-05}",449
elsevier_paper_2026,0,0.999731,"{""0"": 0.999731, ""1"": 0.000175, ""2"": 6e-05, ""3"": 3.4e-05}",421
elsevier_paper_2027,0,0.944707,"{""0"": 0.944707, ""1"": 0.0552, ""2"": 5.9e-05, ""3"": 3.4e-05}",424
elsevier_paper_2029,0,0.924117,"{""0"": 0.924117, ""1"": 0.014086, ""2"": 7.7e-05, ""3"": 0.06172}",343
elsevier_paper_2035,0,0.821921,"{""0"": 0.821921, ""1"": 0.000217, ""2"": 0.177819, ""3"": 4.2e-05}",357
elsevier_paper_2038,0,0.936764,"{""0"": 0.936764, ""1"": 0.05466, ""2"": 0.008523, ""3"": 5.3e-05}",285
elsevier_paper_2039,2,0.998612,"{""0"": 0.000421, ""1"": 1.4e-05, ""2"": 0.998612, ""3"": 0.000953}",7094
elsevier_paper_204,0,0.836055,"{""0"": 0.836055, ""1"": 0.072972, ""2"": 0.090932, ""3"": 4e-05}",380
elsevier_paper_2040,0,0.999509,"{""0"": 0.999509, ""1"": 0.00032, ""2"": 0.000109, ""3"": 6.2e-05}",248
elsevier_paper_2041,0,0.863215,"{""0"": 0.863215, ""1"": 0.123705, ""2"": 5.6e-05, ""3"": 0.013025}",485
elsevier_paper_2043,3,0.428321,"{""0"": 0.093151, ""1"": 0.361317, ""2"": 0.117211, ""3"": 0.428321}",3583
elsevier_paper_2046,0,0.880648,"{""0"": 0.880648, ""1"": 0.09595, ""2"": 7.6e-05, ""3"": 0.023326}",357
elsevier_paper_205,0,0.999891,"{""0"": 0.999891, ""1"": 7.1e-05, ""2"": 2.4e-05, ""3"": 1.4e-05}",1566
elsevier_paper_2054,0,0.999472,"{""0"": 0.999472, ""1"": 0.000344, ""2"": 0.000117, ""3"": 6.7e-05}",235
elsevier_paper_2058,0,0.963532,"{""0"": 0.963532, ""1"": 0.036323, ""2"": 9.2e-05, ""3"": 5.3e-05}",307
elsevier_paper_2065,0,0.968053,"{""0"": 0.968053, ""1"": 0.031828, ""2"": 7.5e-05, ""3"": 4.3e-05}",368
elsevier_paper_2075,0,0.878976,"{""0"": 0.878976, ""1"": 0.087615, ""2"": 0.033383, ""3"": 2.6e-05}",544
elsevier_paper_2083,0,0.85974,"{""0"": 0.85974, ""1"": 0.096784, ""2"": 6.4e-05, ""3"": 0.043412}",450
elsevier_paper_2084,0,0.84156,"{""0"": 0.84156, ""1"": 0.140826, ""2"": 7.2e-05, ""3"": 0.017542}",407
elsevier_paper_2085,0,0.921074,"{""0"": 0.921074, ""1"": 0.078871, ""2"": 3.5e-05, ""3"": 2e-05}",746
elsevier_paper_2086,0,0.991474,"{""0"": 0.991474, ""1"": 0.00844, ""2"": 5.4e-05, ""3"": 3.1e-05}",454
elsevier_paper_2093,2,0.931799,"{""0"": 0.000331, ""1"": 1.3e-05, ""2"": 0.931799, ""3"": 0.067857}",5916
elsevier_paper_2094,0,0.999659,"{""0"": 0.999659, ""1"": 0.000222, ""2"": 7.5e-05, ""3"": 4.3e-05}",317
elsevier_paper_2095,1,0.393922,"{""0"": 0.133407, ""1"": 0.393922, ""2"": 0.375283, ""3"": 0.097389}",3743
elsevier_paper_2097,0,0.999648,"{""0"": 0.999648, ""1"": 0.000229, ""2"": 7.8e-05, ""3"": 4.5e-05}",318
elsevier_paper_21,0,0.783138,"{""0"": 0.783138, ""1"": 0.083466, ""2"": 0.021414, ""3"": 0.111982}",572
elsevier_paper_2102,0,0.999599,"{""0"": 0.999599, ""1"": 0.000261, ""2"": 8.9e-05, ""3"": 5.1e-05}",309
elsevier_paper_2108,3,0.357304,"{""0"": 0.000581, ""1"": 0.303704, ""2"": 0.338412, ""3"": 0.357304}",5229
elsevier_paper_2109,0,0.879997,"{""0"": 0.879997, ""1"": 0.119899, ""2"": 6.6e-05, ""3"": 3.8e-05}",397
elsevier_paper_211,0,0.748023,"{""0"": 0.748023, ""1"": 0.19104, ""2"": 6.8e-05, ""3"": 0.06087}",384
elsevier_paper_2117,0,0.907841,"{""0"": 0.907841, ""1"": 0.06127, ""2"": 5.3e-05, ""3"": 0.030836}",467
elsevier_paper_2118,0,0.999714,"{""0"": 0.999714, ""1"": 0.000186, ""2"": 6.3e-05, ""3"": 3.6e-05}",417
elsevier_paper_2123,0,0.910675,"{""0"": 0.910675, ""1"": 0.072365, ""2"": 4.3e-05, ""3"": 0.016917}",593
elsevier_paper_2124,0,0.680256,"{""0"": 0.680256, ""1"": 0.111096, ""2"": 0.208609, ""3"": 3.9e-05}",368
elsevier_paper_2126,0,0.999581,"{""0"": 0.999581, ""1"": 0.000273, ""2"": 9.3e-05, ""3"": 5.3e-05}",306
elsevier_paper_2131,2,0.915499,"{""0"": 0.084464, ""1"": 3.1e-05, ""2"": 0.915499, ""3"": 6e-06}",3547
elsevier_paper_2145,0,0.999719,"{""0"": 0.999719, ""1"": 0.000183, ""2"": 6.2e-05, ""3"": 3.6e-05}",445
elsevier_paper_2156,0,0.628404,"{""0"": 0.628404, ""1"": 0.370284, ""2"": 3e-06, ""3"": 0.001309}",8655
elsevier_paper_2161,0,0.925901,"{""0"": 0.925901, ""1"": 0.073853, ""2"": 0.000156, ""3"": 9e-05}",180
elsevier_paper_2164,0,0.646828,"{""0"": 0.646828, ""1"": 0.276646, ""2"": 8.5e-05, ""3"": 0.076441}",310
elsevier_paper_2175,0,0.981439,"{""0"": 0.981439, ""1"": 0.00019, ""2"": 0.018333, ""3"": 3.7e-05}",376
elsevier_paper_230,0,0.880685,"{""0"": 0.880685, ""1"": 0.00494, ""2"": 7e-06, ""3"": 0.114368}",4609
elsevier_paper_231,3,0.482877,"{""0"": 0.202554, ""1"": 2.1e-05, ""2"": 0.314548, ""3"": 0.482877}",3712
elsevier_paper_232,3,0.591051,"{""0"": 0.130783, ""1"": 0.06057, ""2"": 0.217596, ""3"": 0.591051}",4236
elsevier_paper_233,0,0.999701,"{""0"": 0.999701, ""1"": 0.000195, ""2"": 6.6e-05, ""3"": 3.8e-05}",387
elsevier_paper_234,0,0.96791,"{""0"": 0.96791, ""1"": 0.031988, ""2"": 6.4e-05, ""3"": 3.7e-05}",400
elsevier_paper_244,0,0.978491,"{""0"": 0.978491, ""1"": 0.021416, ""2"": 5.9e-05, ""3"": 3.4e-05}",438
elsevier_paper_253,0,0.959231,"{""0"": 0.959231, ""1"": 0.040664, ""2"": 6.7e-05, ""3"": 3.8e-05}",364
elsevier_paper_257,1,0.907873,"{""0"": 0.000392, ""1"": 0.907873, ""2"": 0.091732, ""3"": 3e-06}",5219
elsevier_paper_261,0,0.772636,"{""0"": 0.772636, ""1"": 0.218248, ""2"": 5.9e-05, ""3"": 0.009057}",461
elsevier_paper_262,2,0.99283,"{""0"": 0.000294, ""1"": 1.1e-05, ""2"": 0.99283, ""3"": 0.006865}",6606
elsevier_paper_263,0,0.991592,"{""0"": 0.991592, ""1"": 0.008299, ""2"": 6.9e-05, ""3"": 4e-05}",354
elsevier_paper_266,0,0.998891,"{""0"": 0.998891, ""1"": 0.000722, ""2"": 0.000246, ""3"": 0.000141}",125
elsevier_paper_272,0,0.976168,"{""0"": 0.976168, ""1"": 0.023723, ""2"": 7e-05, ""3"": 4e-05}",413
elsevier_paper_273,0,0.999635,"{""0"": 0.999635, ""1"": 0.000238, ""2"": 8.1e-05, ""3"": 4.6e-05}",329
elsevier_paper_274,0,0.879509,"{""0"": 0.879509, ""1"": 0.120397, ""2"": 5.9e-05, ""3"": 3.4e-05}",451
elsevier_paper_275,1,0.961027,"{""0"": 0.038968, ""1"": 0.961027, ""2"": 3e-06, ""3"": 2e-06}",8411
elsevier_paper_277,0,0.753308,"{""0"": 0.753308, ""1"": 0.13691, ""2"": 0.022492, ""3"": 0.08729}",380
elsevier_paper_283,2,0.675418,"{""0"": 0.000947, ""1"": 4.4e-05, ""2"": 0.675418, ""3"": 0.323591}",4268
elsevier_paper_284,0,0.985947,"{""0"": 0.985947, ""1"": 0.01397, ""2"": 5.3e-05, ""3"": 3e-05}",470
elsevier_paper_285,0,0.889528,"{""0"": 0.889528, ""1"": 0.032196, ""2"": 0.078241, ""3"": 3.4e-05}",394
elsevier_paper_29,0,0.816198,"{""0"": 0.816198, ""1"": 0.142812, ""2"": 5.6e-05, ""3"": 0.040934}",494
elsevier_paper_299,0,0.61452,"{""0"": 0.61452, ""1"": 0.12764, ""2"": 0.053014, ""3"": 0.204826}",312
elsevier_paper_3,3,0.60297,"{""0"": 0.000302, ""1"": 0.396723, ""2"": 5e-06, ""3"": 0.60297}",4650
elsevier_paper_303,0,0.800806,"{""0"": 0.800806, ""1"": 0.199107, ""2"": 5.5e-05, ""3"": 3.2e-05}",445
elsevier_paper_305,0,0.999845,"{""0"": 0.999845, ""1"": 0.000101, ""2"": 3.4e-05, ""3"": 2e-05}",1735
elsevier_paper_307,0,0.649879,"{""0"": 0.649879, ""1"": 0.349995, ""2"": 8e-05, ""3"": 4.6e-05}",330
elsevier_paper_309,0,0.848987,"{""0"": 0.848987, ""1"": 0.111432, ""2"": 6.4e-05, ""3"": 0.039518}",394
elsevier_paper_310,0,0.999769,"{""0"": 0.999769, ""1"": 0.00015, ""2"": 5.1e-05, ""3"": 2.9e-05}",478
elsevier_paper_311,0,0.999651,"{""0"": 0.999651, ""1"": 0.000227, ""2"": 7.7e-05, ""3"": 4.4e-05}",324
elsevier_paper_32,0,0.837649,"{""0"": 0.837649, ""1"": 0.162263, ""2"": 5.6e-05, ""3"": 3.2e-05}",486
elsevier_paper_323,3,0.90952,"{""0"": 0.002605, ""1"": 0.02661, ""2"": 0.061264, ""3"": 0.90952}",3964
elsevier_paper_327,0,0.789643,"{""0"": 0.789643, ""1"": 0.163199, ""2"": 0.047108, ""3"": 5e-05}",316
elsevier_paper_328,3,0.918966,"{""0"": 0.000623, ""1"": 1.6e-05, ""2"": 0.080395, ""3"": 0.918966}",5747
elsevier_paper_337,2,0.887893,"{""0"": 0.106404, ""1"": 0.003711, ""2"": 0.887893, ""3"": 0.001992}",2827
elsevier_paper_345,0,0.679554,"{""0"": 0.679554, ""1"": 0.219552, ""2"": 8e-05, ""3"": 0.100814}",306
elsevier_paper_346,0,0.999683,"{""0"": 0.999683, ""1"": 0.000207, ""2"": 7e-05, ""3"": 4e-05}",369
elsevier_paper_347,0,0.938683,"{""0"": 0.938683, ""1"": 0.061181, ""2"": 8.7e-05, ""3"": 5e-05}",282
elsevier_paper_351,0,0.938118,"{""0"": 0.938118, ""1"": 0.061762, ""2"": 7.6e-05, ""3"": 4.4e-05}",331
elsevier_paper_357,0,0.984752,"{""0"": 0.984752, ""1"": 0.000249, ""2"": 0.01495, ""3"": 4.9e-05}",304
elsevier_paper_359,3,0.76967,"{""0"": 0.230261, ""1"": 5.1e-05, ""2"": 1.7e-05, ""3"": 0.76967}",2287
elsevier_paper_361,0,0.970024,"{""0"": 0.970024, ""1"": 0.000149, ""2"": 5.1e-05, ""3"": 0.029776}",503
elsevier_paper_362,0,0.697541,"{""0"": 0.697541, ""1"": 0.239242, ""2"": 0.063182, ""3"": 3.4e-05}",414
elsevier_paper_375,0,0.985455,"{""0"": 0.985455, ""1"": 0.000126, ""2"": 0.014394, ""3"": 2.5e-05}",599
elsevier_paper_380,0,0.783309,"{""0"": 0.783309, ""1"": 0.216604, ""2"": 5.5e-05, ""3"": 3.2e-05}",462
elsevier_paper_381,0,0.981737,"{""0"": 0.981737, ""1"": 0.000263, ""2"": 9e-05, ""3"": 0.01791}",309
elsevier_paper_382,0,0.975569,"{""0"": 0.975569, ""1"": 0.024343, ""2"": 5.6e-05, ""3"": 3.2e-05}",457
elsevier_paper_383,0,0.999753,"{""0"": 0.999753, ""1"": 0.000161, ""2"": 5.5e-05, ""3"": 3.1e-05}",490
elsevier_paper_386,0,0.99965,"{""0"": 0.99965, ""1"": 0.000228, ""2"": 7.8e-05, ""3"": 4.5e-05}",312
elsevier_paper_391,0,0.867393,"{""0"": 0.867393, ""1"": 0.056843, ""2"": 0.07573, ""3"": 3.5e-05}",411
elsevier_paper_392,0,0.928129,"{""0"": 0.928129, ""1"": 0.047613, ""2"": 0.024219, ""3"": 3.9e-05}",374
elsevier_paper_395,3,0.999618,"{""0"": 0.000358, ""1"": 1.8e-05, ""2"": 6e-06, ""3"": 0.999618}",3594
elsevier_paper_398,0,0.843766,"{""0"": 0.843766, ""1"": 0.083098, ""2"": 0.07311, ""3"": 2.5e-05}",585
elsevier_paper_399,0,0.996556,"{""0"": 0.996556, ""1"": 0.000125, ""2"": 0.003294, ""3"": 2.4e-05}",588
elsevier_paper_4,0,0.959384,"{""0"": 0.959384, ""1"": 0.020718, ""2"": 0.019871, ""3"": 2.7e-05}",523
elsevier_paper_404,0,0.993973,"{""0"": 0.993973, ""1"": 0.000243, ""2"": 0.005736, ""3"": 4.8e-05}",310
elsevier_paper_406,0,0.999751,"{""0"": 0.999751, ""1"": 0.000162, ""2"": 5.5e-05, ""3"": 3.2e-05}",446
elsevier_paper_407,2,0.54657,"{""0"": 0.169907, ""1"": 0.104853, ""2"": 0.54657, ""3"": 0.178671}",5649
elsevier_paper_416,3,0.590457,"{""0"": 0.211823, ""1"": 0.146533, ""2"": 0.051187, ""3"": 0.590457}",4482
elsevier_paper_421,0,0.932383,"{""0"": 0.932383, ""1"": 0.050561, ""2"": 5.9e-05, ""3"": 0.016998}",451
elsevier_paper_422,0,0.820328,"{""0"": 0.820328, ""1"": 0.148369, ""2"": 0.03124, ""3"": 6.3e-05}",247
elsevier_paper_426,1,0.660116,"{""0"": 0.000449, ""1"": 0.660116, ""2"": 0.339432, ""3"": 3e-06}",5571
elsevier_paper_43,0,0.971861,"{""0"": 0.971861, ""1"": 0.02807, ""2"": 4.4e-05, ""3"": 2.5e-05}",583
elsevier_paper_431,3,0.718452,"{""0"": 0.000283, ""1"": 0.115267, ""2"": 0.165998, ""3"": 0.718452}",6149
elsevier_paper_432,2,0.823989,"{""0"": 0.000339, ""1"": 0.175669, ""2"": 0.823989, ""3"": 3e-06}",4919
elsevier_paper_434,0,0.999639,"{""0"": 0.999639, ""1"": 0.000235, ""2"": 8e-05, ""3"": 4.6e-05}",370
elsevier_paper_437,0,0.99969,"{""0"": 0.99969, ""1"": 0.000202, ""2"": 6.9e-05, ""3"": 3.9e-05}",358
elsevier_paper_438,0,0.924323,"{""0"": 0.924323, ""1"": 0.075592, ""2"": 5.4e-05, ""3"": 3.1e-05}",484
elsevier_paper_44,3,0.529708,"{""0"": 0.09938, ""1"": 0.240616, ""2"": 0.130297, ""3"": 0.529708}",6132
elsevier_paper_442,0,0.999634,"{""0"": 0.999634, ""1"": 0.000239, ""2"": 8.1e-05, ""3"": 4.7e-05}",307
elsevier_paper_443,0,0.999624,"{""0"": 0.999624, ""1"": 0.000245, ""2"": 8.3e-05, ""3"": 4.8e-05}",347
elsevier_paper_45,0,0.854106,"{""0"": 0.854106, ""1"": 0.078551, ""2"": 0.067315, ""3"": 2.8e-05}",509
elsevier_paper_450,0,0.992601,"{""0"": 0.992601, ""1"": 0.000212, ""2"": 7.2e-05, ""3"": 0.007115}",365
elsevier_paper_463,0,0.999722,"{""0"": 0.999722, ""1"": 0.000181, ""2"": 6.2e-05, ""3"": 3.5e-05}",436
elsevier_paper_479,2,0.842999,"{""0"": 0.106016, ""1"": 1.9e-05, ""2"": 0.842999, ""3"": 0.050966}",5275
elsevier_paper_480,0,0.934593,"{""0"": 0.934593, ""1"": 0.06533, ""2"": 4.9e-05, ""3"": 2.8e-05}",530
elsevier_paper_481,2,0.693915,"{""0"": 0.232023, ""1"": 2e-05, ""2"": 0.693915, ""3"": 0.074042}",5199
elsevier_paper_483,3,0.680704,"{""0"": 0.02044, ""1"": 0.032962, ""2"": 0.265894, ""3"": 0.680704}",4674
elsevier_paper_484,3,0.46538,"{""0"": 0.142783, ""1"": 0.21931, ""2"": 0.172528, ""3"": 0.46538}",4564
elsevier_paper_485,0,0.911682,"{""0"": 0.911682, ""1"": 0.088185, ""2"": 8.5e-05, ""3"": 4.9e-05}",298
elsevier_paper_486,0,0.999928,"{""0"": 0.999928, ""1"": 4.7e-05, ""2"": 1.6e-05, ""3"": 9e-06}",1585
elsevier_paper_489,3,0.605629,"{""0"": 0.254183, ""1"": 0.023868, ""2"": 0.11632, ""3"": 0.605629}",4244
elsevier_paper_490,1,0.469806,"{""0"": 0.045917, ""1"": 0.469806, ""2"": 0.154472, ""3"": 0.329805}",3853
elsevier_paper_492,2,0.671721,"{""0"": 0.020812, ""1"": 0.251183, ""2"": 0.671721, ""3"": 0.056284}",1382
elsevier_paper_493,0,0.738832,"{""0"": 0.738832, ""1"": 0.198943, ""2"": 0.062163, ""3"": 6.2e-05}",253
elsevier_paper_494,0,0.96804,"{""0"": 0.96804, ""1"": 0.031886, ""2"": 4.7e-05, ""3"": 2.7e-05}",538
elsevier_paper_495,0,0.999737,"{""0"": 0.999737, ""1"": 0.000171, ""2"": 5.8e-05, ""3"": 3.3e-05}",459
elsevier_paper_50,0,0.92216,"{""0"": 0.92216, ""1"": 0.035804, ""2"": 9e-05, ""3"": 0.041946}",1518
elsevier_paper_504,0,0.668031,"{""0"": 0.668031, ""1"": 0.295918, ""2"": 0.024753, ""3"": 0.011298}",497
elsevier_paper_505,1,0.581694,"{""0"": 0.020619, ""1"": 0.581694, ""2"": 0.361826, ""3"": 0.03586}",4948
elsevier_paper_508,0,0.999643,"{""0"": 0.999643, ""1"": 0.000232, ""2"": 7.9e-05, ""3"": 4.5e-05}",334
elsevier_paper_521,0,0.896613,"{""0"": 0.896613, ""1"": 0.103275, ""2"": 7.1e-05, ""3"": 4.1e-05}",351
elsevier_paper_523,0,0.999542,"{""0"": 0.999542, ""1"": 0.000298, ""2"": 0.000102, ""3"": 5.8e-05}",250
elsevier_paper_526,0,0.992957,"{""0"": 0.992957, ""1"": 0.000184, ""2"": 0.006822, ""3"": 3.6e-05}",404
elsevier_paper_53,0,0.985762,"{""0"": 0.985762, ""1"": 0.000131, ""2"": 0.014081, ""3"": 2.6e-05}",537
elsevier_paper_539,0,0.982708,"{""0"": 0.982708, ""1"": 0.017164, ""2"": 8.1e-05, ""3"": 4.7e-05}",297
elsevier_paper_54,0,0.951556,"{""0"": 0.951556, ""1"": 0.048327, ""2"": 7.4e-05, ""3"": 4.3e-05}",351
elsevier_paper_544,0,0.999643,"{""0"": 0.999643, ""1"": 0.000232, ""2"": 7.9e-05, ""3"": 4.5e-05}",337
elsevier_paper_55,0,0.945697,"{""0"": 0.945697, ""1"": 0.000217, ""2"": 7.4e-05, ""3"": 0.054012}",376
elsevier_paper_570,0,0.929178,"{""0"": 0.929178, ""1"": 0.070745, ""2"": 4.9e-05, ""3"": 2.8e-05}",518
elsevier_paper_571,2,0.298749,"{""0"": 0.295608, ""1"": 0.112684, ""2"": 0.298749, ""3"": 0.292959}",2827
elsevier_paper_583,0,0.818694,"{""0"": 0.818694, ""1"": 0.118179, ""2"": 0.063073, ""3"": 5.4e-05}",279
elsevier_paper_596,0,0.999691,"{""0"": 0.999691, ""1"": 0.000201, ""2"": 6.8e-05, ""3"": 3.9e-05}",362
elsevier_paper_60,0,0.999471,"{""0"": 0.999471, ""1"": 0.000344, ""2"": 0.000117, ""3"": 6.7e-05}",232
elsevier_paper_602,0,0.999721,"{""0"": 0.999721, ""1"": 0.000182, ""2"": 6.2e-05, ""3"": 3.5e-05}",433
elsevier_paper_607,2,0.575492,"{""0"": 0.234036, ""1"": 0.18741, ""2"": 0.575492, ""3"": 0.003062}",6144
elsevier_paper_608,0,0.999783,"{""0"": 0.999783, ""1"": 0.000141, ""2"": 4.8e-05, ""3"": 2.8e-05}",548
elsevier_paper_616,0,0.517009,"{""0"": 0.517009, ""1"": 0.082137, ""2"": 0.331756, ""3"": 0.069098}",2841
elsevier_paper_618,2,0.782292,"{""0"": 0.206041, ""1"": 0.011661, ""2"": 0.782292, ""3"": 5e-06}",4745
elsevier_paper_619,0,0.999662,"{""0"": 0.999662, ""1"": 0.00022, ""2"": 7.5e-05, ""3"": 4.3e-05}",359
elsevier_paper_621,0,0.999662,"{""0"": 0.999662, ""1"": 0.00022, ""2"": 7.5e-05, ""3"": 4.3e-05}",332
elsevier_paper_63,0,0.999726,"{""0"": 0.999726, ""1"": 0.000178, ""2"": 6.1e-05, ""3"": 3.5e-05}",425
elsevier_paper_630,0,0.999718,"{""0"": 0.999718, ""1"": 0.000184, ""2"": 6.3e-05, ""3"": 3.6e-05}",450
elsevier_paper_64,0,0.682461,"{""0"": 0.682461, ""1"": 0.106339, ""2"": 0.013944, ""3"": 0.197256}",4400
elsevier_paper_642,0,0.90042,"{""0"": 0.90042, ""1"": 0.000122, ""2"": 4.2e-05, ""3"": 0.099416}",650
elsevier_paper_645,0,0.999712,"{""0"": 0.999712, ""1"": 0.000187, ""2"": 6.4e-05, ""3"": 3.7e-05}",418
elsevier_paper_655,0,0.987863,"{""0"": 0.987863, ""1"": 0.012001, ""2"": 8.6e-05, ""3"": 5e-05}",340
elsevier_paper_657,0,0.999985,"{""0"": 0.999985, ""1"": 1e-05, ""2"": 3e-06, ""3"": 2e-06}",6609
elsevier_paper_658,0,0.834467,"{""0"": 0.834467, ""1"": 0.165464, ""2"": 4.4e-05, ""3"": 2.5e-05}",577
elsevier_paper_659,0,0.999713,"{""0"": 0.999713, ""1"": 0.000187, ""2"": 6.4e-05, ""3"": 3.7e-05}",416
elsevier_paper_660,0,0.845173,"{""0"": 0.845173, ""1"": 0.154755, ""2"": 4.6e-05, ""3"": 2.6e-05}",552
elsevier_paper_661,0,0.971709,"{""0"": 0.971709, ""1"": 0.02347, ""2"": 4e-06, ""3"": 0.004817}",6427
elsevier_paper_665,0,0.810684,"{""0"": 0.810684, ""1"": 0.189238, ""2"": 4.9e-05, ""3"": 2.8e-05}",1700
elsevier_paper_671,0,0.895417,"{""0"": 0.895417, ""1"": 0.092334, ""2"": 0.012208, ""3"": 4.1e-05}",364
elsevier_paper_677,0,0.699629,"{""0"": 0.699629, ""1"": 0.300293, ""2"": 5e-05, ""3"": 2.9e-05}",517
elsevier_paper_678,0,0.999718,"{""0"": 0.999718, ""1"": 0.000184, ""2"": 6.3e-05, ""3"": 3.6e-05}",383
elsevier_paper_679,0,0.609183,"{""0"": 0.609183, ""1"": 5.4e-05, ""2"": 0.332663, ""3"": 0.0581}",1639
elsevier_paper_692,0,0.933836,"{""0"": 0.933836, ""1"": 0.066058, ""2"": 6.7e-05, ""3"": 3.9e-05}",400
elsevier_paper_693,0,0.964682,"{""0"": 0.964682, ""1"": 0.035246, ""2"": 4.6e-05, ""3"": 2.6e-05}",622
elsevier_paper_702,0,0.809057,"{""0"": 0.809057, ""1"": 0.000209, ""2"": 0.190693, ""3"": 4.1e-05}",349
elsevier_paper_703,0,0.999546,"{""0"": 0.999546, ""1"": 0.000296, ""2"": 0.000101, ""3"": 5.8e-05}",248
elsevier_paper_704,0,0.999715,"{""0"": 0.999715, ""1"": 0.000185, ""2"": 6.3e-05, ""3"": 3.6e-05}",404
elsevier_paper_71,1,0.999689,"{""0"": 0.000303, ""1"": 0.999689, ""2"": 5e-06, ""3"": 3e-06}",6495
elsevier_paper_713,0,0.780929,"{""0"": 0.780929, ""1"": 0.219058, ""2"": 8e-06, ""3"": 5e-06}",2605
elsevier_paper_714,0,0.922385,"{""0"": 0.922385, ""1"": 0.019395, ""2"": 0.030766, ""3"": 0.027454}",7180
elsevier_paper_730,0,0.998504,"{""0"": 0.998504, ""1"": 0.001407, ""2"": 5.7e-05, ""3"": 3.3e-05}",449
elsevier_paper_733,0,0.596216,"{""0"": 0.596216, ""1"": 0.280806, ""2"": 0.12293, ""3"": 4.8e-05}",308
elsevier_paper_736,2,0.923843,"{""0"": 0.000564, ""1"": 0.075589, ""2"": 0.923843, ""3"": 4e-06}",4719
elsevier_paper_737,1,0.797115,"{""0"": 0.008317, ""1"": 0.797115, ""2"": 0.180705, ""3"": 0.013862}",5902
elsevier_paper_738,2,0.495627,"{""0"": 0.001207, ""1"": 0.016542, ""2"": 0.495627, ""3"": 0.486624}",5599
elsevier_paper_740,2,0.78819,"{""0"": 0.202634, ""1"": 2.1e-05, ""2"": 0.78819, ""3"": 0.009155}",4673
elsevier_paper_742,0,0.949786,"{""0"": 0.949786, ""1"": 0.000166, ""2"": 0.004102, ""3"": 0.045946}",484
elsevier_paper_745,3,0.645932,"{""0"": 0.063774, ""1"": 2.6e-05, ""2"": 0.290268, ""3"": 0.645932}",3692
elsevier_paper_747,0,0.999637,"{""0"": 0.999637, ""1"": 0.000236, ""2"": 8e-05, ""3"": 4.6e-05}",1228
elsevier_paper_748,3,0.621578,"{""0"": 0.26948, ""1"": 0.053447, ""2"": 0.055495, ""3"": 0.621578}",5054
elsevier_paper_749,2,0.538457,"{""0"": 0.08401, ""1"": 0.270163, ""2"": 0.538457, ""3"": 0.10737}",4193
elsevier_paper_757,0,0.999678,"{""0"": 0.999678, ""1"": 0.000209, ""2"": 7.1e-05, ""3"": 4.1e-05}",369
elsevier_paper_758,0,0.999675,"{""0"": 0.999675, ""1"": 0.000211, ""2"": 7.2e-05, ""3"": 4.1e-05}",351
elsevier_paper_759,0,0.847739,"{""0"": 0.847739, ""1"": 0.124015, ""2"": 0.028208, ""3"": 3.8e-05}",368
elsevier_paper_768,0,0.999737,"{""0"": 0.999737, ""1"": 0.000171, ""2"": 5.8e-05, ""3"": 3.3e-05}",411
elsevier_paper_769,0,0.759205,"{""0"": 0.759205, ""1"": 0.102141, ""2"": 3e-06, ""3"": 0.138651}",8198
elsevier_paper_77,0,0.999714,"{""0"": 0.999714, ""1"": 0.000186, ""2"": 6.3e-05, ""3"": 3.6e-05}",408
elsevier_paper_770,0,0.612744,"{""0"": 0.612744, ""1"": 0.361741, ""2"": 0.025474, ""3"": 4.1e-05}",362
elsevier_paper_771,0,0.844997,"{""0"": 0.844997, ""1"": 0.075754, ""2"": 0.07353, ""3"": 0.005718}",4937
elsevier_paper_773,0,0.983682,"{""0"": 0.983682, ""1"": 0.016197, ""2"": 7.7e-05, ""3"": 4.4e-05}",358
elsevier_paper_776,0,0.99976,"{""0"": 0.99976, ""1"": 0.000156, ""2"": 5.3e-05, ""3"": 3e-05}",477
elsevier_paper_778,0,0.846287,"{""0"": 0.846287, ""1"": 0.098896, ""2"": 0.054777, ""3"": 4e-05}",367
elsevier_paper_78,0,0.935645,"{""0"": 0.935645, ""1"": 0.064244, ""2"": 7e-05, ""3"": 4e-05}",362
elsevier_paper_784,0,0.977135,"{""0"": 0.977135, ""1"": 0.022839, ""2"": 1.6e-05, ""3"": 9e-06}",1650
elsevier_paper_787,0,0.92994,"{""0"": 0.92994, ""1"": 0.023324, ""2"": 0.046693, ""3"": 4.2e-05}",353
elsevier_paper_79,0,0.999768,"{""0"": 0.999768, ""1"": 0.000151, ""2"": 5.1e-05, ""3"": 3e-05}",480
elsevier_paper_797,0,0.999593,"{""0"": 0.999593, ""1"": 0.000265, ""2"": 9e-05, ""3"": 5.2e-05}",271
elsevier_paper_799,0,0.999585,"{""0"": 0.999585, ""1"": 0.00027, ""2"": 9.2e-05, ""3"": 5.3e-05}",286
elsevier_paper_80,0,0.856704,"{""0"": 0.856704, ""1"": 0.143215, ""2"": 5.1e-05, ""3"": 2.9e-05}",504
elsevier_paper_800,0,0.956396,"{""0"": 0.956396, ""1"": 0.000169, ""2"": 0.043402, ""3"": 3.3e-05}",407
elsevier_paper_81,0,0.579237,"{""0"": 0.579237, ""1"": 0.249027, ""2"": 8.7e-05, ""3"": 0.171649}",1521
elsevier_paper_813,0,0.999616,"{""0"": 0.999616, ""1"": 0.00025, ""2"": 8.5e-05, ""3"": 4.9e-05}",303
elsevier_paper_817,0,0.938902,"{""0"": 0.938902, ""1"": 0.04741, ""2"": 6.5e-05, ""3"": 0.013623}",415
elsevier_paper_818,3,0.825859,"{""0"": 0.007312, ""1"": 0.125466, ""2"": 0.041363, ""3"": 0.825859}",5802
elsevier_paper_819,0,0.849265,"{""0"": 0.849265, ""1"": 0.150656, ""2"": 5e-05, ""3"": 2.9e-05}",591
elsevier_paper_829,0,0.941243,"{""0"": 0.941243, ""1"": 0.004995, ""2"": 0.053717, ""3"": 4.4e-05}",327
elsevier_paper_830,0,0.999738,"{""0"": 0.999738, ""1"": 0.000171, ""2"": 5.8e-05, ""3"": 3.3e-05}",448
elsevier_paper_837,0,0.975335,"{""0"": 0.975335, ""1"": 0.000207, ""2"": 0.024418, ""3"": 4e-05}",364
elsevier_paper_839,2,0.599529,"{""0"": 0.000292, ""1"": 1.3e-05, ""2"": 0.599529, ""3"": 0.400166}",6041
elsevier_paper_84,0,0.999772,"{""0"": 0.999772, ""1"": 0.000149, ""2"": 5.1e-05, ""3"": 2.9e-05}",490
elsevier_paper_843,0,0.999595,"{""0"": 0.999595, ""1"": 0.000264, ""2"": 9e-05, ""3"": 5.2e-05}",1683
elsevier_paper_844,0,0.99886,"{""0"": 0.99886, ""1"": 6.5e-05, ""2"": 0.001063, ""3"": 1.3e-05}",1364
elsevier_paper_845,0,0.842424,"{""0"": 0.842424, ""1"": 0.131072, ""2"": 7.3e-05, ""3"": 0.026431}",345
elsevier_paper_846,1,0.999614,"{""0"": 0.000376, ""1"": 0.999614, ""2"": 6e-06, ""3"": 4e-06}",4956
elsevier_paper_848,0,0.810617,"{""0"": 0.810617, ""1"": 0.157736, ""2"": 0.031612, ""3"": 3.6e-05}",435
elsevier_paper_851,0,0.999676,"{""0"": 0.999676, ""1"": 0.000211, ""2"": 7.2e-05, ""3"": 4.1e-05}",325
elsevier_paper_852,0,0.98135,"{""0"": 0.98135, ""1"": 0.00015, ""2"": 0.01847, ""3"": 2.9e-05}",476
elsevier_paper_855,0,0.842823,"{""0"": 0.842823, ""1"": 0.143947, ""2"": 5.7e-05, ""3"": 0.013173}",445
elsevier_paper_857,0,0.995856,"{""0"": 0.995856, ""1"": 0.004023, ""2"": 7.7e-05, ""3"": 4.4e-05}",315
elsevier_paper_859,0,0.983648,"{""0"": 0.983648, ""1"": 0.01626, ""2"": 5.9e-05, ""3"": 3.4e-05}",424
elsevier_paper_86,0,0.999679,"{""0"": 0.999679, ""1"": 0.000209, ""2"": 7.1e-05, ""3"": 4.1e-05}",382
elsevier_paper_861,0,0.999987,"{""0"": 0.999987, ""1"": 9e-06, ""2"": 3e-06, ""3"": 2e-06}",9217
elsevier_paper_867,0,0.439066,"{""0"": 0.439066, ""1"": 0.304363, ""2"": 0.113278, ""3"": 0.143293}",5666
elsevier_paper_869,3,0.572089,"{""0"": 0.000255, ""1"": 1.1e-05, ""2"": 0.427644, ""3"": 0.572089}",5485
elsevier_paper_870,0,0.99961,"{""0"": 0.99961, ""1"": 0.000254, ""2"": 8.6e-05, ""3"": 5e-05}",295
elsevier_paper_872,0,0.999773,"{""0"": 0.999773, ""1"": 0.000148, ""2"": 5e-05, ""3"": 2.9e-05}",510
elsevier_paper_873,0,0.999619,"{""0"": 0.999619, ""1"": 0.000248, ""2"": 8.4e-05, ""3"": 4.8e-05}",340
elsevier_paper_883,0,0.999763,"{""0"": 0.999763, ""1"": 0.000154, ""2"": 5.2e-05, ""3"": 3e-05}",500
elsevier_paper_884,0,0.927572,"{""0"": 0.927572, ""1"": 0.000159, ""2"": 0.072238, ""3"": 3.1e-05}",451
elsevier_paper_888,0,0.798121,"{""0"": 0.798121, ""1"": 0.049232, ""2"": 9e-05, ""3"": 0.152557}",320
elsevier_paper_894,0,0.999709,"{""0"": 0.999709, ""1"": 0.000189, ""2"": 6.4e-05, ""3"": 3.7e-05}",453
elsevier_paper_897,0,0.999741,"{""0"": 0.999741, ""1"": 0.000169, ""2"": 5.7e-05, ""3"": 3.3e-05}",463
elsevier_paper_898,0,0.948213,"{""0"": 0.948213, ""1"": 0.02566, ""2"": 0.026083, ""3"": 4.4e-05}",301
elsevier_paper_906,0,0.850742,"{""0"": 0.850742, ""1"": 0.149185, ""2"": 4.6e-05, ""3"": 2.7e-05}",586
elsevier_paper_908,1,0.587565,"{""0"": 0.001379, ""1"": 0.587565, ""2"": 0.027959, ""3"": 0.383096}",5888
elsevier_paper_910,0,0.936484,"{""0"": 0.936484, ""1"": 0.063436, ""2"": 5e-05, ""3"": 2.9e-05}",487
elsevier_paper_911,0,0.999787,"{""0"": 0.999787, ""1"": 0.000139, ""2"": 4.7e-05, ""3"": 2.7e-05}",546
elsevier_paper_912,0,0.999619,"{""0"": 0.999619, ""1"": 0.000248, ""2"": 8.4e-05, ""3"": 4.8e-05}",324
elsevier_paper_916,0,0.928682,"{""0"": 0.928682, ""1"": 0.071254, ""2"": 4e-05, ""3"": 2.3e-05}",666
elsevier_paper_922,0,0.826516,"{""0"": 0.826516, ""1"": 0.126391, ""2"": 0.047047, ""3"": 4.5e-05}",1589
elsevier_paper_923,0,0.999587,"{""0"": 0.999587, ""1"": 0.000269, ""2"": 9.2e-05, ""3"": 5.3e-05}",303
elsevier_paper_925,0,0.832318,"{""0"": 0.832318, ""1"": 0.11175, ""2"": 0.055899, ""3"": 3.3e-05}",419
elsevier_paper_926,0,0.729254,"{""0"": 0.729254, ""1"": 0.27067, ""2"": 4.8e-05, ""3"": 2.8e-05}",526
elsevier_paper_927,0,0.999694,"{""0"": 0.999694, ""1"": 0.000199, ""2"": 6.8e-05, ""3"": 3.9e-05}",394
elsevier_paper_93,0,0.477281,"{""0"": 0.477281, ""1"": 0.099406, ""2"": 0.422849, ""3"": 0.000464}",10731
elsevier_paper_934,0,0.917147,"{""0"": 0.917147, ""1"": 0.082771, ""2"": 5.2e-05, ""3"": 3e-05}",1717
elsevier_paper_94,0,0.999507,"{""0"": 0.999507, ""1"": 0.000321, ""2"": 0.000109, ""3"": 6.3e-05}",226
elsevier_paper_941,0,0.922361,"{""0"": 0.922361, ""1"": 0.013024, ""2"": 0.064588, ""3"": 2.7e-05}",562
elsevier_paper_95,3,0.537696,"{""0"": 0.005628, ""1"": 0.252207, ""2"": 0.204469, ""3"": 0.537696}",4982
elsevier_paper_952,2,0.881761,"{""0"": 0.0536, ""1"": 0.000135, ""2"": 0.881761, ""3"": 0.064504}",813
elsevier_paper_955,0,0.999749,"{""0"": 0.999749, ""1"": 0.000164, ""2"": 5.6e-05, ""3"": 3.2e-05}",447
elsevier_paper_959,3,0.677456,"{""0"": 0.059362, ""1"": 1.8e-05, ""2"": 0.263164, ""3"": 0.677456}",4373
elsevier_paper_96,0,0.99971,"{""0"": 0.99971, ""1"": 0.000189, ""2"": 6.4e-05, ""3"": 3.7e-05}",419
elsevier_paper_961,0,0.999825,"{""0"": 0.999825, ""1"": 0.000114, ""2"": 3.9e-05, ""3"": 2.2e-05}",719
elsevier_paper_964,0,0.992575,"{""0"": 0.992575, ""1"": 0.007337, ""2"": 5.6e-05, ""3"": 3.2e-05}",476
elsevier_paper_967,0,0.94343,"{""0"": 0.94343, ""1"": 0.056334, ""2"": 0.00015, ""3"": 8.6e-05}",167
elsevier_paper_968,0,0.841466,"{""0"": 0.841466, ""1"": 0.13071, ""2"": 0.015572, ""3"": 0.012252}",1359
elsevier_paper_97,0,0.989092,"{""0"": 0.989092, ""1"": 0.000129, ""2"": 4.4e-05, ""3"": 0.010735}",626
elsevier_paper_973,0,0.986509,"{""0"": 0.986509, ""1"": 0.013372, ""2"": 7.6e-05, ""3"": 4.3e-05}",321
elsevier_paper_976,0,0.729451,"{""0"": 0.729451, ""1"": 0.270406, ""2"": 9.1e-05, ""3"": 5.3e-05}",296
elsevier_paper_983,0,0.999707,"{""0"": 0.999707, ""1"": 0.000191, ""2"": 6.5e-05, ""3"": 3.7e-05}",424
elsevier_paper_986,0,0.999717,"{""0"": 0.999717, ""1"": 0.000184, ""2"": 6.3e-05, ""3"": 3.6e-05}",403
elsevier_paper_987,0,0.952571,"{""0"": 0.952571, ""1"": 0.047367, ""2"": 3.9e-05, ""3"": 2.3e-05}",1443
elsevier_paper_988,0,0.965749,"{""0"": 0.965749, ""1"": 0.010543, ""2"": 0.023658, ""3"": 5e-05}",288
elsevier_paper_989,0,0.99971,"{""0"": 0.99971, ""1"": 0.000189, ""2"": 6.4e-05, ""3"": 3.7e-05}",404
elsevier_paper_99,0,0.881386,"{""0"": 0.881386, ""1"": 0.000164, ""2"": 5.6e-05, ""3"": 0.118394}",441
elsevier_paper_990,0,0.986563,"{""0"": 0.986563, ""1"": 0.013297, ""2"": 8.9e-05, ""3"": 5.1e-05}",295
md_1,0,0.995791,"{""0"": 0.995791, ""1"": 0.004117, ""2"": 5.8e-05, ""3"": 3.4e-05}",414
md_10,0,0.999636,"{""0"": 0.999636, ""1"": 0.000237, ""2"": 8.1e-05, ""3"": 4.6e-05}",332
md_11,0,0.991866,"{""0"": 0.991866, ""1"": 0.00801, ""2"": 7.9e-05, ""3"": 4.5e-05}",341
md_12,0,0.82755,"{""0"": 0.82755, ""1"": 0.172329, ""2"": 7.7e-05, ""3"": 4.4e-05}",348
md_13,0,0.899892,"{""0"": 0.899892, ""1"": 0.099986, ""2"": 7.7e-05, ""3"": 4.4e-05}",318
md_14,0,0.99971,"{""0"": 0.99971, ""1"": 0.000189, ""2"": 6.4e-05, ""3"": 3.7e-05}",373
md_15,0,0.936234,"{""0"": 0.936234, ""1"": 0.06367, ""2"": 6e-05, ""3"": 3.5e-05}",432
md_16,0,0.999748,"{""0"": 0.999748, ""1"": 0.000164, ""2"": 5.6e-05, ""3"": 3.2e-05}",488
md_17,0,0.988305,"{""0"": 0.988305, ""1"": 0.000164, ""2"": 0.011499, ""3"": 3.2e-05}",461
md_18,0,0.884569,"{""0"": 0.884569, ""1"": 0.115349, ""2"": 5.2e-05, ""3"": 3e-05}",523
md_19,0,0.999594,"{""0"": 0.999594, ""1"": 0.000265, ""2"": 9e-05, ""3"": 5.2e-05}",310
md_2,0,0.999583,"{""0"": 0.999583, ""1"": 0.000272, ""2"": 9.2e-05, ""3"": 5.3e-05}",283
md_20,0,0.959699,"{""0"": 0.959699, ""1"": 0.040181, ""2"": 7.7e-05, ""3"": 4.4e-05}",340
md_21,0,0.990353,"{""0"": 0.990353, ""1"": 0.000212, ""2"": 0.009393, ""3"": 4.1e-05}",381
md_22,0,0.99957,"{""0"": 0.99957, ""1"": 0.00028, ""2"": 9.5e-05, ""3"": 5.5e-05}",254
md_23,0,0.999738,"{""0"": 0.999738, ""1"": 0.000171, ""2"": 5.8e-05, ""3"": 3.3e-05}",477
md_24,0,0.999457,"{""0"": 0.999457, ""1"": 0.000354, ""2"": 0.00012, ""3"": 6.9e-05}",237
md_25,0,0.999662,"{""0"": 0.999662, ""1"": 0.00022, ""2"": 7.5e-05, ""3"": 4.3e-05}",348
md_26,0,0.959083,"{""0"": 0.959083, ""1"": 0.040766, ""2"": 9.6e-05, ""3"": 5.5e-05}",304
md_27,0,0.999681,"{""0"": 0.999681, ""1"": 0.000208, ""2"": 7.1e-05, ""3"": 4.1e-05}",359
md_28,0,0.901098,"{""0"": 0.901098, ""1"": 0.098805, ""2"": 6.2e-05, ""3"": 3.5e-05}",429
md_29,0,0.848653,"{""0"": 0.848653, ""1"": 0.151219, ""2"": 8.2e-05, ""3"": 4.7e-05}",350
md_3,0,0.999725,"{""0"": 0.999725, ""1"": 0.000179, ""2"": 6.1e-05, ""3"": 3.5e-05}",417
md_30,0,0.884791,"{""0"": 0.884791, ""1"": 0.082259, ""2"": 6e-05, ""3"": 0.03289}",441
md_31,0,0.988192,"{""0"": 0.988192, ""1"": 0.000204, ""2"": 0.011564, ""3"": 4e-05}",358
md_32,0,0.999773,"{""0"": 0.999773, ""1"": 0.000148, ""2"": 5e-05, ""3"": 2.9e-05}",492
md_33,0,0.918924,"{""0"": 0.918924, ""1"": 0.080968, ""2"": 6.8e-05, ""3"": 3.9e-05}",391
md_34,0,0.99978,"{""0"": 0.99978, ""1"": 0.000143, ""2"": 4.9e-05, ""3"": 2.8e-05}",525
md_35,0,0.978627,"{""0"": 0.978627, ""1"": 0.003564, ""2"": 8.1e-05, ""3"": 0.017727}",342
md_36,0,0.794855,"{""0"": 0.794855, ""1"": 0.138996, ""2"": 0.0661, ""3"": 4.8e-05}",325
md_37,0,0.888022,"{""0"": 0.888022, ""1"": 0.099184, ""2"": 0.012749, ""3"": 4.5e-05}",364
md_38,0,0.962976,"{""0"": 0.962976, ""1"": 0.000219, ""2"": 0.036762, ""3"": 4.3e-05}",351
md_39,0,0.918347,"{""0"": 0.918347, ""1"": 0.032986, ""2"": 0.04862, ""3"": 4.6e-05}",330
md_4,0,0.868696,"{""0"": 0.868696, ""1"": 0.077625, ""2"": 0.05364, ""3"": 3.9e-05}",378
md_40,0,0.928425,"{""0"": 0.928425, ""1"": 0.000318, ""2"": 0.071195, ""3"": 6.2e-05}",1481
md_41,0,0.999677,"{""0"": 0.999677, ""1"": 0.00021, ""2"": 7.1e-05, ""3"": 4.1e-05}",368
md_42,0,0.947144,"{""0"": 0.947144, ""1"": 0.052742, ""2"": 7.3e-05, ""3"": 4.2e-05}",367
md_43,0,0.896191,"{""0"": 0.896191, ""1"": 0.000202, ""2"": 0.103568, ""3"": 3.9e-05}",404
md_44,0,0.785822,"{""0"": 0.785822, ""1"": 0.214107, ""2"": 4.6e-05, ""3"": 2.6e-05}",551
md_45,0,0.999696,"{""0"": 0.999696, ""1"": 0.000198, ""2"": 6.7e-05, ""3"": 3.9e-05}",439
md_46,0,0.733071,"{""0"": 0.733071, ""1"": 0.228876, ""2"": 0.0337, ""3"": 0.004353}",1049
md_47,0,0.971233,"{""0"": 0.971233, ""1"": 0.020302, ""2"": 0.008404, ""3"": 6.2e-05}",288
md_48,0,0.979481,"{""0"": 0.979481, ""1"": 0.02042, ""2"": 6.3e-05, ""3"": 3.6e-05}",433
md_49,0,0.93924,"{""0"": 0.93924, ""1"": 0.060665, ""2"": 6e-05, ""3"": 3.5e-05}",465
md_5,0,0.876727,"{""0"": 0.876727, ""1"": 0.013709, ""2"": 7.7e-05, ""3"": 0.109488}",318
md_50,0,0.999756,"{""0"": 0.999756, ""1"": 0.000159, ""2"": 5.4e-05, ""3"": 3.1e-05}",489
md_51,0,0.999666,"{""0"": 0.999666, ""1"": 0.000217, ""2"": 7.4e-05, ""3"": 4.2e-05}",345
md_52,0,0.995382,"{""0"": 0.995382, ""1"": 0.000203, ""2"": 0.004375, ""3"": 4e-05}",376
md_53,0,0.999763,"{""0"": 0.999763, ""1"": 0.000154, ""2"": 5.2e-05, ""3"": 3e-05}",536
md_54,0,0.999647,"{""0"": 0.999647, ""1"": 0.00023, ""2"": 7.8e-05, ""3"": 4.5e-05}",331
md_55,0,0.999428,"{""0"": 0.999428, ""1"": 0.000373, ""2"": 0.000127, ""3"": 7.3e-05}",246
md_6,0,0.960071,"{""0"": 0.960071, ""1"": 0.039796, ""2"": 8.4e-05, ""3"": 4.8e-05}",1661
md_7,0,0.999656,"{""0"": 0.999656, ""1"": 0.000224, ""2"": 7.6e-05, ""3"": 4.4e-05}",339
md_8,0,0.979948,"{""0"": 0.979948, ""1"": 0.019968, ""2"": 5.3e-05, ""3"": 3e-05}",483
md_9,0,0.999878,"{""0"": 0.999878, ""1"": 8e-05, ""2"": 2.7e-05, ""3"": 1.6e-05}",885
paper1,0,0.927686,"{""0"": 0.927686, ""1"": 0.072194, ""2"": 7.7e-05, ""3"": 4.4e-05}",326
paper100,0,0.955217,"{""0"": 0.955217, ""1"": 0.044634, ""2"": 9.5e-05, ""3"": 5.4e-05}",287
paper1000,0,0.93735,"{""0"": 0.93735, ""1"": 0.048183, ""2"": 0.000101, ""3"": 0.014366}",310
paper1001,0,0.99936,"{""0"": 0.99936, ""1"": 0.000417, ""2"": 0.000142, ""3"": 8.1e-05}",198
paper1002,0,0.999499,"{""0"": 0.999499, ""1"": 0.000326, ""2"": 0.000111, ""3"": 6.4e-05}",246
paper1003,0,0.955061,"{""0"": 0.955061, ""1"": 0.000248, ""2"": 0.044643, ""3"": 4.8e-05}",311
paper1004,0,0.899432,"{""0"": 0.899432, ""1"": 0.100357, ""2"": 0.000134, ""3"": 7.7e-05}",202
paper1005,0,0.861967,"{""0"": 0.861967, ""1"": 0.137895, ""2"": 8.8e-05, ""3"": 5e-05}",291
paper1006,0,0.999673,"{""0"": 0.999673, ""1"": 0.000213, ""2"": 7.2e-05, ""3"": 4.2e-05}",386
paper1007,0,0.97528,"{""0"": 0.97528, ""1"": 0.024569, ""2"": 9.6e-05, ""3"": 5.5e-05}",275
paper1008,0,0.894961,"{""0"": 0.894961, ""1"": 0.104909, ""2"": 8.2e-05, ""3"": 4.7e-05}",318
paper1009,0,0.999709,"{""0"": 0.999709, ""1"": 0.000189, ""2"": 6.4e-05, ""3"": 3.7e-05}",390
paper101,0,0.954603,"{""0"": 0.954603, ""1"": 0.045233, ""2"": 0.000104, ""3"": 6e-05}",285
paper1010,0,0.999681,"{""0"": 0.999681, ""1"": 0.000208, ""2"": 7.1e-05, ""3"": 4.1e-05}",730
paper1011,0,0.99965,"{""0"": 0.99965, ""1"": 0.000228, ""2"": 7.8e-05, ""3"": 4.5e-05}",328
paper1012,0,0.88622,"{""0"": 0.88622, ""1"": 0.105918, ""2"": 0.00782, ""3"": 4.2e-05}",368
paper1013,0,0.999721,"{""0"": 0.999721, ""1"": 0.000182, ""2"": 6.2e-05, ""3"": 3.5e-05}",413
paper1014,0,0.999673,"{""0"": 0.999673, ""1"": 0.000213, ""2"": 7.2e-05, ""3"": 4.2e-05}",414
paper1015,0,0.990501,"{""0"": 0.990501, ""1"": 0.009412, ""2"": 5.5e-05, ""3"": 3.2e-05}",465
paper1016,0,0.962025,"{""0"": 0.962025, ""1"": 0.037866, ""2"": 6.9e-05, ""3"": 4e-05}",360
paper1017,0,0.999832,"{""0"": 0.999832, ""1"": 0.000109, ""2"": 3.7e-05, ""3"": 2.1e-05}",1402
paper1018,0,0.999594,"{""0"": 0.999594, ""1"": 0.000265, ""2"": 9e-05, ""3"": 5.2e-05}",284
paper1019,0,0.999648,"{""0"": 0.999648, ""1"": 0.000229, ""2"": 7.8e-05, ""3"": 4.5e-05}",347
paper102,0,0.953677,"{""0"": 0.953677, ""1"": 0.046224, ""2"": 6.3e-05, ""3"": 3.6e-05}",381
paper1020,0,0.950074,"{""0"": 0.950074, ""1"": 0.049817, ""2"": 7e-05, ""3"": 4e-05}",353
paper1021,0,0.999521,"{""0"": 0.999521, ""1"": 0.000312, ""2"": 0.000106, ""3"": 6.1e-05}",233
paper1022,0,0.999631,"{""0"": 0.999631, ""1"": 0.00024, ""2"": 8.2e-05, ""3"": 4.7e-05}",334
paper1023,0,0.999634,"{""0"": 0.999634, ""1"": 0.000239, ""2"": 8.1e-05, ""3"": 4.7e-05}",294
paper1024,0,0.999585,"{""0"": 0.999585, ""1"": 0.00027, ""2"": 9.2e-05, ""3"": 5.3e-05}",280
paper1025,0,0.999714,"{""0"": 0.999714, ""1"": 0.000186, ""2"": 6.3e-05, ""3"": 3.6e-05}",408
paper1026,0,0.999656,"{""0"": 0.999656, ""1"": 0.000224, ""2"": 7.6e-05, ""3"": 4.4e-05}",360
paper1027,0,0.999616,"{""0"": 0.999616, ""1"": 0.00025, ""2"": 8.5e-05, ""3"": 4.9e-05}",293
paper1028,0,0.840839,"{""0"": 0.840839, ""1"": 0.126063, ""2"": 0.033045, ""3"": 5.3e-05}",286
paper1029,0,0.999594,"{""0"": 0.999594, ""1"": 0.000265, ""2"": 9e-05, ""3"": 5.2e-05}",286
paper103,0,0.92027,"{""0"": 0.92027, ""1"": 0.079544, ""2"": 0.000118, ""3"": 6.8e-05}",224
paper1030,0,0.999592,"{""0"": 0.999592, ""1"": 0.000266, ""2"": 9e-05, ""3"": 5.2e-05}",287
paper1031,0,0.999463,"{""0"": 0.999463, ""1"": 0.00035, ""2"": 0.000119, ""3"": 6.8e-05}",229
paper1032,0,0.999728,"{""0"": 0.999728, ""1"": 0.000177, ""2"": 6e-05, ""3"": 3.5e-05}",433
paper1033,0,0.999691,"{""0"": 0.999691, ""1"": 0.000201, ""2"": 6.8e-05, ""3"": 3.9e-05}",364
paper1034,0,0.999625,"{""0"": 0.999625, ""1"": 0.000244, ""2"": 8.3e-05, ""3"": 4.8e-05}",332
paper1035,0,0.99975,"{""0"": 0.99975, ""1"": 0.000163, ""2"": 5.5e-05, ""3"": 3.2e-05}",440
paper1036,0,0.999733,"{""0"": 0.999733, ""1"": 0.000174, ""2"": 5.9e-05, ""3"": 3.4e-05}",421
paper1037,0,0.81214,"{""0"": 0.81214, ""1"": 0.187724, ""2"": 8.6e-05, ""3"": 5e-05}",292
paper1038,0,0.999635,"{""0"": 0.999635, ""1"": 0.000238, ""2"": 8.1e-05, ""3"": 4.6e-05}",322
paper1039,0,0.999548,"{""0"": 0.999548, ""1"": 0.000294, ""2"": 0.0001, ""3"": 5.7e-05}",244
paper104,0,0.922804,"{""0"": 0.922804, ""1"": 0.077084, ""2"": 7.1e-05, ""3"": 4.1e-05}",364
paper1040,0,0.99991,"{""0"": 0.99991, ""1"": 5.9e-05, ""2"": 2e-05, ""3"": 1.1e-05}",1698
paper1041,0,0.999685,"{""0"": 0.999685, ""1"": 0.000205, ""2"": 7e-05, ""3"": 4e-05}",386
paper1042,0,0.999671,"{""0"": 0.999671, ""1"": 0.000214, ""2"": 7.3e-05, ""3"": 4.2e-05}",339
paper1043,0,0.999658,"{""0"": 0.999658, ""1"": 0.000223, ""2"": 7.6e-05, ""3"": 4.4e-05}",338
paper1044,0,0.999731,"{""0"": 0.999731, ""1"": 0.000175, ""2"": 6e-05, ""3"": 3.4e-05}",441
paper1045,0,0.999753,"{""0"": 0.999753, ""1"": 0.000161, ""2"": 5.5e-05, ""3"": 3.1e-05}",430
paper1046,0,0.999727,"{""0"": 0.999727, ""1"": 0.000178, ""2"": 6.1e-05, ""3"": 3.5e-05}",422
paper1047,0,0.987696,"{""0"": 0.987696, ""1"": 0.012164, ""2"": 8.9e-05, ""3"": 5.1e-05}",283
paper1048,0,0.989164,"{""0"": 0.989164, ""1"": 0.000262, ""2"": 0.010523, ""3"": 5.1e-05}",313
paper1049,0,0.999578,"{""0"": 0.999578, ""1"": 0.000275, ""2"": 9.4e-05, ""3"": 5.4e-05}",293
paper105,0,0.8978,"{""0"": 0.8978, ""1"": 0.102062, ""2"": 8.8e-05, ""3"": 5e-05}",287
paper1050,0,0.994809,"{""0"": 0.994809, ""1"": 0.005095, ""2"": 6.1e-05, ""3"": 3.5e-05}",410
paper1051,0,0.960429,"{""0"": 0.960429, ""1"": 0.000466, ""2"": 0.039014, ""3"": 9.1e-05}",175
paper1052,0,0.980452,"{""0"": 0.980452, ""1"": 0.012745, ""2"": 0.006757, ""3"": 4.7e-05}",318
paper1053,0,0.953866,"{""0"": 0.953866, ""1"": 0.045993, ""2"": 9e-05, ""3"": 5.1e-05}",308
paper1054,0,0.999592,"{""0"": 0.999592, ""1"": 0.000266, ""2"": 9e-05, ""3"": 5.2e-05}",271
paper1055,0,0.999592,"{""0"": 0.999592, ""1"": 0.000266, ""2"": 9e-05, ""3"": 5.2e-05}",306
paper1056,0,0.999592,"{""0"": 0.999592, ""1"": 0.000266, ""2"": 9e-05, ""3"": 5.2e-05}",285
paper1057,0,0.999568,"{""0"": 0.999568, ""1"": 0.000281, ""2"": 9.6e-05, ""3"": 5.5e-05}",275
paper1058,0,0.999642,"{""0"": 0.999642, ""1"": 0.000233, ""2"": 7.9e-05, ""3"": 4.6e-05}",355
paper1059,0,0.999706,"{""0"": 0.999706, ""1"": 0.000191, ""2"": 6.5e-05, ""3"": 3.7e-05}",408
paper106,0,0.947601,"{""0"": 0.947601, ""1"": 0.052257, ""2"": 9e-05, ""3"": 5.2e-05}",351
paper1060,0,0.999542,"{""0"": 0.999542, ""1"": 0.000298, ""2"": 0.000101, ""3"": 5.8e-05}",247
paper1061,0,0.973649,"{""0"": 0.973649, ""1"": 0.016314, ""2"": 0.01001, ""3"": 2.7e-05}",537
paper1062,0,0.999705,"{""0"": 0.999705, ""1"": 0.000192, ""2"": 6.5e-05, ""3"": 3.8e-05}",377
paper1063,0,0.999574,"{""0"": 0.999574, ""1"": 0.000277, ""2"": 9.4e-05, ""3"": 5.4e-05}",286
paper1064,0,0.999448,"{""0"": 0.999448, ""1"": 0.00036, ""2"": 0.000122, ""3"": 7e-05}",209
paper1065,0,0.999578,"{""0"": 0.999578, ""1"": 0.000275, ""2"": 9.4e-05, ""3"": 5.4e-05}",311
paper1066,0,0.999589,"{""0"": 0.999589, ""1"": 0.000268, ""2"": 9.1e-05, ""3"": 5.2e-05}",303
paper1067,0,0.961808,"{""0"": 0.961808, ""1"": 0.000258, ""2"": 0.037884, ""3"": 5e-05}",304
paper1068,0,0.999576,"{""0"": 0.999576, ""1"": 0.000276, ""2"": 9.4e-05, ""3"": 5.4e-05}",282
paper1069,0,0.999741,"{""0"": 0.999741, ""1"": 0.000169, ""2"": 5.7e-05, ""3"": 3.3e-05}",447
paper107,0,0.861436,"{""0"": 0.861436, ""1"": 0.138481, ""2"": 5.3e-05, ""3"": 3.1e-05}",505
paper1070,0,0.999707,"{""0"": 0.999707, ""1"": 0.000191, ""2"": 6.5e-05, ""3"": 3.7e-05}",422
paper1071,0,0.979446,"{""0"": 0.979446, ""1"": 0.020401, ""2"": 9.7e-05, ""3"": 5.6e-05}",246
paper1072,0,0.999686,"{""0"": 0.999686, ""1"": 0.000204, ""2"": 7e-05, ""3"": 4e-05}",366
paper1073,0,0.934892,"{""0"": 0.934892, ""1"": 0.064995, ""2"": 7.2e-05, ""3"": 4.1e-05}",350
paper1074,0,0.923423,"{""0"": 0.923423, ""1"": 0.076432, ""2"": 9.2e-05, ""3"": 5.3e-05}",280
paper1075,0,0.999725,"{""0"": 0.999725, ""1"": 0.000179, ""2"": 6.1e-05, ""3"": 3.5e-05}",407
paper1076,0,0.887031,"{""0"": 0.887031, ""1"": 0.023392, ""2"": 0.089537, ""3"": 3.9e-05}",376
paper1077,0,0.999762,"{""0"": 0.999762, ""1"": 0.000155, ""2"": 5.3e-05, ""3"": 3e-05}",490
paper1078,0,0.966311,"{""0"": 0.966311, ""1"": 0.000196, ""2"": 0.033455, ""3"": 3.8e-05}",394
paper1079,0,0.999574,"{""0"": 0.999574, ""1"": 0.000277, ""2"": 9.4e-05, ""3"": 5.4e-05}",286
paper108,0,0.999908,"{""0"": 0.999908, ""1"": 6e-05, ""2"": 2e-05, ""3"": 1.2e-05}",1091
paper1080,0,0.972415,"{""0"": 0.972415, ""1"": 0.027479, ""2"": 6.7e-05, ""3"": 3.9e-05}",390
paper1081,0,0.999486,"{""0"": 0.999486, ""1"": 0.000335, ""2"": 0.000114, ""3"": 6.5e-05}",221
paper1082,0,0.999411,"{""0"": 0.999411, ""1"": 0.000384, ""2"": 0.00013, ""3"": 7.5e-05}",209
paper1083,0,0.884424,"{""0"": 0.884424, ""1"": 0.115424, ""2"": 9.7e-05, ""3"": 5.6e-05}",261
paper1084,0,0.999507,"{""0"": 0.999507, ""1"": 0.000321, ""2"": 0.000109, ""3"": 6.3e-05}",255
paper1085,0,0.999548,"{""0"": 0.999548, ""1"": 0.000294, ""2"": 0.0001, ""3"": 5.7e-05}",276
paper1086,0,0.999552,"{""0"": 0.999552, ""1"": 0.000291, ""2"": 9.9e-05, ""3"": 5.7e-05}",241
paper1087,0,0.999643,"{""0"": 0.999643, ""1"": 0.000232, ""2"": 7.9e-05, ""3"": 4.5e-05}",325
paper1088,0,0.999559,"{""0"": 0.999559, ""1"": 0.000287, ""2"": 9.8e-05, ""3"": 5.6e-05}",276
paper1089,0,0.999712,"{""0"": 0.999712, ""1"": 0.000188, ""2"": 6.4e-05, ""3"": 3.7e-05}",385
paper109,0,0.999701,"{""0"": 0.999701, ""1"": 0.000194, ""2"": 6.6e-05, ""3"": 3.8e-05}",347
paper1090,0,0.999689,"{""0"": 0.999689, ""1"": 0.000203, ""2"": 6.9e-05, ""3"": 4e-05}",391
paper1091,0,0.999735,"{""0"": 0.999735, ""1"": 0.000173, ""2"": 5.9e-05, ""3"": 3.4e-05}",440
paper1092,0,0.99964,"{""0"": 0.99964, ""1"": 0.000234, ""2"": 8e-05, ""3"": 4.6e-05}",316
paper1093,0,0.999514,"{""0"": 0.999514, ""1"": 0.000316, ""2"": 0.000108, ""3"": 6.2e-05}",255
paper1094,0,0.99995,"{""0"": 0.99995, ""1"": 3.3e-05, ""2"": 1.1e-05, ""3"": 6e-06}",2009
paper1095,0,0.999794,"{""0"": 0.999794, ""1"": 0.000134, ""2"": 4.6e-05, ""3"": 2.6e-05}",559
paper1096,0,0.999504,"{""0"": 0.999504, ""1"": 0.000323, ""2"": 0.00011, ""3"": 6.3e-05}",224
paper1097,0,0.999691,"{""0"": 0.999691, ""1"": 0.000201, ""2"": 6.9e-05, ""3"": 3.9e-05}",386
paper1098,0,0.866086,"{""0"": 0.866086, ""1"": 0.133813, ""2"": 6.4e-05, ""3"": 3.7e-05}",387
paper1099,0,0.908896,"{""0"": 0.908896, ""1"": 0.090973, ""2"": 8.3e-05, ""3"": 4.8e-05}",309
paper110,0,0.999691,"{""0"": 0.999691, ""1"": 0.000201, ""2"": 6.8e-05, ""3"": 3.9e-05}",352
paper1100,0,0.999483,"{""0"": 0.999483, ""1"": 0.000337, ""2"": 0.000115, ""3"": 6.6e-05}",235
paper1101,0,0.944071,"{""0"": 0.944071, ""1"": 0.055784, ""2"": 9.2e-05, ""3"": 5.3e-05}",302
paper1102,0,0.965202,"{""0"": 0.965202, ""1"": 0.034699, ""2"": 6.3e-05, ""3"": 3.6e-05}",400
paper1103,0,0.999702,"{""0"": 0.999702, ""1"": 0.000194, ""2"": 6.6e-05, ""3"": 3.8e-05}",394
paper1104,0,0.999656,"{""0"": 0.999656, ""1"": 0.000224, ""2"": 7.6e-05, ""3"": 4.4e-05}",342
paper1105,0,0.99972,"{""0"": 0.99972, ""1"": 0.000183, ""2"": 6.2e-05, ""3"": 3.6e-05}",408
paper1106,0,0.999661,"{""0"": 0.999661, ""1"": 0.000221, ""2"": 7.5e-05, ""3"": 4.3e-05}",343
paper1107,0,0.999295,"{""0"": 0.999295, ""1"": 0.000459, ""2"": 0.000156, ""3"": 9e-05}",162
paper1108,0,0.999736,"{""0"": 0.999736, ""1"": 0.000172, ""2"": 5.9e-05, ""3"": 3.4e-05}",481
paper1109,0,0.987519,"{""0"": 0.987519, ""1"": 0.000253, ""2"": 0.012178, ""3"": 4.9e-05}",293
paper1110,0,0.852983,"{""0"": 0.852983, ""1"": 0.146903, ""2"": 7.3e-05, ""3"": 4.2e-05}",345
paper1111,0,0.999636,"{""0"": 0.999636, ""1"": 0.000237, ""2"": 8.1e-05, ""3"": 4.6e-05}",314
paper1112,0,0.999659,"{""0"": 0.999659, ""1"": 0.000222, ""2"": 7.5e-05, ""3"": 4.3e-05}",334
paper1113,0,0.996533,"{""0"": 0.996533, ""1"": 0.000191, ""2"": 6.5e-05, ""3"": 0.003211}",397
paper1114,0,0.999685,"{""0"": 0.999685, ""1"": 0.000205, ""2"": 7e-05, ""3"": 4e-05}",366
paper1115,0,0.999699,"{""0"": 0.999699, ""1"": 0.000196, ""2"": 6.7e-05, ""3"": 3.8e-05}",364
paper1116,0,0.938265,"{""0"": 0.938265, ""1"": 0.038566, ""2"": 0.023131, ""3"": 3.9e-05}",383
paper1117,0,0.999714,"{""0"": 0.999714, ""1"": 0.000187, ""2"": 6.3e-05, ""3"": 3.6e-05}",382
paper1118,0,0.999657,"{""0"": 0.999657, ""1"": 0.000223, ""2"": 7.6e-05, ""3"": 4.4e-05}",319
paper1119,0,0.999574,"{""0"": 0.999574, ""1"": 0.000277, ""2"": 9.4e-05, ""3"": 5.4e-05}",267
paper1120,0,0.999639,"{""0"": 0.999639, ""1"": 0.000235, ""2"": 8e-05, ""3"": 4.6e-05}",317
paper1121,0,0.999691,"{""0"": 0.999691, ""1"": 0.000201, ""2"": 6.8e-05, ""3"": 3.9e-05}",368
paper1122,0,0.999727,"{""0"": 0.999727, ""1"": 0.000178, ""2"": 6e-05, ""3"": 3.5e-05}",444
paper1123,0,0.999724,"{""0"": 0.999724, ""1"": 0.00018, ""2"": 6.1e-05, ""3"": 3.5e-05}",401
paper1124,0,0.94273,"{""0"": 0.94273, ""1"": 0.057166, ""2"": 6.6e-05, ""3"": 3.8e-05}",378
paper1125,0,0.999643,"{""0"": 0.999643, ""1"": 0.000232, ""2"": 7.9e-05, ""3"": 4.5e-05}",332
paper1126,0,0.9996,"{""0"": 0.9996, ""1"": 0.00026, ""2"": 8.9e-05, ""3"": 5.1e-05}",276
paper1127,0,0.988918,"{""0"": 0.988918, ""1"": 0.000276, ""2"": 0.010752, ""3"": 5.4e-05}",280
paper1128,0,0.999659,"{""0"": 0.999659, ""1"": 0.000222, ""2"": 7.5e-05, ""3"": 4.3e-05}",339
paper1129,0,0.999676,"{""0"": 0.999676, ""1"": 0.000211, ""2"": 7.2e-05, ""3"": 4.1e-05}",357
paper1130,0,0.991317,"{""0"": 0.991317, ""1"": 0.004519, ""2"": 0.004133, ""3"": 3e-05}",463
paper1131,0,0.999704,"{""0"": 0.999704, ""1"": 0.000193, ""2"": 6.6e-05, ""3"": 3.8e-05}",389
paper1132,0,0.999615,"{""0"": 0.999615, ""1"": 0.000251, ""2"": 8.5e-05, ""3"": 4.9e-05}",312
paper1133,0,0.999632,"{""0"": 0.999632, ""1"": 0.000239, ""2"": 8.1e-05, ""3"": 4.7e-05}",329
paper1134,0,0.999627,"{""0"": 0.999627, ""1"": 0.000243, ""2"": 8.3e-05, ""3"": 4.8e-05}",311
paper1135,0,0.970623,"{""0"": 0.970623, ""1"": 0.02928, ""2"": 6.2e-05, ""3"": 3.5e-05}",416
paper1136,0,0.991131,"{""0"": 0.991131, ""1"": 0.000243, ""2"": 0.008579, ""3"": 4.8e-05}",303
paper1137,0,0.999649,"{""0"": 0.999649, ""1"": 0.000228, ""2"": 7.8e-05, ""3"": 4.5e-05}",341
paper1138,0,0.999719,"{""0"": 0.999719, ""1"": 0.000183, ""2"": 6.2e-05, ""3"": 3.6e-05}",409
paper1139,0,0.999658,"{""0"": 0.999658, ""1"": 0.000223, ""2"": 7.6e-05, ""3"": 4.3e-05}",338
paper1140,0,0.992154,"{""0"": 0.992154, ""1"": 0.000179, ""2"": 0.007631, ""3"": 3.5e-05}",431
paper1141,0,0.990079,"{""0"": 0.990079, ""1"": 0.009823, ""2"": 6.2e-05, ""3"": 3.6e-05}",409
paper1142,0,0.999689,"{""0"": 0.999689, ""1"": 0.000203, ""2"": 6.9e-05, ""3"": 4e-05}",366
paper1143,0,0.995727,"{""0"": 0.995727, ""1"": 0.004161, ""2"": 7.1e-05, ""3"": 4.1e-05}",386
paper1144,0,0.999688,"{""0"": 0.999688, ""1"": 0.000203, ""2"": 6.9e-05, ""3"": 4e-05}",402
paper1145,0,0.97819,"{""0"": 0.97819, ""1"": 0.021689, ""2"": 7.7e-05, ""3"": 4.4e-05}",331
paper1146,0,0.999752,"{""0"": 0.999752, ""1"": 0.000162, ""2"": 5.5e-05, ""3"": 3.2e-05}",462
paper1147,0,0.947268,"{""0"": 0.947268, ""1"": 0.052639, ""2"": 5.9e-05, ""3"": 3.4e-05}",443
paper1148,0,0.999472,"{""0"": 0.999472, ""1"": 0.000344, ""2"": 0.000117, ""3"": 6.7e-05}",229
paper1149,0,0.99976,"{""0"": 0.99976, ""1"": 0.000156, ""2"": 5.3e-05, ""3"": 3e-05}",452
paper1150,0,0.999597,"{""0"": 0.999597, ""1"": 0.000262, ""2"": 8.9e-05, ""3"": 5.1e-05}",303
paper1151,0,0.999595,"{""0"": 0.999595, ""1"": 0.000263, ""2"": 9e-05, ""3"": 5.1e-05}",326
paper1152,0,0.999697,"{""0"": 0.999697, ""1"": 0.000198, ""2"": 6.7e-05, ""3"": 3.9e-05}",370
paper1153,0,0.999559,"{""0"": 0.999559, ""1"": 0.000287, ""2"": 9.8e-05, ""3"": 5.6e-05}",273
paper1154,0,0.964415,"{""0"": 0.964415, ""1"": 0.035495, ""2"": 5.7e-05, ""3"": 3.3e-05}",449
paper1155,0,0.999594,"{""0"": 0.999594, ""1"": 0.000265, ""2"": 9e-05, ""3"": 5.2e-05}",280
paper1156,0,0.999726,"{""0"": 0.999726, ""1"": 0.000179, ""2"": 6.1e-05, ""3"": 3.5e-05}",399
paper1157,0,0.999675,"{""0"": 0.999675, ""1"": 0.000211, ""2"": 7.2e-05, ""3"": 4.1e-05}",356
paper1158,0,0.999665,"{""0"": 0.999665, ""1"": 0.000218, ""2"": 7.4e-05, ""3"": 4.3e-05}",351
paper1159,0,0.902334,"{""0"": 0.902334, ""1"": 0.097499, ""2"": 0.000106, ""3"": 6.1e-05}",252
paper1160,0,0.999572,"{""0"": 0.999572, ""1"": 0.000279, ""2"": 9.5e-05, ""3"": 5.4e-05}",287
paper1161,0,0.999714,"{""0"": 0.999714, ""1"": 0.000186, ""2"": 6.3e-05, ""3"": 3.6e-05}",399
paper1162,0,0.999736,"{""0"": 0.999736, ""1"": 0.000172, ""2"": 5.8e-05, ""3"": 3.4e-05}",459
paper1163,0,0.999612,"{""0"": 0.999612, ""1"": 0.000253, ""2"": 8.6e-05, ""3"": 4.9e-05}",297
paper1164,0,0.99968,"{""0"": 0.99968, ""1"": 0.000209, ""2"": 7.1e-05, ""3"": 4.1e-05}",343
paper1165,0,0.88529,"{""0"": 0.88529, ""1"": 0.114585, ""2"": 7.9e-05, ""3"": 4.5e-05}",314
paper1166,0,0.999757,"{""0"": 0.999757, ""1"": 0.000158, ""2"": 5.4e-05, ""3"": 3.1e-05}",495
paper1167,0,0.92934,"{""0"": 0.92934, ""1"": 0.070558, ""2"": 6.5e-05, ""3"": 3.7e-05}",384
paper1168,0,0.999396,"{""0"": 0.999396, ""1"": 0.000393, ""2"": 0.000134, ""3"": 7.7e-05}",205
paper1169,0,0.999731,"{""0"": 0.999731, ""1"": 0.000175, ""2"": 6e-05, ""3"": 3.4e-05}",419
paper1170,0,0.999756,"{""0"": 0.999756, ""1"": 0.000159, ""2"": 5.4e-05, ""3"": 3.1e-05}",487
paper1171,0,0.999597,"{""0"": 0.999597, ""1"": 0.000262, ""2"": 8.9e-05, ""3"": 5.1e-05}",330
paper1172,0,0.999696,"{""0"": 0.999696, ""1"": 0.000198, ""2"": 6.7e-05, ""3"": 3.9e-05}",425
paper1173,0,0.999652,"{""0"": 0.999652, ""1"": 0.000227, ""2"": 7.7e-05, ""3"": 4.4e-05}",328
paper1174,0,0.999676,"{""0"": 0.999676, ""1"": 0.000211, ""2"": 7.2e-05, ""3"": 4.1e-05}",367
paper1175,0,0.999684,"{""0"": 0.999684, ""1"": 0.000206, ""2"": 7e-05, ""3"": 4e-05}",405
paper1176,0,0.999635,"{""0"": 0.999635, ""1"": 0.000238, ""2"": 8.1e-05, ""3"": 4.6e-05}",372
paper1177,0,0.999592,"{""0"": 0.999592, ""1"": 0.000266, ""2"": 9e-05, ""3"": 5.2e-05}",287
paper1178,0,0.999691,"{""0"": 0.999691, ""1"": 0.000201, ""2"": 6.8e-05, ""3"": 3.9e-05}",378
paper1179,0,0.999649,"{""0"": 0.999649, ""1"": 0.000228, ""2"": 7.8e-05, ""3"": 4.5e-05}",350
paper1180,0,0.999891,"{""0"": 0.999891, ""1"": 7.1e-05, ""2"": 2.4e-05, ""3"": 1.4e-05}",1366
paper1181,0,0.986698,"{""0"": 0.986698, ""1"": 0.000132, ""2"": 4.5e-05, ""3"": 0.013126}",1285
paper1182,0,0.972983,"{""0"": 0.972983, ""1"": 0.000239, ""2"": 8.1e-05, ""3"": 0.026696}",333
paper1183,0,0.990333,"{""0"": 0.990333, ""1"": 0.000208, ""2"": 0.009418, ""3"": 4.1e-05}",391
paper1184,0,0.999712,"{""0"": 0.999712, ""1"": 0.000188, ""2"": 6.4e-05, ""3"": 3.7e-05}",363
paper1185,0,0.999762,"{""0"": 0.999762, ""1"": 0.000155, ""2"": 5.3e-05, ""3"": 3e-05}",516
paper1186,0,0.975484,"{""0"": 0.975484, ""1"": 0.000146, ""2"": 5e-05, ""3"": 0.02432}",503
paper1187,0,0.999564,"{""0"": 0.999564, ""1"": 0.000284, ""2"": 9.6e-05, ""3"": 5.5e-05}",269
paper1188,0,0.999644,"{""0"": 0.999644, ""1"": 0.000232, ""2"": 7.9e-05, ""3"": 4.5e-05}",339
paper1189,0,0.999714,"{""0"": 0.999714, ""1"": 0.000186, ""2"": 6.3e-05, ""3"": 3.6e-05}",402
paper1190,0,0.999692,"{""0"": 0.999692, ""1"": 0.000201, ""2"": 6.8e-05, ""3"": 3.9e-05}",381
paper1191,0,0.971346,"{""0"": 0.971346, ""1"": 0.000142, ""2"": 4.8e-05, ""3"": 0.028463}",550
paper1192,0,0.999595,"{""0"": 0.999595, ""1"": 0.000264, ""2"": 9e-05, ""3"": 5.2e-05}",276
paper1193,0,0.977055,"{""0"": 0.977055, ""1"": 0.0228, ""2"": 9.2e-05, ""3"": 5.3e-05}",318
paper1194,0,0.999638,"{""0"": 0.999638, ""1"": 0.000236, ""2"": 8e-05, ""3"": 4.6e-05}",370
paper1195,0,0.999726,"{""0"": 0.999726, ""1"": 0.000178, ""2"": 6.1e-05, ""3"": 3.5e-05}",416
paper1196,0,0.999692,"{""0"": 0.999692, ""1"": 0.000201, ""2"": 6.8e-05, ""3"": 3.9e-05}",385
paper1197,0,0.972573,"{""0"": 0.972573, ""1"": 0.027319, ""2"": 6.9e-05, ""3"": 3.9e-05}",397
paper1198,0,0.992597,"{""0"": 0.992597, ""1"": 0.007316, ""2"": 5.6e-05, ""3"": 3.2e-05}",1704
paper1199,0,0.936946,"{""0"": 0.936946, ""1"": 0.06298, ""2"": 4.8e-05, ""3"": 2.7e-05}",557
paper12,0,0.937432,"{""0"": 0.937432, ""1"": 0.062431, ""2"": 8.7e-05, ""3"": 5e-05}",284
paper1200,0,0.99965,"{""0"": 0.99965, ""1"": 0.000228, ""2"": 7.8e-05, ""3"": 4.5e-05}",336
paper1201,0,0.999688,"{""0"": 0.999688, ""1"": 0.000203, ""2"": 6.9e-05, ""3"": 4e-05}",405
paper1202,0,0.999745,"{""0"": 0.999745, ""1"": 0.000166, ""2"": 5.7e-05, ""3"": 3.2e-05}",476
paper1203,0,0.999774,"{""0"": 0.999774, ""1"": 0.000147, ""2"": 5e-05, ""3"": 2.9e-05}",526
paper1204,0,0.804162,"{""0"": 0.804162, ""1"": 0.195695, ""2"": 9.1e-05, ""3"": 5.2e-05}",305
paper1205,0,0.999719,"{""0"": 0.999719, ""1"": 0.000183, ""2"": 6.2e-05, ""3"": 3.6e-05}",411
paper1206,0,0.999702,"{""0"": 0.999702, ""1"": 0.000194, ""2"": 6.6e-05, ""3"": 3.8e-05}",404
paper1207,0,0.999705,"{""0"": 0.999705, ""1"": 0.000192, ""2"": 6.5e-05, ""3"": 3.8e-05}",455
paper1208,0,0.999706,"{""0"": 0.999706, ""1"": 0.000191, ""2"": 6.5e-05, ""3"": 3.7e-05}",397
paper1209,0,0.999634,"{""0"": 0.999634, ""1"": 0.000239, ""2"": 8.1e-05, ""3"": 4.7e-05}",330
paper1210,0,0.955162,"{""0"": 0.955162, ""1"": 0.044733, ""2"": 6.7e-05, ""3"": 3.8e-05}",417
paper1211,0,0.999788,"{""0"": 0.999788, ""1"": 0.000138, ""2"": 4.7e-05, ""3"": 2.7e-05}",542
paper1212,0,0.92418,"{""0"": 0.92418, ""1"": 0.075714, ""2"": 6.7e-05, ""3"": 3.9e-05}",389
paper1213,0,0.93219,"{""0"": 0.93219, ""1"": 0.000214, ""2"": 7.3e-05, ""3"": 0.067523}",352
paper1214,0,0.999897,"{""0"": 0.999897, ""1"": 6.7e-05, ""2"": 2.3e-05, ""3"": 1.3e-05}",1008
paper1215,0,0.999776,"{""0"": 0.999776, ""1"": 0.000146, ""2"": 5e-05, ""3"": 2.8e-05}",569
paper1216,0,0.999659,"{""0"": 0.999659, ""1"": 0.000222, ""2"": 7.5e-05, ""3"": 4.3e-05}",363
paper1217,0,0.999632,"{""0"": 0.999632, ""1"": 0.00024, ""2"": 8.1e-05, ""3"": 4.7e-05}",319
paper1218,0,0.999703,"{""0"": 0.999703, ""1"": 0.000193, ""2"": 6.6e-05, ""3"": 3.8e-05}",393
paper1219,0,0.999674,"{""0"": 0.999674, ""1"": 0.000212, ""2"": 7.2e-05, ""3"": 4.1e-05}",349
paper1220,0,0.999563,"{""0"": 0.999563, ""1"": 0.000285, ""2"": 9.7e-05, ""3"": 5.6e-05}",274
paper1221,0,0.990525,"{""0"": 0.990525, ""1"": 0.000203, ""2"": 6.9e-05, ""3"": 0.009203}",390
paper1222,0,0.989653,"{""0"": 0.989653, ""1"": 0.010251, ""2"": 6.1e-05, ""3"": 3.5e-05}",432
paper1223,0,0.99975,"{""0"": 0.99975, ""1"": 0.000163, ""2"": 5.5e-05, ""3"": 3.2e-05}",460
paper1224,0,0.9997,"{""0"": 0.9997, ""1"": 0.000195, ""2"": 6.6e-05, ""3"": 3.8e-05}",392
paper1225,0,0.878065,"{""0"": 0.878065, ""1"": 0.075838, ""2"": 0.000101, ""3"": 0.045996}",285
paper1226,0,0.999904,"{""0"": 0.999904, ""1"": 6.3e-05, ""2"": 2.1e-05, ""3"": 1.2e-05}",1589
paper1227,0,0.999697,"{""0"": 0.999697, ""1"": 0.000198, ""2"": 6.7e-05, ""3"": 3.9e-05}",401
paper1228,0,0.999494,"{""0"": 0.999494, ""1"": 0.00033, ""2"": 0.000112, ""3"": 6.4e-05}",246
paper1229,0,0.999745,"{""0"": 0.999745, ""1"": 0.000166, ""2"": 5.7e-05, ""3"": 3.2e-05}",446
paper1230,0,0.999731,"{""0"": 0.999731, ""1"": 0.000175, ""2"": 6e-05, ""3"": 3.4e-05}",447
paper1231,0,0.999724,"{""0"": 0.999724, ""1"": 0.000179, ""2"": 6.1e-05, ""3"": 3.5e-05}",408
paper1232,0,0.999715,"{""0"": 0.999715, ""1"": 0.000185, ""2"": 6.3e-05, ""3"": 3.6e-05}",413
paper1233,0,0.9998,"{""0"": 0.9998, ""1"": 0.00013, ""2"": 4.4e-05, ""3"": 2.5e-05}",616
paper1234,0,0.999733,"{""0"": 0.999733, ""1"": 0.000174, ""2"": 5.9e-05, ""3"": 3.4e-05}",430
paper1235,0,0.999675,"{""0"": 0.999675, ""1"": 0.000211, ""2"": 7.2e-05, ""3"": 4.1e-05}",384
paper1236,0,0.999678,"{""0"": 0.999678, ""1"": 0.000209, ""2"": 7.1e-05, ""3"": 4.1e-05}",392
paper1237,0,0.954141,"{""0"": 0.954141, ""1"": 0.034364, ""2"": 0.011441, ""3"": 5.4e-05}",281
paper1238,0,0.954002,"{""0"": 0.954002, ""1"": 0.045883, ""2"": 7.3e-05, ""3"": 4.2e-05}",359
paper1239,0,0.999653,"{""0"": 0.999653, ""1"": 0.000226, ""2"": 7.7e-05, ""3"": 4.4e-05}",358
paper1240,0,0.97782,"{""0"": 0.97782, ""1"": 0.02206, ""2"": 7.7e-05, ""3"": 4.4e-05}",369
paper1241,0,0.98755,"{""0"": 0.98755, ""1"": 0.00018, ""2"": 0.012235, ""3"": 3.5e-05}",417
paper1242,0,0.999691,"{""0"": 0.999691, ""1"": 0.000201, ""2"": 6.8e-05, ""3"": 3.9e-05}",402
paper1243,0,0.968656,"{""0"": 0.968656, ""1"": 0.031215, ""2"": 8.2e-05, ""3"": 4.7e-05}",328
paper1244,0,0.999747,"{""0"": 0.999747, ""1"": 0.000165, ""2"": 5.6e-05, ""3"": 3.2e-05}",455
paper1245,0,0.999926,"{""0"": 0.999926, ""1"": 4.8e-05, ""2"": 1.6e-05, ""3"": 9e-06}",1476
paper1246,0,0.999799,"{""0"": 0.999799, ""1"": 0.000131, ""2"": 4.5e-05, ""3"": 2.6e-05}",575
paper1247,0,0.999631,"{""0"": 0.999631, ""1"": 0.00024, ""2"": 8.2e-05, ""3"": 4.7e-05}",350
paper1248,0,0.994814,"{""0"": 0.994814, ""1"": 0.005082, ""2"": 6.6e-05, ""3"": 3.8e-05}",419
paper1249,0,0.999679,"{""0"": 0.999679, ""1"": 0.000209, ""2"": 7.1e-05, ""3"": 4.1e-05}",1700
paper1250,0,0.965878,"{""0"": 0.965878, ""1"": 0.034027, ""2"": 6e-05, ""3"": 3.5e-05}",477
paper1251,0,0.999669,"{""0"": 0.999669, ""1"": 0.000216, ""2"": 7.3e-05, ""3"": 4.2e-05}",385
paper1252,0,0.999655,"{""0"": 0.999655, ""1"": 0.000225, ""2"": 7.7e-05, ""3"": 4.4e-05}",367
paper1253,0,0.886645,"{""0"": 0.886645, ""1"": 0.085917, ""2"": 0.027383, ""3"": 5.5e-05}",266
paper1254,0,0.999905,"{""0"": 0.999905, ""1"": 6.2e-05, ""2"": 2.1e-05, ""3"": 1.2e-05}",1713
paper1255,0,0.999694,"{""0"": 0.999694, ""1"": 0.000199, ""2"": 6.8e-05, ""3"": 3.9e-05}",375
paper1256,0,0.999724,"{""0"": 0.999724, ""1"": 0.00018, ""2"": 6.1e-05, ""3"": 3.5e-05}",436
paper1257,0,0.933015,"{""0"": 0.933015, ""1"": 0.066895, ""2"": 5.7e-05, ""3"": 3.3e-05}",473
paper1258,0,0.993167,"{""0"": 0.993167, ""1"": 0.006745, ""2"": 5.6e-05, ""3"": 3.2e-05}",476
paper1259,0,0.999673,"{""0"": 0.999673, ""1"": 0.000213, ""2"": 7.2e-05, ""3"": 4.2e-05}",339
paper1260,0,0.999589,"{""0"": 0.999589, ""1"": 0.000268, ""2"": 9.1e-05, ""3"": 5.2e-05}",288
paper1261,0,0.999731,"{""0"": 0.999731, ""1"": 0.000175, ""2"": 6e-05, ""3"": 3.4e-05}",440
paper1262,0,0.999667,"{""0"": 0.999667, ""1"": 0.000217, ""2"": 7.4e-05, ""3"": 4.2e-05}",371
paper1263,0,0.9997,"{""0"": 0.9997, ""1"": 0.000196, ""2"": 6.7e-05, ""3"": 3.8e-05}",373
paper1264,0,0.999721,"{""0"": 0.999721, ""1"": 0.000182, ""2"": 6.2e-05, ""3"": 3.5e-05}",433
paper1265,0,0.999581,"{""0"": 0.999581, ""1"": 0.000273, ""2"": 9.3e-05, ""3"": 5.3e-05}",315
paper1266,0,0.985855,"{""0"": 0.985855, ""1"": 0.000216, ""2"": 0.013887, ""3"": 4.2e-05}",348
paper1267,0,0.999713,"{""0"": 0.999713, ""1"": 0.000187, ""2"": 6.4e-05, ""3"": 3.7e-05}",393
paper1268,0,0.992888,"{""0"": 0.992888, ""1"": 0.000161, ""2"": 0.00692, ""3"": 3.1e-05}",448
paper1269,0,0.888967,"{""0"": 0.888967, ""1"": 0.110903, ""2"": 8.2e-05, ""3"": 4.7e-05}",306
paper127,0,0.999624,"{""0"": 0.999624, ""1"": 0.000245, ""2"": 8.3e-05, ""3"": 4.8e-05}",291
paper1270,0,0.999745,"{""0"": 0.999745, ""1"": 0.000166, ""2"": 5.7e-05, ""3"": 3.2e-05}",536
paper1271,0,0.999572,"{""0"": 0.999572, ""1"": 0.000279, ""2"": 9.5e-05, ""3"": 5.4e-05}",284
paper1272,0,0.999658,"{""0"": 0.999658, ""1"": 0.000223, ""2"": 7.6e-05, ""3"": 4.3e-05}",350
paper1273,0,0.999512,"{""0"": 0.999512, ""1"": 0.000318, ""2"": 0.000108, ""3"": 6.2e-05}",234
paper1274,0,0.845123,"{""0"": 0.845123, ""1"": 0.154783, ""2"": 6e-05, ""3"": 3.4e-05}",421
paper1275,0,0.999653,"{""0"": 0.999653, ""1"": 0.000226, ""2"": 7.7e-05, ""3"": 4.4e-05}",383
paper1276,0,0.981033,"{""0"": 0.981033, ""1"": 0.000166, ""2"": 0.018769, ""3"": 3.2e-05}",455
paper1277,0,0.999668,"{""0"": 0.999668, ""1"": 0.000216, ""2"": 7.4e-05, ""3"": 4.2e-05}",336
paper1278,0,0.999662,"{""0"": 0.999662, ""1"": 0.00022, ""2"": 7.5e-05, ""3"": 4.3e-05}",349
paper1279,0,0.999681,"{""0"": 0.999681, ""1"": 0.000208, ""2"": 7.1e-05, ""3"": 4.1e-05}",374
paper128,0,0.999742,"{""0"": 0.999742, ""1"": 0.000168, ""2"": 5.7e-05, ""3"": 3.3e-05}",439
paper1280,0,0.932495,"{""0"": 0.932495, ""1"": 9.8e-05, ""2"": 0.004117, ""3"": 0.06329}",1500
paper1281,0,0.999733,"{""0"": 0.999733, ""1"": 0.000174, ""2"": 5.9e-05, ""3"": 3.4e-05}",453
paper1282,0,0.999753,"{""0"": 0.999753, ""1"": 0.000161, ""2"": 5.5e-05, ""3"": 3.1e-05}",464
paper1283,0,0.867812,"{""0"": 0.867812, ""1"": 0.132075, ""2"": 7.2e-05, ""3"": 4.1e-05}",381
paper1284,0,0.959785,"{""0"": 0.959785, ""1"": 0.040124, ""2"": 5.8e-05, ""3"": 3.3e-05}",468
paper1285,0,0.999745,"{""0"": 0.999745, ""1"": 0.000166, ""2"": 5.7e-05, ""3"": 3.2e-05}",452
paper1286,0,0.988001,"{""0"": 0.988001, ""1"": 0.01191, ""2"": 5.6e-05, ""3"": 3.2e-05}",479
paper1287,0,0.999678,"{""0"": 0.999678, ""1"": 0.00021, ""2"": 7.1e-05, ""3"": 4.1e-05}",342
paper1288,0,0.999768,"{""0"": 0.999768, ""1"": 0.000151, ""2"": 5.1e-05, ""3"": 2.9e-05}",499
paper1289,0,0.999634,"{""0"": 0.999634, ""1"": 0.000239, ""2"": 8.1e-05, ""3"": 4.7e-05}",308
paper129,0,0.999691,"{""0"": 0.999691, ""1"": 0.000201, ""2"": 6.8e-05, ""3"": 3.9e-05}",395
paper1290,0,0.957632,"{""0"": 0.957632, ""1"": 0.042201, ""2"": 0.000107, ""3"": 6.1e-05}",280
paper1291,0,0.999635,"{""0"": 0.999635, ""1"": 0.000238, ""2"": 8.1e-05, ""3"": 4.6e-05}",327
paper1292,0,0.999738,"{""0"": 0.999738, ""1"": 0.000171, ""2"": 5.8e-05, ""3"": 3.3e-05}",451
paper1293,0,0.999673,"{""0"": 0.999673, ""1"": 0.000213, ""2"": 7.2e-05, ""3"": 4.2e-05}",373
paper1294,0,0.980233,"{""0"": 0.980233, ""1"": 0.019661, ""2"": 6.7e-05, ""3"": 3.8e-05}",398
paper1295,0,0.999669,"{""0"": 0.999669, ""1"": 0.000216, ""2"": 7.3e-05, ""3"": 4.2e-05}",356
paper1296,0,0.997328,"{""0"": 0.997328, ""1"": 0.000152, ""2"": 5.2e-05, ""3"": 0.002469}",498
paper1297,0,0.896324,"{""0"": 0.896324, ""1"": 0.103574, ""2"": 6.5e-05, ""3"": 3.7e-05}",378
paper1298,0,0.867133,"{""0"": 0.867133, ""1"": 0.132769, ""2"": 6.3e-05, ""3"": 3.6e-05}",422
paper1299,0,0.978393,"{""0"": 0.978393, ""1"": 0.021489, ""2"": 7.5e-05, ""3"": 4.3e-05}",333
paper13,0,0.999879,"{""0"": 0.999879, ""1"": 7.9e-05, ""2"": 2.7e-05, ""3"": 1.5e-05}",888
paper1300,0,0.893417,"{""0"": 0.893417, ""1"": 0.106452, ""2"": 8.3e-05, ""3"": 4.8e-05}",299
paper1301,0,0.812414,"{""0"": 0.812414, ""1"": 0.18752, ""2"": 4.2e-05, ""3"": 2.4e-05}",599
paper1302,0,0.931632,"{""0"": 0.931632, ""1"": 0.000174, ""2"": 5.9e-05, ""3"": 0.068135}",475
paper1303,0,0.999695,"{""0"": 0.999695, ""1"": 0.000199, ""2"": 6.8e-05, ""3"": 3.9e-05}",405
paper1304,0,0.981857,"{""0"": 0.981857, ""1"": 0.000197, ""2"": 0.017908, ""3"": 3.8e-05}",350
paper1305,0,0.999745,"{""0"": 0.999745, ""1"": 0.000166, ""2"": 5.6e-05, ""3"": 3.2e-05}",454
paper1306,0,0.999723,"{""0"": 0.999723, ""1"": 0.000181, ""2"": 6.1e-05, ""3"": 3.5e-05}",434
paper1307,0,0.999757,"{""0"": 0.999757, ""1"": 0.000158, ""2"": 5.4e-05, ""3"": 3.1e-05}",465
paper1308,0,0.999664,"{""0"": 0.999664, ""1"": 0.000219, ""2"": 7.4e-05, ""3"": 4.3e-05}",402
paper1309,0,0.999666,"{""0"": 0.999666, ""1"": 0.000217, ""2"": 7.4e-05, ""3"": 4.2e-05}",360
paper131,0,0.999631,"{""0"": 0.999631, ""1"": 0.00024, ""2"": 8.2e-05, ""3"": 4.7e-05}",325
paper1310,0,0.999738,"{""0"": 0.999738, ""1"": 0.000171, ""2"": 5.8e-05, ""3"": 3.3e-05}",442
paper1311,0,0.999581,"{""0"": 0.999581, ""1"": 0.000273, ""2"": 9.3e-05, ""3"": 5.3e-05}",295
paper1312,0,0.99957,"{""0"": 0.99957, ""1"": 0.00028, ""2"": 9.5e-05, ""3"": 5.5e-05}",267
paper1313,0,0.999716,"{""0"": 0.999716, ""1"": 0.000185, ""2"": 6.3e-05, ""3"": 3.6e-05}",394
paper1314,0,0.999654,"{""0"": 0.999654, ""1"": 0.000225, ""2"": 7.7e-05, ""3"": 4.4e-05}",332
paper1315,0,0.939056,"{""0"": 0.939056, ""1"": 0.026121, ""2"": 0.023094, ""3"": 0.011728}",429
paper1316,0,0.999743,"{""0"": 0.999743, ""1"": 0.000168, ""2"": 5.7e-05, ""3"": 3.3e-05}",455
paper1317,0,0.854801,"{""0"": 0.854801, ""1"": 0.03927, ""2"": 6.9e-05, ""3"": 0.105861}",373
paper1318,0,0.843294,"{""0"": 0.843294, ""1"": 0.090717, ""2"": 0.06595, ""3"": 3.9e-05}",365
paper1319,0,0.994743,"{""0"": 0.994743, ""1"": 0.000152, ""2"": 5.2e-05, ""3"": 0.005053}",495
paper1320,0,0.999634,"{""0"": 0.999634, ""1"": 0.000239, ""2"": 8.1e-05, ""3"": 4.7e-05}",321
paper1321,0,0.999689,"{""0"": 0.999689, ""1"": 0.000203, ""2"": 6.9e-05, ""3"": 4e-05}",378
paper1322,0,0.999708,"{""0"": 0.999708, ""1"": 0.00019, ""2"": 6.5e-05, ""3"": 3.7e-05}",404
paper1323,0,0.999638,"{""0"": 0.999638, ""1"": 0.000236, ""2"": 8e-05, ""3"": 4.6e-05}",351
paper1324,0,0.988656,"{""0"": 0.988656, ""1"": 0.011227, ""2"": 7.4e-05, ""3"": 4.3e-05}",334
paper1325,0,0.999668,"{""0"": 0.999668, ""1"": 0.000216, ""2"": 7.4e-05, ""3"": 4.2e-05}",337
paper1326,0,0.981741,"{""0"": 0.981741, ""1"": 0.018123, ""2"": 8.6e-05, ""3"": 5e-05}",309
paper1327,0,0.999936,"{""0"": 0.999936, ""1"": 4.2e-05, ""2"": 1.4e-05, ""3"": 8e-06}",1676
paper1328,0,0.955755,"{""0"": 0.955755, ""1"": 0.02082, ""2"": 0.023399, ""3"": 2.6e-05}",582
paper1329,0,0.999674,"{""0"": 0.999674, ""1"": 0.000212, ""2"": 7.2e-05, ""3"": 4.1e-05}",378
paper133,0,0.995006,"{""0"": 0.995006, ""1"": 0.003252, ""2"": 0.001106, ""3"": 0.000636}",21
paper1330,0,0.999704,"{""0"": 0.999704, ""1"": 0.000193, ""2"": 6.6e-05, ""3"": 3.8e-05}",398
paper1331,0,0.874949,"{""0"": 0.874949, ""1"": 0.00028, ""2"": 0.013757, ""3"": 0.111014}",292
paper1332,0,0.871531,"{""0"": 0.871531, ""1"": 0.128346, ""2"": 7.8e-05, ""3"": 4.5e-05}",325
paper1333,0,0.999704,"{""0"": 0.999704, ""1"": 0.000193, ""2"": 6.6e-05, ""3"": 3.8e-05}",382
paper1334,0,0.949977,"{""0"": 0.949977, ""1"": 0.04992, ""2"": 6.5e-05, ""3"": 3.8e-05}",416
paper1335,0,0.991035,"{""0"": 0.991035, ""1"": 0.000205, ""2"": 7e-05, ""3"": 0.008691}",386
paper1336,0,0.99973,"{""0"": 0.99973, ""1"": 0.000176, ""2"": 6e-05, ""3"": 3.4e-05}",467
paper1337,0,0.999672,"{""0"": 0.999672, ""1"": 0.000214, ""2"": 7.3e-05, ""3"": 4.2e-05}",412
paper1338,0,0.923841,"{""0"": 0.923841, ""1"": 0.000236, ""2"": 8e-05, ""3"": 0.075843}",347
paper1339,0,0.999552,"{""0"": 0.999552, ""1"": 0.000292, ""2"": 9.9e-05, ""3"": 5.7e-05}",272
paper134,0,0.999621,"{""0"": 0.999621, ""1"": 0.000247, ""2"": 8.4e-05, ""3"": 4.8e-05}",318
paper1340,0,0.911202,"{""0"": 0.911202, ""1"": 0.088704, ""2"": 6e-05, ""3"": 3.4e-05}",427
paper1341,0,0.989171,"{""0"": 0.989171, ""1"": 0.010727, ""2"": 6.5e-05, ""3"": 3.7e-05}",428
paper1342,0,0.875225,"{""0"": 0.875225, ""1"": 0.112858, ""2"": 0.011888, ""3"": 3e-05}",472
paper1343,0,0.548859,"{""0"": 0.548859, ""1"": 0.083595, ""2"": 0.34863, ""3"": 0.018916}",5503
paper1344,0,0.999733,"{""0"": 0.999733, ""1"": 0.000174, ""2"": 5.9e-05, ""3"": 3.4e-05}",448
paper1345,0,0.999657,"{""0"": 0.999657, ""1"": 0.000223, ""2"": 7.6e-05, ""3"": 4.4e-05}",353
paper1346,0,0.973308,"{""0"": 0.973308, ""1"": 0.026594, ""2"": 6.2e-05, ""3"": 3.6e-05}",452
paper1347,0,0.972978,"{""0"": 0.972978, ""1"": 0.026918, ""2"": 6.7e-05, ""3"": 3.8e-05}",386
paper1348,0,0.898374,"{""0"": 0.898374, ""1"": 0.101521, ""2"": 6.7e-05, ""3"": 3.8e-05}",383
paper1349,0,0.999679,"{""0"": 0.999679, ""1"": 0.000209, ""2"": 7.1e-05, ""3"": 4.1e-05}",358
paper135,0,0.999645,"{""0"": 0.999645, ""1"": 0.000231, ""2"": 7.9e-05, ""3"": 4.5e-05}",327
paper1350,0,0.957513,"{""0"": 0.957513, ""1"": 0.007897, ""2"": 4.6e-05, ""3"": 0.034544}",532
paper1351,0,0.999718,"{""0"": 0.999718, ""1"": 0.000184, ""2"": 6.2e-05, ""3"": 3.6e-05}",445
paper1352,0,0.999658,"{""0"": 0.999658, ""1"": 0.000223, ""2"": 7.6e-05, ""3"": 4.4e-05}",373
paper1353,0,0.999752,"{""0"": 0.999752, ""1"": 0.000161, ""2"": 5.5e-05, ""3"": 3.2e-05}",455
paper1354,0,0.999682,"{""0"": 0.999682, ""1"": 0.000207, ""2"": 7.1e-05, ""3"": 4.1e-05}",376
paper1355,0,0.999639,"{""0"": 0.999639, ""1"": 0.000235, ""2"": 8e-05, ""3"": 4.6e-05}",311
paper1356,0,0.983865,"{""0"": 0.983865, ""1"": 0.01602, ""2"": 7.3e-05, ""3"": 4.2e-05}",345
paper1357,0,0.999714,"{""0"": 0.999714, ""1"": 0.000186, ""2"": 6.3e-05, ""3"": 3.6e-05}",437
paper1358,0,0.862279,"{""0"": 0.862279, ""1"": 0.13758, ""2"": 9e-05, ""3"": 5.1e-05}",297
paper1359,0,0.99977,"{""0"": 0.99977, ""1"": 0.00015, ""2"": 5.1e-05, ""3"": 2.9e-05}",539
paper136,0,0.999509,"{""0"": 0.999509, ""1"": 0.000319, ""2"": 0.000109, ""3"": 6.2e-05}",255
paper1360,0,0.999846,"{""0"": 0.999846, ""1"": 0.000101, ""2"": 3.4e-05, ""3"": 2e-05}",787
paper1361,0,0.999246,"{""0"": 0.999246, ""1"": 0.000729, ""2"": 1.6e-05, ""3"": 9e-06}",1560
paper1362,0,0.999722,"{""0"": 0.999722, ""1"": 0.000181, ""2"": 6.2e-05, ""3"": 3.5e-05}",433
paper1363,0,0.999753,"{""0"": 0.999753, ""1"": 0.000161, ""2"": 5.5e-05, ""3"": 3.1e-05}",461
paper1364,0,0.999652,"{""0"": 0.999652, ""1"": 0.000227, ""2"": 7.7e-05, ""3"": 4.4e-05}",312
paper1365,0,0.948367,"{""0"": 0.948367, ""1"": 0.051561, ""2"": 4.5e-05, ""3"": 2.6e-05}",558
paper1366,0,0.842777,"{""0"": 0.842777, ""1"": 0.028706, ""2"": 0.128484, ""3"": 3.3e-05}",453
paper1367,0,0.999763,"{""0"": 0.999763, ""1"": 0.000154, ""2"": 5.3e-05, ""3"": 3e-05}",480
paper1368,0,0.99417,"{""0"": 0.99417, ""1"": 0.005748, ""2"": 5.2e-05, ""3"": 3e-05}",524
paper1369,0,0.999627,"{""0"": 0.999627, ""1"": 0.000243, ""2"": 8.3e-05, ""3"": 4.8e-05}",318
paper137,0,0.999638,"{""0"": 0.999638, ""1"": 0.000236, ""2"": 8e-05, ""3"": 4.6e-05}",323
paper1370,0,0.899935,"{""0"": 0.899935, ""1"": 0.07681, ""2"": 0.023223, ""3"": 3.2e-05}",461
paper1371,0,0.992534,"{""0"": 0.992534, ""1"": 0.000212, ""2"": 0.007213, ""3"": 4.1e-05}",374
paper1372,0,0.995719,"{""0"": 0.995719, ""1"": 0.000203, ""2"": 6.9e-05, ""3"": 0.004008}",372
paper1373,0,0.999607,"{""0"": 0.999607, ""1"": 0.000256, ""2"": 8.7e-05, ""3"": 5e-05}",304
paper1374,0,0.999759,"{""0"": 0.999759, ""1"": 0.000157, ""2"": 5.3e-05, ""3"": 3.1e-05}",587
paper1375,0,0.87052,"{""0"": 0.87052, ""1"": 0.088243, ""2"": 0.000101, ""3"": 0.041137}",275
paper1376,0,0.973503,"{""0"": 0.973503, ""1"": 0.000171, ""2"": 0.026293, ""3"": 3.3e-05}",433
paper1377,0,0.92568,"{""0"": 0.92568, ""1"": 0.074201, ""2"": 7.6e-05, ""3"": 4.4e-05}",338
paper1378,0,0.999703,"{""0"": 0.999703, ""1"": 0.000193, ""2"": 6.6e-05, ""3"": 3.8e-05}",420
paper1379,0,0.956698,"{""0"": 0.956698, ""1"": 0.043199, ""2"": 6.6e-05, ""3"": 3.8e-05}",401
paper138,0,0.814709,"{""0"": 0.814709, ""1"": 0.142388, ""2"": 0.04287, ""3"": 3.3e-05}",434
paper1380,0,0.861525,"{""0"": 0.861525, ""1"": 0.024322, ""2"": 7.2e-05, ""3"": 0.11408}",351
paper1381,0,0.827427,"{""0"": 0.827427, ""1"": 0.138226, ""2"": 8e-05, ""3"": 0.034267}",321
paper1382,0,0.905903,"{""0"": 0.905903, ""1"": 0.094023, ""2"": 4.7e-05, ""3"": 2.7e-05}",568
paper1383,0,0.965262,"{""0"": 0.965262, ""1"": 0.010233, ""2"": 0.024473, ""3"": 3.1e-05}",486
paper1384,0,0.999735,"{""0"": 0.999735, ""1"": 0.000173, ""2"": 5.9e-05, ""3"": 3.4e-05}",438
paper1385,0,0.999658,"{""0"": 0.999658, ""1"": 0.000223, ""2"": 7.6e-05, ""3"": 4.4e-05}",366
paper1386,0,0.969471,"{""0"": 0.969471, ""1"": 0.000254, ""2"": 0.022691, ""3"": 0.007584}",299
paper1387,0,0.958711,"{""0"": 0.958711, ""1"": 0.030903, ""2"": 0.010353, ""3"": 3.4e-05}",438
paper1388,0,0.999707,"{""0"": 0.999707, ""1"": 0.00019, ""2"": 6.5e-05, ""3"": 3.7e-05}",405
paper1389,0,0.919685,"{""0"": 0.919685, ""1"": 0.035802, ""2"": 0.044476, ""3"": 3.7e-05}",393
paper139,0,0.961459,"{""0"": 0.961459, ""1"": 0.038394, ""2"": 9.4e-05, ""3"": 5.4e-05}",283
paper1390,0,0.999756,"{""0"": 0.999756, ""1"": 0.000159, ""2"": 5.4e-05, ""3"": 3.1e-05}",487
paper1391,0,0.999665,"{""0"": 0.999665, ""1"": 0.000218, ""2"": 7.4e-05, ""3"": 4.3e-05}",398
paper1392,0,0.99972,"{""0"": 0.99972, ""1"": 0.000182, ""2"": 6.2e-05, ""3"": 3.6e-05}",420
paper1393,0,0.999764,"{""0"": 0.999764, ""1"": 0.000153, ""2"": 5.2e-05, ""3"": 3e-05}",477
paper1394,0,0.999684,"{""0"": 0.999684, ""1"": 0.000206, ""2"": 7e-05, ""3"": 4e-05}",398
paper1395,0,0.972562,"{""0"": 0.972562, ""1"": 0.000168, ""2"": 5.7e-05, ""3"": 0.027212}",441
paper1396,0,0.984385,"{""0"": 0.984385, ""1"": 0.000187, ""2"": 0.015391, ""3"": 3.7e-05}",416
paper1397,0,0.773444,"{""0"": 0.773444, ""1"": 0.226417, ""2"": 8.9e-05, ""3"": 5.1e-05}",294
paper1398,0,0.999602,"{""0"": 0.999602, ""1"": 0.000259, ""2"": 8.8e-05, ""3"": 5.1e-05}",275
paper1399,0,0.965227,"{""0"": 0.965227, ""1"": 0.034651, ""2"": 7.7e-05, ""3"": 4.4e-05}",325
paper14,0,0.999722,"{""0"": 0.999722, ""1"": 0.000181, ""2"": 6.2e-05, ""3"": 3.5e-05}",395
paper140,0,0.996429,"{""0"": 0.996429, ""1"": 0.003455, ""2"": 7.4e-05, ""3"": 4.3e-05}",374
paper1400,0,0.963503,"{""0"": 0.963503, ""1"": 0.036397, ""2"": 6.3e-05, ""3"": 3.6e-05}",380
paper1401,0,0.982808,"{""0"": 0.982808, ""1"": 0.000299, ""2"": 0.016835, ""3"": 5.8e-05}",261
paper1402,0,0.948109,"{""0"": 0.948109, ""1"": 0.051796, ""2"": 6.1e-05, ""3"": 3.5e-05}",413
paper1403,0,0.999729,"{""0"": 0.999729, ""1"": 0.000177, ""2"": 6e-05, ""3"": 3.4e-05}",420
paper1404,0,0.999715,"{""0"": 0.999715, ""1"": 0.000186, ""2"": 6.3e-05, ""3"": 3.6e-05}",408
paper1405,0,0.999631,"{""0"": 0.999631, ""1"": 0.00024, ""2"": 8.2e-05, ""3"": 4.7e-05}",319
paper1406,0,0.999814,"{""0"": 0.999814, ""1"": 0.000121, ""2"": 4.1e-05, ""3"": 2.4e-05}",602
paper1407,0,0.999624,"{""0"": 0.999624, ""1"": 0.000245, ""2"": 8.3e-05, ""3"": 4.8e-05}",323
paper1408,0,0.999671,"{""0"": 0.999671, ""1"": 0.000214, ""2"": 7.3e-05, ""3"": 4.2e-05}",335
paper1409,0,0.999647,"{""0"": 0.999647, ""1"": 0.00023, ""2"": 7.8e-05, ""3"": 4.5e-05}",319
paper141,0,0.999638,"{""0"": 0.999638, ""1"": 0.000236, ""2"": 8e-05, ""3"": 4.6e-05}",315
paper1410,0,0.999728,"{""0"": 0.999728, ""1"": 0.000177, ""2"": 6e-05, ""3"": 3.5e-05}",425
paper1411,0,0.999526,"{""0"": 0.999526, ""1"": 0.000309, ""2"": 0.000105, ""3"": 6e-05}",235
paper1412,0,0.999676,"{""0"": 0.999676, ""1"": 0.000211, ""2"": 7.2e-05, ""3"": 4.1e-05}",349
paper1413,0,0.999721,"{""0"": 0.999721, ""1"": 0.000182, ""2"": 6.2e-05, ""3"": 3.5e-05}",400
paper1414,0,0.999682,"{""0"": 0.999682, ""1"": 0.000207, ""2"": 7e-05, ""3"": 4e-05}",371
paper1415,0,0.965242,"{""0"": 0.965242, ""1"": 0.034636, ""2"": 7.8e-05, ""3"": 4.5e-05}",352
paper1416,0,0.987185,"{""0"": 0.987185, ""1"": 0.012661, ""2"": 9.8e-05, ""3"": 5.6e-05}",268
paper1417,0,0.999639,"{""0"": 0.999639, ""1"": 0.000235, ""2"": 8e-05, ""3"": 4.6e-05}",308
paper1418,0,0.999583,"{""0"": 0.999583, ""1"": 0.000271, ""2"": 9.2e-05, ""3"": 5.3e-05}",275
paper1419,0,0.995256,"{""0"": 0.995256, ""1"": 0.004623, ""2"": 7.7e-05, ""3"": 4.4e-05}",370
paper142,0,0.914176,"{""0"": 0.914176, ""1"": 0.085765, ""2"": 3.8e-05, ""3"": 2.2e-05}",690
paper1420,0,0.999568,"{""0"": 0.999568, ""1"": 0.000281, ""2"": 9.6e-05, ""3"": 5.5e-05}",264
paper1421,0,0.999632,"{""0"": 0.999632, ""1"": 0.00024, ""2"": 8.1e-05, ""3"": 4.7e-05}",340
paper1422,0,0.999932,"{""0"": 0.999932, ""1"": 4.4e-05, ""2"": 1.5e-05, ""3"": 9e-06}",1600
paper1423,0,0.999755,"{""0"": 0.999755, ""1"": 0.00016, ""2"": 5.4e-05, ""3"": 3.1e-05}",471
paper1424,0,0.99976,"{""0"": 0.99976, ""1"": 0.000156, ""2"": 5.3e-05, ""3"": 3.1e-05}",477
paper1425,0,0.99972,"{""0"": 0.99972, ""1"": 0.000183, ""2"": 6.2e-05, ""3"": 3.6e-05}",377
paper1426,0,0.999753,"{""0"": 0.999753, ""1"": 0.000161, ""2"": 5.5e-05, ""3"": 3.1e-05}",447
paper1427,0,0.962554,"{""0"": 0.962554, ""1"": 0.037316, ""2"": 8.3e-05, ""3"": 4.8e-05}",302
paper1428,0,0.999763,"{""0"": 0.999763, ""1"": 0.000154, ""2"": 5.3e-05, ""3"": 3e-05}",500
paper1429,0,0.999734,"{""0"": 0.999734, ""1"": 0.000173, ""2"": 5.9e-05, ""3"": 3.4e-05}",403
paper143,0,0.99958,"{""0"": 0.99958, ""1"": 0.000274, ""2"": 9.3e-05, ""3"": 5.4e-05}",287
paper1430,0,0.999715,"{""0"": 0.999715, ""1"": 0.000185, ""2"": 6.3e-05, ""3"": 3.6e-05}",405
paper1431,0,0.999772,"{""0"": 0.999772, ""1"": 0.000148, ""2"": 5e-05, ""3"": 2.9e-05}",557
paper1432,0,0.999676,"{""0"": 0.999676, ""1"": 0.000211, ""2"": 7.2e-05, ""3"": 4.1e-05}",365
paper1433,0,0.922522,"{""0"": 0.922522, ""1"": 0.077305, ""2"": 0.00011, ""3"": 6.3e-05}",248
paper1434,0,0.999587,"{""0"": 0.999587, ""1"": 0.000269, ""2"": 9.2e-05, ""3"": 5.3e-05}",282
paper1435,0,0.994959,"{""0"": 0.994959, ""1"": 0.004919, ""2"": 7.7e-05, ""3"": 4.4e-05}",329
paper1436,0,0.999621,"{""0"": 0.999621, ""1"": 0.000247, ""2"": 8.4e-05, ""3"": 4.8e-05}",314
paper1437,0,0.999681,"{""0"": 0.999681, ""1"": 0.000208, ""2"": 7.1e-05, ""3"": 4.1e-05}",355
paper1438,0,0.999684,"{""0"": 0.999684, ""1"": 0.000206, ""2"": 7e-05, ""3"": 4e-05}",353
paper1439,0,0.99971,"{""0"": 0.99971, ""1"": 0.000189, ""2"": 6.4e-05, ""3"": 3.7e-05}",408
paper144,0,0.958705,"{""0"": 0.958705, ""1"": 0.000231, ""2"": 7.9e-05, ""3"": 0.040986}",351
paper1440,0,0.999626,"{""0"": 0.999626, ""1"": 0.000243, ""2"": 8.3e-05, ""3"": 4.8e-05}",340
paper1441,0,0.999774,"{""0"": 0.999774, ""1"": 0.000147, ""2"": 5e-05, ""3"": 2.9e-05}",494
paper1442,0,0.999643,"{""0"": 0.999643, ""1"": 0.000232, ""2"": 7.9e-05, ""3"": 4.5e-05}",348
paper1443,0,0.912819,"{""0"": 0.912819, ""1"": 0.000166, ""2"": 0.086982, ""3"": 3.2e-05}",435
paper1444,0,0.995834,"{""0"": 0.995834, ""1"": 0.004055, ""2"": 7.1e-05, ""3"": 4.1e-05}",363
paper1445,0,0.974356,"{""0"": 0.974356, ""1"": 0.000301, ""2"": 0.000102, ""3"": 0.02524}",272
paper1446,0,0.999727,"{""0"": 0.999727, ""1"": 0.000178, ""2"": 6e-05, ""3"": 3.5e-05}",405
paper1447,0,0.999948,"{""0"": 0.999948, ""1"": 3.4e-05, ""2"": 1.1e-05, ""3"": 7e-06}",2038
paper1448,0,0.999707,"{""0"": 0.999707, ""1"": 0.000191, ""2"": 6.5e-05, ""3"": 3.7e-05}",399
paper1449,0,0.996563,"{""0"": 0.996563, ""1"": 3.5e-05, ""2"": 1.2e-05, ""3"": 0.00339}",2072
paper145,0,0.945464,"{""0"": 0.945464, ""1"": 0.02923, ""2"": 0.025271, ""3"": 3.5e-05}",401
paper1450,0,0.999632,"{""0"": 0.999632, ""1"": 0.00024, ""2"": 8.1e-05, ""3"": 4.7e-05}",312
paper1451,0,0.973586,"{""0"": 0.973586, ""1"": 0.026313, ""2"": 6.4e-05, ""3"": 3.7e-05}",404
paper1452,0,0.999681,"{""0"": 0.999681, ""1"": 0.000208, ""2"": 7.1e-05, ""3"": 4.1e-05}",372
paper1453,0,0.875035,"{""0"": 0.875035, ""1"": 0.124856, ""2"": 6.9e-05, ""3"": 4e-05}",365
paper1454,0,0.999736,"{""0"": 0.999736, ""1"": 0.000172, ""2"": 5.8e-05, ""3"": 3.4e-05}",434
paper1455,0,0.999708,"{""0"": 0.999708, ""1"": 0.00019, ""2"": 6.5e-05, ""3"": 3.7e-05}",374
paper1456,0,0.999676,"{""0"": 0.999676, ""1"": 0.000211, ""2"": 7.2e-05, ""3"": 4.1e-05}",371
paper1457,0,0.999625,"{""0"": 0.999625, ""1"": 0.000244, ""2"": 8.3e-05, ""3"": 4.8e-05}",396
paper1458,0,0.9808,"{""0"": 0.9808, ""1"": 0.01907, ""2"": 8.3e-05, ""3"": 4.8e-05}",303
paper1459,0,0.978346,"{""0"": 0.978346, ""1"": 0.000221, ""2"": 0.02139, ""3"": 4.3e-05}",340
paper146,0,0.984591,"{""0"": 0.984591, ""1"": 0.015273, ""2"": 8.6e-05, ""3"": 5e-05}",302
paper1460,0,0.99969,"{""0"": 0.99969, ""1"": 0.000202, ""2"": 6.9e-05, ""3"": 3.9e-05}",373
paper1461,0,0.905378,"{""0"": 0.905378, ""1"": 0.048782, ""2"": 0.045798, ""3"": 4.2e-05}",348
paper1462,0,0.999735,"{""0"": 0.999735, ""1"": 0.000173, ""2"": 5.9e-05, ""3"": 3.4e-05}",439
paper1463,0,0.999535,"{""0"": 0.999535, ""1"": 0.000303, ""2"": 0.000103, ""3"": 5.9e-05}",272
paper1464,0,0.922504,"{""0"": 0.922504, ""1"": 0.077395, ""2"": 6.4e-05, ""3"": 3.7e-05}",382
paper1465,0,0.999784,"{""0"": 0.999784, ""1"": 0.000141, ""2"": 4.8e-05, ""3"": 2.8e-05}",548
paper1466,0,0.999686,"{""0"": 0.999686, ""1"": 0.000205, ""2"": 7e-05, ""3"": 4e-05}",381
paper1467,0,0.999636,"{""0"": 0.999636, ""1"": 0.000237, ""2"": 8.1e-05, ""3"": 4.6e-05}",334
paper1468,0,0.968461,"{""0"": 0.968461, ""1"": 0.031397, ""2"": 9e-05, ""3"": 5.2e-05}",277
paper1469,0,0.939187,"{""0"": 0.939187, ""1"": 0.060685, ""2"": 8.1e-05, ""3"": 4.6e-05}",348
paper147,0,0.9998,"{""0"": 0.9998, ""1"": 0.00013, ""2"": 4.4e-05, ""3"": 2.5e-05}",603
paper1470,0,0.931164,"{""0"": 0.931164, ""1"": 0.06871, ""2"": 8e-05, ""3"": 4.6e-05}",313
paper1471,0,0.999686,"{""0"": 0.999686, ""1"": 0.000205, ""2"": 7e-05, ""3"": 4e-05}",370
paper1472,0,0.954177,"{""0"": 0.954177, ""1"": 0.0457, ""2"": 7.8e-05, ""3"": 4.5e-05}",328
paper1473,0,0.999678,"{""0"": 0.999678, ""1"": 0.00021, ""2"": 7.1e-05, ""3"": 4.1e-05}",344
paper1474,0,0.999721,"{""0"": 0.999721, ""1"": 0.000182, ""2"": 6.2e-05, ""3"": 3.5e-05}",398
paper1475,0,0.982818,"{""0"": 0.982818, ""1"": 0.017082, ""2"": 6.3e-05, ""3"": 3.6e-05}",417
paper1476,0,0.999725,"{""0"": 0.999725, ""1"": 0.000179, ""2"": 6.1e-05, ""3"": 3.5e-05}",418
paper1477,0,0.874457,"{""0"": 0.874457, ""1"": 0.125439, ""2"": 6.6e-05, ""3"": 3.8e-05}",387
paper1478,0,0.927425,"{""0"": 0.927425, ""1"": 0.053933, ""2"": 7.3e-05, ""3"": 0.018569}",365
paper1479,0,0.999647,"{""0"": 0.999647, ""1"": 0.00023, ""2"": 7.8e-05, ""3"": 4.5e-05}",318
paper148,0,0.99968,"{""0"": 0.99968, ""1"": 0.000209, ""2"": 7.1e-05, ""3"": 4.1e-05}",361
paper1480,0,0.986068,"{""0"": 0.986068, ""1"": 0.013815, ""2"": 7.4e-05, ""3"": 4.2e-05}",354
paper1481,0,0.99961,"{""0"": 0.99961, ""1"": 0.000254, ""2"": 8.6e-05, ""3"": 5e-05}",312
paper1482,0,0.999625,"{""0"": 0.999625, ""1"": 0.000244, ""2"": 8.3e-05, ""3"": 4.8e-05}",335
paper1483,0,0.999671,"{""0"": 0.999671, ""1"": 0.000214, ""2"": 7.3e-05, ""3"": 4.2e-05}",367
paper1484,0,0.999733,"{""0"": 0.999733, ""1"": 0.000174, ""2"": 5.9e-05, ""3"": 3.4e-05}",419
paper1485,0,0.999707,"{""0"": 0.999707, ""1"": 0.000191, ""2"": 6.5e-05, ""3"": 3.7e-05}",408
paper1486,0,0.983276,"{""0"": 0.983276, ""1"": 0.016596, ""2"": 8.1e-05, ""3"": 4.7e-05}",317
paper1487,0,0.98879,"{""0"": 0.98879, ""1"": 0.000172, ""2"": 0.011004, ""3"": 3.4e-05}",450
paper1488,0,0.999708,"{""0"": 0.999708, ""1"": 0.00019, ""2"": 6.5e-05, ""3"": 3.7e-05}",396
paper1489,0,0.971993,"{""0"": 0.971993, ""1"": 0.027903, ""2"": 6.6e-05, ""3"": 3.8e-05}",402
paper149,0,0.913967,"{""0"": 0.913967, ""1"": 0.08589, ""2"": 9.1e-05, ""3"": 5.2e-05}",303
paper1490,0,0.973407,"{""0"": 0.973407, ""1"": 0.026455, ""2"": 8.7e-05, ""3"": 5e-05}",316
paper1491,0,0.999634,"{""0"": 0.999634, ""1"": 0.000239, ""2"": 8.1e-05, ""3"": 4.7e-05}",348
paper1492,0,0.923499,"{""0"": 0.923499, ""1"": 0.076382, ""2"": 7.6e-05, ""3"": 4.4e-05}",375
paper1493,0,0.973284,"{""0"": 0.973284, ""1"": 0.026582, ""2"": 8.5e-05, ""3"": 4.9e-05}",300
paper1494,0,0.995758,"{""0"": 0.995758, ""1"": 0.004136, ""2"": 6.8e-05, ""3"": 3.9e-05}",373
paper1495,0,0.987803,"{""0"": 0.987803, ""1"": 0.012121, ""2"": 4.9e-05, ""3"": 2.8e-05}",526
paper1496,0,0.999651,"{""0"": 0.999651, ""1"": 0.000227, ""2"": 7.7e-05, ""3"": 4.4e-05}",343
paper1497,0,0.999691,"{""0"": 0.999691, ""1"": 0.000201, ""2"": 6.9e-05, ""3"": 3.9e-05}",375
paper1498,0,0.999685,"{""0"": 0.999685, ""1"": 0.000205, ""2"": 7e-05, ""3"": 4e-05}",384
paper1499,0,0.983262,"{""0"": 0.983262, ""1"": 0.000198, ""2"": 0.016502, ""3"": 3.9e-05}",377
paper150,0,0.999693,"{""0"": 0.999693, ""1"": 0.0002, ""2"": 6.8e-05, ""3"": 3.9e-05}",404
paper1500,0,0.999692,"{""0"": 0.999692, ""1"": 0.000201, ""2"": 6.8e-05, ""3"": 3.9e-05}",385
paper1501,0,0.989507,"{""0"": 0.989507, ""1"": 0.010362, ""2"": 8.3e-05, ""3"": 4.8e-05}",301
paper1502,0,0.992484,"{""0"": 0.992484, ""1"": 0.000169, ""2"": 5.8e-05, ""3"": 0.007289}",456
paper1503,0,0.995214,"{""0"": 0.995214, ""1"": 0.004667, ""2"": 7.6e-05, ""3"": 4.4e-05}",337
paper1504,0,0.999625,"{""0"": 0.999625, ""1"": 0.000244, ""2"": 8.3e-05, ""3"": 4.8e-05}",332
paper1505,0,0.999576,"{""0"": 0.999576, ""1"": 0.000276, ""2"": 9.4e-05, ""3"": 5.4e-05}",326
paper1506,0,0.873148,"{""0"": 0.873148, ""1"": 0.126695, ""2"": 0.0001, ""3"": 5.7e-05}",296
paper1507,0,0.999634,"{""0"": 0.999634, ""1"": 0.000239, ""2"": 8.1e-05, ""3"": 4.7e-05}",318
paper1508,0,0.999724,"{""0"": 0.999724, ""1"": 0.00018, ""2"": 6.1e-05, ""3"": 3.5e-05}",447
paper1509,0,0.999814,"{""0"": 0.999814, ""1"": 0.000121, ""2"": 4.1e-05, ""3"": 2.4e-05}",617
paper151,0,0.99965,"{""0"": 0.99965, ""1"": 0.000228, ""2"": 7.8e-05, ""3"": 4.5e-05}",337
paper1510,0,0.997435,"{""0"": 0.997435, ""1"": 0.002536, ""2"": 1.9e-05, ""3"": 1.1e-05}",1269
paper1511,0,0.999589,"{""0"": 0.999589, ""1"": 0.000268, ""2"": 9.1e-05, ""3"": 5.2e-05}",300
paper1512,0,0.99971,"{""0"": 0.99971, ""1"": 0.000189, ""2"": 6.4e-05, ""3"": 3.7e-05}",391
paper1513,0,0.999564,"{""0"": 0.999564, ""1"": 0.000284, ""2"": 9.6e-05, ""3"": 5.5e-05}",273
paper1514,0,0.902538,"{""0"": 0.902538, ""1"": 0.08297, ""2"": 5.2e-05, ""3"": 0.01444}",493
paper1515,0,0.812773,"{""0"": 0.812773, ""1"": 0.187106, ""2"": 7.7e-05, ""3"": 4.4e-05}",362
paper1516,0,0.876401,"{""0"": 0.876401, ""1"": 0.123458, ""2"": 8.9e-05, ""3"": 5.1e-05}",274
paper1517,0,0.9799,"{""0"": 0.9799, ""1"": 0.019997, ""2"": 6.5e-05, ""3"": 3.7e-05}",384
paper1518,0,0.951974,"{""0"": 0.951974, ""1"": 0.047902, ""2"": 7.9e-05, ""3"": 4.5e-05}",367
paper1519,0,0.999646,"{""0"": 0.999646, ""1"": 0.000231, ""2"": 7.8e-05, ""3"": 4.5e-05}",322
paper152,0,0.932454,"{""0"": 0.932454, ""1"": 0.054005, ""2"": 0.013498, ""3"": 4.3e-05}",341
paper1520,0,0.999794,"{""0"": 0.999794, ""1"": 0.000134, ""2"": 4.6e-05, ""3"": 2.6e-05}",538
paper1521,0,0.888772,"{""0"": 0.888772, ""1"": 0.11115, ""2"": 5e-05, ""3"": 2.9e-05}",519
paper1522,0,0.986833,"{""0"": 0.986833, ""1"": 0.000119, ""2"": 0.013025, ""3"": 2.3e-05}",634
paper1523,0,0.99956,"{""0"": 0.99956, ""1"": 0.000286, ""2"": 9.7e-05, ""3"": 5.6e-05}",275
paper1524,0,0.927625,"{""0"": 0.927625, ""1"": 0.072281, ""2"": 6e-05, ""3"": 3.4e-05}",423
paper1525,0,0.999727,"{""0"": 0.999727, ""1"": 0.000178, ""2"": 6.1e-05, ""3"": 3.5e-05}",430
paper1526,0,0.988928,"{""0"": 0.988928, ""1"": 0.010975, ""2"": 6.1e-05, ""3"": 3.5e-05}",449
paper1527,0,0.933676,"{""0"": 0.933676, ""1"": 0.066197, ""2"": 8.1e-05, ""3"": 4.6e-05}",315
paper1528,0,0.9401,"{""0"": 0.9401, ""1"": 0.000252, ""2"": 0.041813, ""3"": 0.017834}",313
paper1529,0,0.924738,"{""0"": 0.924738, ""1"": 0.075146, ""2"": 7.4e-05, ""3"": 4.2e-05}",323
paper153,0,0.999718,"{""0"": 0.999718, ""1"": 0.000184, ""2"": 6.2e-05, ""3"": 3.6e-05}",403
paper1530,0,0.999719,"{""0"": 0.999719, ""1"": 0.000183, ""2"": 6.2e-05, ""3"": 3.6e-05}",415
paper1531,0,0.999749,"{""0"": 0.999749, ""1"": 0.000164, ""2"": 5.6e-05, ""3"": 3.2e-05}",434
paper1532,0,0.999686,"{""0"": 0.999686, ""1"": 0.000204, ""2"": 7e-05, ""3"": 4e-05}",345
paper1533,0,0.94762,"{""0"": 0.94762, ""1"": 0.048313, ""2"": 7.7e-05, ""3"": 0.00399}",346
paper1534,0,0.999472,"{""0"": 0.999472, ""1"": 0.000344, ""2"": 0.000117, ""3"": 6.7e-05}",224
paper1535,0,0.999552,"{""0"": 0.999552, ""1"": 0.000291, ""2"": 9.9e-05, ""3"": 5.7e-05}",310
paper1536,0,0.9996,"{""0"": 0.9996, ""1"": 0.00026, ""2"": 8.9e-05, ""3"": 5.1e-05}",291
paper1537,0,0.99956,"{""0"": 0.99956, ""1"": 0.000286, ""2"": 9.7e-05, ""3"": 5.6e-05}",261
paper1538,0,0.999592,"{""0"": 0.999592, ""1"": 0.000266, ""2"": 9e-05, ""3"": 5.2e-05}",292
paper1539,0,0.820137,"{""0"": 0.820137, ""1"": 0.179743, ""2"": 7.6e-05, ""3"": 4.4e-05}",319
paper154,0,0.999727,"{""0"": 0.999727, ""1"": 0.000178, ""2"": 6.1e-05, ""3"": 3.5e-05}",405
paper1540,0,0.856621,"{""0"": 0.856621, ""1"": 0.08612, ""2"": 0.057225, ""3"": 3.4e-05}",433
paper1541,0,0.999744,"{""0"": 0.999744, ""1"": 0.000167, ""2"": 5.7e-05, ""3"": 3.3e-05}",426
paper1542,0,0.999635,"{""0"": 0.999635, ""1"": 0.000238, ""2"": 8.1e-05, ""3"": 4.6e-05}",325
paper1543,0,0.965591,"{""0"": 0.965591, ""1"": 0.000178, ""2"": 0.034197, ""3"": 3.5e-05}",431
paper1544,0,0.999649,"{""0"": 0.999649, ""1"": 0.000228, ""2"": 7.8e-05, ""3"": 4.5e-05}",341
paper1545,0,0.936496,"{""0"": 0.936496, ""1"": 0.038334, ""2"": 0.025126, ""3"": 4.3e-05}",337
paper1546,0,0.992026,"{""0"": 0.992026, ""1"": 0.007836, ""2"": 8.8e-05, ""3"": 5e-05}",323
paper1547,0,0.999674,"{""0"": 0.999674, ""1"": 0.000212, ""2"": 7.2e-05, ""3"": 4.1e-05}",365
paper1548,0,0.853771,"{""0"": 0.853771, ""1"": 0.102214, ""2"": 0.043979, ""3"": 3.6e-05}",394
paper1549,0,0.999736,"{""0"": 0.999736, ""1"": 0.000172, ""2"": 5.9e-05, ""3"": 3.4e-05}",413
paper155,0,0.999718,"{""0"": 0.999718, ""1"": 0.000184, ""2"": 6.2e-05, ""3"": 3.6e-05}",399
paper1550,0,0.999906,"{""0"": 0.999906, ""1"": 6.1e-05, ""2"": 2.1e-05, ""3"": 1.2e-05}",1167
paper1551,0,0.921679,"{""0"": 0.921679, ""1"": 0.078214, ""2"": 6.8e-05, ""3"": 3.9e-05}",378
paper1552,0,0.999435,"{""0"": 0.999435, ""1"": 0.000368, ""2"": 0.000125, ""3"": 7.2e-05}",209
paper1553,0,0.995289,"{""0"": 0.995289, ""1"": 0.00461, ""2"": 6.5e-05, ""3"": 3.7e-05}",388
paper1554,0,0.978887,"{""0"": 0.978887, ""1"": 0.020955, ""2"": 0.0001, ""3"": 5.8e-05}",260
paper1555,0,0.83005,"{""0"": 0.83005, ""1"": 0.150653, ""2"": 0.019261, ""3"": 3.6e-05}",383
paper1556,0,0.916282,"{""0"": 0.916282, ""1"": 0.083641, ""2"": 4.9e-05, ""3"": 2.8e-05}",516
paper1557,0,0.868521,"{""0"": 0.868521, ""1"": 0.131396, ""2"": 5.3e-05, ""3"": 3.1e-05}",491
paper1558,0,0.962051,"{""0"": 0.962051, ""1"": 0.037861, ""2"": 5.6e-05, ""3"": 3.2e-05}",460
paper1559,0,0.982937,"{""0"": 0.982937, ""1"": 0.016931, ""2"": 8.4e-05, ""3"": 4.8e-05}",312
paper156,0,0.99957,"{""0"": 0.99957, ""1"": 0.00028, ""2"": 9.5e-05, ""3"": 5.5e-05}",279
paper1560,0,0.882257,"{""0"": 0.882257, ""1"": 0.11761, ""2"": 8.4e-05, ""3"": 4.8e-05}",322
paper1561,0,0.989953,"{""0"": 0.989953, ""1"": 0.009922, ""2"": 7.9e-05, ""3"": 4.6e-05}",331
paper1562,0,0.944688,"{""0"": 0.944688, ""1"": 0.055186, ""2"": 8e-05, ""3"": 4.6e-05}",314
paper1563,0,0.999724,"{""0"": 0.999724, ""1"": 0.00018, ""2"": 6.1e-05, ""3"": 3.5e-05}",390
paper1564,0,0.999521,"{""0"": 0.999521, ""1"": 0.000312, ""2"": 0.000106, ""3"": 6.1e-05}",274
paper1565,0,0.837785,"{""0"": 0.837785, ""1"": 0.162107, ""2"": 6.8e-05, ""3"": 3.9e-05}",368
paper1566,0,0.999478,"{""0"": 0.999478, ""1"": 0.00034, ""2"": 0.000116, ""3"": 6.6e-05}",250
paper1567,0,0.999801,"{""0"": 0.999801, ""1"": 0.00013, ""2"": 4.4e-05, ""3"": 2.5e-05}",559
paper1568,0,0.759471,"{""0"": 0.759471, ""1"": 0.209588, ""2"": 0.030896, ""3"": 4.4e-05}",344
paper1569,0,0.918781,"{""0"": 0.918781, ""1"": 0.081093, ""2"": 8e-05, ""3"": 4.6e-05}",294
paper157,0,0.996532,"{""0"": 0.996532, ""1"": 0.003359, ""2"": 6.9e-05, ""3"": 4e-05}",364
paper1570,0,0.875804,"{""0"": 0.875804, ""1"": 0.124005, ""2"": 0.000122, ""3"": 7e-05}",246
paper1571,0,0.849844,"{""0"": 0.849844, ""1"": 0.092512, ""2"": 0.057582, ""3"": 6.2e-05}",254
paper1572,0,0.99964,"{""0"": 0.99964, ""1"": 0.000234, ""2"": 8e-05, ""3"": 4.6e-05}",333
paper1573,0,0.900532,"{""0"": 0.900532, ""1"": 0.099347, ""2"": 7.7e-05, ""3"": 4.4e-05}",405
paper1574,0,0.771623,"{""0"": 0.771623, ""1"": 0.228166, ""2"": 0.000134, ""3"": 7.7e-05}",206
paper1575,0,0.999696,"{""0"": 0.999696, ""1"": 0.000198, ""2"": 6.7e-05, ""3"": 3.9e-05}",391
paper1576,0,0.981098,"{""0"": 0.981098, ""1"": 0.018785, ""2"": 7.5e-05, ""3"": 4.3e-05}",354
paper1577,0,0.999631,"{""0"": 0.999631, ""1"": 0.00024, ""2"": 8.2e-05, ""3"": 4.7e-05}",330
paper1578,0,0.99993,"{""0"": 0.99993, ""1"": 4.6e-05, ""2"": 1.6e-05, ""3"": 9e-06}",1598
paper1579,0,0.863763,"{""0"": 0.863763, ""1"": 0.036578, ""2"": 0.099609, ""3"": 5e-05}",294
paper158,0,0.852258,"{""0"": 0.852258, ""1"": 0.000398, ""2"": 0.147266, ""3"": 7.8e-05}",200
paper1580,0,0.999719,"{""0"": 0.999719, ""1"": 0.000183, ""2"": 6.2e-05, ""3"": 3.6e-05}",426
paper1581,0,0.999592,"{""0"": 0.999592, ""1"": 0.000266, ""2"": 9e-05, ""3"": 5.2e-05}",290
paper1582,0,0.934963,"{""0"": 0.934963, ""1"": 0.014131, ""2"": 0.050866, ""3"": 4e-05}",394
paper1583,0,0.991064,"{""0"": 0.991064, ""1"": 0.00018, ""2"": 0.008721, ""3"": 3.5e-05}",409
paper1584,0,0.99955,"{""0"": 0.99955, ""1"": 0.000293, ""2"": 0.0001, ""3"": 5.7e-05}",249
paper1585,0,0.848519,"{""0"": 0.848519, ""1"": 0.133129, ""2"": 0.018319, ""3"": 3.2e-05}",427
paper1586,0,0.999643,"{""0"": 0.999643, ""1"": 0.000232, ""2"": 7.9e-05, ""3"": 4.5e-05}",334
paper1587,0,0.981356,"{""0"": 0.981356, ""1"": 0.018542, ""2"": 6.5e-05, ""3"": 3.7e-05}",397
paper1588,0,0.999592,"{""0"": 0.999592, ""1"": 0.000266, ""2"": 9e-05, ""3"": 5.2e-05}",267
paper1589,0,0.999711,"{""0"": 0.999711, ""1"": 0.000188, ""2"": 6.4e-05, ""3"": 3.7e-05}",371
paper159,0,0.999585,"{""0"": 0.999585, ""1"": 0.00027, ""2"": 9.2e-05, ""3"": 5.3e-05}",285
paper1590,0,0.999664,"{""0"": 0.999664, ""1"": 0.000219, ""2"": 7.4e-05, ""3"": 4.3e-05}",353
paper1591,0,0.999706,"{""0"": 0.999706, ""1"": 0.000192, ""2"": 6.5e-05, ""3"": 3.7e-05}",369
paper1592,0,0.744342,"{""0"": 0.744342, ""1"": 0.255542, ""2"": 7.4e-05, ""3"": 4.3e-05}",348
paper1593,0,0.849303,"{""0"": 0.849303, ""1"": 0.150603, ""2"": 6e-05, ""3"": 3.5e-05}",401
paper1594,0,0.999643,"{""0"": 0.999643, ""1"": 0.000233, ""2"": 7.9e-05, ""3"": 4.5e-05}",333
paper1595,0,0.999718,"{""0"": 0.999718, ""1"": 0.000184, ""2"": 6.3e-05, ""3"": 3.6e-05}",426
paper1596,0,0.999577,"{""0"": 0.999577, ""1"": 0.000275, ""2"": 9.4e-05, ""3"": 5.4e-05}",269
paper1597,0,0.805164,"{""0"": 0.805164, ""1"": 0.194702, ""2"": 8.5e-05, ""3"": 4.9e-05}",298
paper1598,0,0.98252,"{""0"": 0.98252, ""1"": 0.017423, ""2"": 3.7e-05, ""3"": 2.1e-05}",1471
paper1599,0,0.756036,"{""0"": 0.756036, ""1"": 0.24382, ""2"": 9.1e-05, ""3"": 5.2e-05}",278
paper16,0,0.960673,"{""0"": 0.960673, ""1"": 0.039208, ""2"": 7.5e-05, ""3"": 4.3e-05}",311
paper160,0,0.966469,"{""0"": 0.966469, ""1"": 0.033424, ""2"": 6.8e-05, ""3"": 3.9e-05}",373
paper1600,0,0.958328,"{""0"": 0.958328, ""1"": 0.041589, ""2"": 5.3e-05, ""3"": 3e-05}",477
paper1601,0,0.99972,"{""0"": 0.99972, ""1"": 0.000182, ""2"": 6.2e-05, ""3"": 3.6e-05}",425
paper1602,0,0.842471,"{""0"": 0.842471, ""1"": 0.157424, ""2"": 6.6e-05, ""3"": 3.8e-05}",383
paper1603,0,0.993052,"{""0"": 0.993052, ""1"": 0.000151, ""2"": 0.006767, ""3"": 3e-05}",465
paper1604,0,0.999469,"{""0"": 0.999469, ""1"": 0.000346, ""2"": 0.000118, ""3"": 6.8e-05}",215
paper1605,0,0.999716,"{""0"": 0.999716, ""1"": 0.000185, ""2"": 6.3e-05, ""3"": 3.6e-05}",385
paper1606,0,0.968198,"{""0"": 0.968198, ""1"": 0.031687, ""2"": 7.3e-05, ""3"": 4.2e-05}",364
paper1607,0,0.937243,"{""0"": 0.937243, ""1"": 0.062648, ""2"": 7e-05, ""3"": 4e-05}",363
paper1608,0,0.925729,"{""0"": 0.925729, ""1"": 0.074082, ""2"": 0.00012, ""3"": 6.9e-05}",195
paper1609,0,0.99974,"{""0"": 0.99974, ""1"": 0.00017, ""2"": 5.8e-05, ""3"": 3.3e-05}",434
paper161,0,0.999684,"{""0"": 0.999684, ""1"": 0.000206, ""2"": 7e-05, ""3"": 4e-05}",390
paper1610,0,0.999556,"{""0"": 0.999556, ""1"": 0.000289, ""2"": 9.8e-05, ""3"": 5.6e-05}",301
paper1611,0,0.999731,"{""0"": 0.999731, ""1"": 0.000175, ""2"": 6e-05, ""3"": 3.4e-05}",412
paper1612,0,0.97201,"{""0"": 0.97201, ""1"": 0.00026, ""2"": 0.027679, ""3"": 5.1e-05}",285
paper1613,0,0.999787,"{""0"": 0.999787, ""1"": 0.000139, ""2"": 4.7e-05, ""3"": 2.7e-05}",528
paper1614,0,0.999708,"{""0"": 0.999708, ""1"": 0.00019, ""2"": 6.5e-05, ""3"": 3.7e-05}",383
paper1615,0,0.995924,"{""0"": 0.995924, ""1"": 0.003982, ""2"": 6e-05, ""3"": 3.4e-05}",418
paper1616,0,0.999913,"{""0"": 0.999913, ""1"": 5.7e-05, ""2"": 1.9e-05, ""3"": 1.1e-05}",1315
paper1617,0,0.999608,"{""0"": 0.999608, ""1"": 0.000255, ""2"": 8.7e-05, ""3"": 5e-05}",306
paper1618,0,0.999717,"{""0"": 0.999717, ""1"": 0.000184, ""2"": 6.3e-05, ""3"": 3.6e-05}",416
paper1619,0,0.896842,"{""0"": 0.896842, ""1"": 0.000223, ""2"": 7.6e-05, ""3"": 0.102859}",350
paper162,0,0.951696,"{""0"": 0.951696, ""1"": 0.02797, ""2"": 7.3e-05, ""3"": 0.020261}",361
paper1620,0,0.989549,"{""0"": 0.989549, ""1"": 0.01031, ""2"": 9e-05, ""3"": 5.2e-05}",296
paper1621,0,0.992864,"{""0"": 0.992864, ""1"": 5.6e-05, ""2"": 1.9e-05, ""3"": 0.00706}",1649
paper1622,0,0.983256,"{""0"": 0.983256, ""1"": 0.000249, ""2"": 0.016446, ""3"": 4.9e-05}",309
paper1623,0,0.999698,"{""0"": 0.999698, ""1"": 0.000197, ""2"": 6.7e-05, ""3"": 3.8e-05}",374
paper1624,0,0.973554,"{""0"": 0.973554, ""1"": 0.026349, ""2"": 6.2e-05, ""3"": 3.5e-05}",432
paper1625,0,0.999689,"{""0"": 0.999689, ""1"": 0.000203, ""2"": 6.9e-05, ""3"": 4e-05}",392
paper1626,0,0.973407,"{""0"": 0.973407, ""1"": 0.026493, ""2"": 6.3e-05, ""3"": 3.6e-05}",388
paper1627,0,0.981548,"{""0"": 0.981548, ""1"": 0.000128, ""2"": 4.4e-05, ""3"": 0.01828}",584
paper1628,0,0.999693,"{""0"": 0.999693, ""1"": 0.0002, ""2"": 6.8e-05, ""3"": 3.9e-05}",386
paper1629,0,0.999838,"{""0"": 0.999838, ""1"": 0.000105, ""2"": 3.6e-05, ""3"": 2.1e-05}",684
paper163,0,0.987035,"{""0"": 0.987035, ""1"": 0.012806, ""2"": 0.000101, ""3"": 5.8e-05}",240
paper1630,0,0.79992,"{""0"": 0.79992, ""1"": 0.199954, ""2"": 8e-05, ""3"": 4.6e-05}",305
paper1631,0,0.968979,"{""0"": 0.968979, ""1"": 0.030851, ""2"": 0.000108, ""3"": 6.2e-05}",251
paper1632,0,0.777955,"{""0"": 0.777955, ""1"": 0.199525, ""2"": 0.022481, ""3"": 3.8e-05}",369
paper1633,0,0.846354,"{""0"": 0.846354, ""1"": 0.153505, ""2"": 8.9e-05, ""3"": 5.1e-05}",274
paper1634,0,0.977283,"{""0"": 0.977283, ""1"": 0.022591, ""2"": 8e-05, ""3"": 4.6e-05}",331
paper1635,0,0.95662,"{""0"": 0.95662, ""1"": 0.034921, ""2"": 0.008421, ""3"": 3.9e-05}",368
paper1636,0,0.853058,"{""0"": 0.853058, ""1"": 0.046651, ""2"": 0.100234, ""3"": 5.7e-05}",243
paper1637,0,0.99968,"{""0"": 0.99968, ""1"": 0.000209, ""2"": 7.1e-05, ""3"": 4.1e-05}",376
paper1638,0,0.999643,"{""0"": 0.999643, ""1"": 0.000232, ""2"": 7.9e-05, ""3"": 4.5e-05}",351
paper1639,0,0.958825,"{""0"": 0.958825, ""1"": 0.041054, ""2"": 7.7e-05, ""3"": 4.4e-05}",339
paper164,0,0.999804,"{""0"": 0.999804, ""1"": 0.000127, ""2"": 4.3e-05, ""3"": 2.5e-05}",585
paper1640,0,0.999709,"{""0"": 0.999709, ""1"": 0.000189, ""2"": 6.4e-05, ""3"": 3.7e-05}",386
paper1641,0,0.900743,"{""0"": 0.900743, ""1"": 0.099151, ""2"": 6.7e-05, ""3"": 3.8e-05}",390
paper1642,0,0.740287,"{""0"": 0.740287, ""1"": 0.259642, ""2"": 4.5e-05, ""3"": 2.6e-05}",551
paper1643,0,0.922704,"{""0"": 0.922704, ""1"": 0.077215, ""2"": 5.2e-05, ""3"": 3e-05}",471
paper1644,0,0.999657,"{""0"": 0.999657, ""1"": 0.000223, ""2"": 7.6e-05, ""3"": 4.4e-05}",330
paper1645,0,0.94131,"{""0"": 0.94131, ""1"": 0.044506, ""2"": 0.014155, ""3"": 2.9e-05}",467
paper1646,0,0.974177,"{""0"": 0.974177, ""1"": 0.025718, ""2"": 6.6e-05, ""3"": 3.8e-05}",370
paper1647,0,0.999699,"{""0"": 0.999699, ""1"": 0.000196, ""2"": 6.7e-05, ""3"": 3.8e-05}",379
paper1648,0,0.768042,"{""0"": 0.768042, ""1"": 0.231823, ""2"": 8.6e-05, ""3"": 4.9e-05}",300
paper1649,0,0.999613,"{""0"": 0.999613, ""1"": 0.000252, ""2"": 8.6e-05, ""3"": 4.9e-05}",282
paper165,0,0.933814,"{""0"": 0.933814, ""1"": 0.066092, ""2"": 6e-05, ""3"": 3.5e-05}",431
paper1650,0,0.999656,"{""0"": 0.999656, ""1"": 0.000224, ""2"": 7.6e-05, ""3"": 4.4e-05}",330
paper1651,0,0.999605,"{""0"": 0.999605, ""1"": 0.000257, ""2"": 8.7e-05, ""3"": 5e-05}",274
paper1652,0,0.918884,"{""0"": 0.918884, ""1"": 0.081005, ""2"": 7.1e-05, ""3"": 4.1e-05}",373
paper1653,0,0.907663,"{""0"": 0.907663, ""1"": 0.055619, ""2"": 0.036682, ""3"": 3.6e-05}",392
paper1654,0,0.960151,"{""0"": 0.960151, ""1"": 0.039714, ""2"": 8.6e-05, ""3"": 4.9e-05}",303
paper1655,0,0.999665,"{""0"": 0.999665, ""1"": 0.000218, ""2"": 7.4e-05, ""3"": 4.3e-05}",357
paper1656,0,0.862271,"{""0"": 0.862271, ""1"": 0.038187, ""2"": 0.099501, ""3"": 4.1e-05}",353
paper1657,0,0.842682,"{""0"": 0.842682, ""1"": 0.157195, ""2"": 7.8e-05, ""3"": 4.5e-05}",324
paper1658,0,0.938465,"{""0"": 0.938465, ""1"": 0.061416, ""2"": 7.6e-05, ""3"": 4.4e-05}",331
paper1659,0,0.828934,"{""0"": 0.828934, ""1"": 0.170899, ""2"": 0.000106, ""3"": 6.1e-05}",254
paper166,0,0.914679,"{""0"": 0.914679, ""1"": 0.085174, ""2"": 9.3e-05, ""3"": 5.4e-05}",268
paper1660,0,0.971813,"{""0"": 0.971813, ""1"": 0.028078, ""2"": 6.9e-05, ""3"": 4e-05}",389
paper1661,0,0.999612,"{""0"": 0.999612, ""1"": 0.000253, ""2"": 8.6e-05, ""3"": 4.9e-05}",291
paper1662,0,0.99961,"{""0"": 0.99961, ""1"": 0.000254, ""2"": 8.6e-05, ""3"": 5e-05}",301
paper1663,0,0.96803,"{""0"": 0.96803, ""1"": 0.031857, ""2"": 7.2e-05, ""3"": 4.1e-05}",354
paper1664,0,0.999643,"{""0"": 0.999643, ""1"": 0.000233, ""2"": 7.9e-05, ""3"": 4.5e-05}",339
paper1665,0,0.999528,"{""0"": 0.999528, ""1"": 0.000307, ""2"": 0.000105, ""3"": 6e-05}",258
paper1666,0,0.904141,"{""0"": 0.904141, ""1"": 0.095725, ""2"": 8.5e-05, ""3"": 4.9e-05}",306
paper1667,0,0.999483,"{""0"": 0.999483, ""1"": 0.000337, ""2"": 0.000115, ""3"": 6.6e-05}",254
paper1668,0,0.999804,"{""0"": 0.999804, ""1"": 0.000127, ""2"": 4.3e-05, ""3"": 2.5e-05}",613
paper1669,0,0.999745,"{""0"": 0.999745, ""1"": 0.000166, ""2"": 5.7e-05, ""3"": 3.2e-05}",478
paper167,0,0.999435,"{""0"": 0.999435, ""1"": 0.000368, ""2"": 0.000125, ""3"": 7.2e-05}",252
paper1670,0,0.960649,"{""0"": 0.960649, ""1"": 0.039235, ""2"": 7.4e-05, ""3"": 4.3e-05}",326
paper1671,0,0.999602,"{""0"": 0.999602, ""1"": 0.000259, ""2"": 8.8e-05, ""3"": 5.1e-05}",284
paper1672,0,0.929815,"{""0"": 0.929815, ""1"": 0.070069, ""2"": 7.4e-05, ""3"": 4.2e-05}",348
paper1673,0,0.951039,"{""0"": 0.951039, ""1"": 0.048879, ""2"": 5.2e-05, ""3"": 3e-05}",475
paper1674,0,0.988609,"{""0"": 0.988609, ""1"": 0.011321, ""2"": 4.5e-05, ""3"": 2.6e-05}",580
paper1675,3,0.58288,"{""0"": 0.417053, ""1"": 5e-05, ""2"": 1.7e-05, ""3"": 0.58288}",1425
paper1676,0,0.94497,"{""0"": 0.94497, ""1"": 0.04946, ""2"": 0.005528, ""3"": 4.1e-05}",351
paper1677,0,0.936606,"{""0"": 0.936606, ""1"": 0.063258, ""2"": 8.6e-05, ""3"": 5e-05}",315
paper1678,0,0.999704,"{""0"": 0.999704, ""1"": 0.000193, ""2"": 6.6e-05, ""3"": 3.8e-05}",367
paper1679,0,0.981674,"{""0"": 0.981674, ""1"": 0.018181, ""2"": 9.2e-05, ""3"": 5.3e-05}",278
paper168,0,0.985004,"{""0"": 0.985004, ""1"": 0.014859, ""2"": 8.7e-05, ""3"": 5e-05}",292
paper1680,0,0.772765,"{""0"": 0.772765, ""1"": 0.219356, ""2"": 0.007839, ""3"": 4.1e-05}",345
paper1681,0,0.999673,"{""0"": 0.999673, ""1"": 0.000213, ""2"": 7.2e-05, ""3"": 4.2e-05}",336
paper1682,0,0.935799,"{""0"": 0.935799, ""1"": 0.041276, ""2"": 0.022886, ""3"": 3.9e-05}",386
paper1683,0,0.839864,"{""0"": 0.839864, ""1"": 0.160024, ""2"": 7.1e-05, ""3"": 4.1e-05}",382
paper1684,0,0.999695,"{""0"": 0.999695, ""1"": 0.000199, ""2"": 6.8e-05, ""3"": 3.9e-05}",384
paper1685,0,0.999757,"{""0"": 0.999757, ""1"": 0.000158, ""2"": 5.4e-05, ""3"": 3.1e-05}",466
paper1686,0,0.964294,"{""0"": 0.964294, ""1"": 0.000196, ""2"": 0.035472, ""3"": 3.8e-05}",391
paper1687,0,0.99971,"{""0"": 0.99971, ""1"": 0.000189, ""2"": 6.4e-05, ""3"": 3.7e-05}",387
paper1688,0,0.999717,"{""0"": 0.999717, ""1"": 0.000184, ""2"": 6.3e-05, ""3"": 3.6e-05}",410
paper1689,0,0.999676,"{""0"": 0.999676, ""1"": 0.000211, ""2"": 7.2e-05, ""3"": 4.1e-05}",370
paper169,0,0.984215,"{""0"": 0.984215, ""1"": 0.015649, ""2"": 8.6e-05, ""3"": 5e-05}",293
paper1690,0,0.931963,"{""0"": 0.931963, ""1"": 0.067929, ""2"": 6.8e-05, ""3"": 3.9e-05}",371
paper1691,0,0.999739,"{""0"": 0.999739, ""1"": 0.00017, ""2"": 5.8e-05, ""3"": 3.3e-05}",434
paper1692,0,0.865062,"{""0"": 0.865062, ""1"": 0.134818, ""2"": 7.6e-05, ""3"": 4.4e-05}",320
paper1693,0,0.999613,"{""0"": 0.999613, ""1"": 0.000252, ""2"": 8.6e-05, ""3"": 4.9e-05}",293
paper1694,0,0.888913,"{""0"": 0.888913, ""1"": 0.110942, ""2"": 9.2e-05, ""3"": 5.3e-05}",276
paper1695,0,0.913801,"{""0"": 0.913801, ""1"": 0.086121, ""2"": 5e-05, ""3"": 2.9e-05}",598
paper1696,0,0.989718,"{""0"": 0.989718, ""1"": 0.010162, ""2"": 7.7e-05, ""3"": 4.4e-05}",346
paper1697,0,0.834135,"{""0"": 0.834135, ""1"": 0.165709, ""2"": 9.9e-05, ""3"": 5.7e-05}",269
paper1698,0,0.88764,"{""0"": 0.88764, ""1"": 0.112233, ""2"": 8e-05, ""3"": 4.6e-05}",304
paper1699,0,0.895749,"{""0"": 0.895749, ""1"": 0.104165, ""2"": 5.4e-05, ""3"": 3.1e-05}",479
paper17,0,0.941555,"{""0"": 0.941555, ""1"": 0.058338, ""2"": 6.8e-05, ""3"": 3.9e-05}",372
paper170,0,0.999463,"{""0"": 0.999463, ""1"": 0.00035, ""2"": 0.000119, ""3"": 6.8e-05}",237
paper1700,2,0.720018,"{""0"": 0.262716, ""1"": 0.017256, ""2"": 0.720018, ""3"": 1e-05}",1592
paper1701,0,0.907064,"{""0"": 0.907064, ""1"": 0.092856, ""2"": 5.1e-05, ""3"": 2.9e-05}",489
paper1702,0,0.892669,"{""0"": 0.892669, ""1"": 0.107125, ""2"": 0.000131, ""3"": 7.5e-05}",222
paper1703,0,0.996589,"{""0"": 0.996589, ""1"": 0.00021, ""2"": 7.1e-05, ""3"": 0.00313}",385
paper1704,0,0.933728,"{""0"": 0.933728, ""1"": 0.066175, ""2"": 6.2e-05, ""3"": 3.5e-05}",388
paper1705,0,0.825637,"{""0"": 0.825637, ""1"": 0.16142, ""2"": 0.012892, ""3"": 5e-05}",291
paper1706,0,0.847087,"{""0"": 0.847087, ""1"": 0.152791, ""2"": 7.8e-05, ""3"": 4.5e-05}",340
paper1707,0,0.956142,"{""0"": 0.956142, ""1"": 0.043695, ""2"": 0.000104, ""3"": 5.9e-05}",251
paper1708,0,0.831487,"{""0"": 0.831487, ""1"": 0.168347, ""2"": 0.000106, ""3"": 6.1e-05}",252
paper1709,0,0.873148,"{""0"": 0.873148, ""1"": 0.126691, ""2"": 0.000102, ""3"": 5.9e-05}",250
paper171,0,0.999733,"{""0"": 0.999733, ""1"": 0.000174, ""2"": 5.9e-05, ""3"": 3.4e-05}",458
paper1710,0,0.945351,"{""0"": 0.945351, ""1"": 0.041042, ""2"": 0.01355, ""3"": 5.7e-05}",294
paper1711,0,0.945425,"{""0"": 0.945425, ""1"": 0.054478, ""2"": 6.2e-05, ""3"": 3.5e-05}",418
paper1712,0,0.941505,"{""0"": 0.941505, ""1"": 0.007146, ""2"": 6.5e-05, ""3"": 0.051283}",401
paper1713,0,0.987695,"{""0"": 0.987695, ""1"": 0.000225, ""2"": 0.012035, ""3"": 4.4e-05}",344
paper1714,0,0.797705,"{""0"": 0.797705, ""1"": 0.202159, ""2"": 8.6e-05, ""3"": 5e-05}",318
paper1715,0,0.813941,"{""0"": 0.813941, ""1"": 0.185896, ""2"": 0.000103, ""3"": 5.9e-05}",259
paper1716,0,0.854561,"{""0"": 0.854561, ""1"": 0.145328, ""2"": 7e-05, ""3"": 4e-05}",369
paper1717,0,0.837305,"{""0"": 0.837305, ""1"": 0.16254, ""2"": 9.8e-05, ""3"": 5.6e-05}",254
paper1718,0,0.948174,"{""0"": 0.948174, ""1"": 0.014028, ""2"": 6e-05, ""3"": 0.037738}",471
paper1719,0,0.836815,"{""0"": 0.836815, ""1"": 0.163088, ""2"": 6.2e-05, ""3"": 3.5e-05}",406
paper172,0,0.999615,"{""0"": 0.999615, ""1"": 0.000251, ""2"": 8.5e-05, ""3"": 4.9e-05}",316
paper1720,0,0.999668,"{""0"": 0.999668, ""1"": 0.000216, ""2"": 7.4e-05, ""3"": 4.2e-05}",340
paper1721,0,0.996503,"{""0"": 0.996503, ""1"": 0.003456, ""2"": 2.6e-05, ""3"": 1.5e-05}",872
paper1722,0,0.999581,"{""0"": 0.999581, ""1"": 0.000273, ""2"": 9.3e-05, ""3"": 5.3e-05}",264
paper1723,0,0.999621,"{""0"": 0.999621, ""1"": 0.000247, ""2"": 8.4e-05, ""3"": 4.8e-05}",332
paper1724,0,0.895044,"{""0"": 0.895044, ""1"": 0.060238, ""2"": 0.044665, ""3"": 5.3e-05}",277
paper1725,0,0.989444,"{""0"": 0.989444, ""1"": 0.000195, ""2"": 0.010323, ""3"": 3.8e-05}",412
paper1727,0,0.978279,"{""0"": 0.978279, ""1"": 0.02161, ""2"": 7.1e-05, ""3"": 4.1e-05}",366
paper1728,0,0.9708,"{""0"": 0.9708, ""1"": 0.029103, ""2"": 6.1e-05, ""3"": 3.5e-05}",417
paper173,0,0.937654,"{""0"": 0.937654, ""1"": 0.06224, ""2"": 6.8e-05, ""3"": 3.9e-05}",380
paper1731,0,0.999738,"{""0"": 0.999738, ""1"": 0.000171, ""2"": 5.8e-05, ""3"": 3.3e-05}",431
paper1732,0,0.9993,"{""0"": 0.9993, ""1"": 0.000456, ""2"": 0.000155, ""3"": 8.9e-05}",174
paper1733,0,0.923087,"{""0"": 0.923087, ""1"": 0.076759, ""2"": 9.7e-05, ""3"": 5.6e-05}",262
paper1734,0,0.999568,"{""0"": 0.999568, ""1"": 0.000281, ""2"": 9.6e-05, ""3"": 5.5e-05}",262
paper1735,0,0.99964,"{""0"": 0.99964, ""1"": 0.000234, ""2"": 8e-05, ""3"": 4.6e-05}",322
paper1736,0,0.919126,"{""0"": 0.919126, ""1"": 0.063314, ""2"": 0.017515, ""3"": 4.6e-05}",348
paper1737,0,0.97105,"{""0"": 0.97105, ""1"": 0.028846, ""2"": 6.6e-05, ""3"": 3.8e-05}",392
paper1738,0,0.876819,"{""0"": 0.876819, ""1"": 0.101881, ""2"": 0.021259, ""3"": 4.1e-05}",362
paper1739,0,0.932181,"{""0"": 0.932181, ""1"": 0.067652, ""2"": 0.000106, ""3"": 6.1e-05}",260
paper174,0,0.999524,"{""0"": 0.999524, ""1"": 0.00031, ""2"": 0.000105, ""3"": 6.1e-05}",273
paper1740,0,0.926045,"{""0"": 0.926045, ""1"": 0.073845, ""2"": 7e-05, ""3"": 4e-05}",352
paper1741,0,0.99967,"{""0"": 0.99967, ""1"": 0.000215, ""2"": 7.3e-05, ""3"": 4.2e-05}",363
paper1742,0,0.929663,"{""0"": 0.929663, ""1"": 0.070179, ""2"": 0.000101, ""3"": 5.8e-05}",267
paper1743,0,0.999666,"{""0"": 0.999666, ""1"": 0.000217, ""2"": 7.4e-05, ""3"": 4.2e-05}",346
paper1744,0,0.986055,"{""0"": 0.986055, ""1"": 0.000196, ""2"": 6.7e-05, ""3"": 0.013683}",402
paper1745,0,0.97085,"{""0"": 0.97085, ""1"": 0.029037, ""2"": 7.2e-05, ""3"": 4.1e-05}",366
paper1746,0,0.999674,"{""0"": 0.999674, ""1"": 0.000212, ""2"": 7.2e-05, ""3"": 4.1e-05}",344
paper1747,0,0.999666,"{""0"": 0.999666, ""1"": 0.000217, ""2"": 7.4e-05, ""3"": 4.2e-05}",332
paper1748,0,0.982386,"{""0"": 0.982386, ""1"": 8.6e-05, ""2"": 0.017512, ""3"": 1.7e-05}",831
paper1749,0,0.999552,"{""0"": 0.999552, ""1"": 0.000292, ""2"": 9.9e-05, ""3"": 5.7e-05}",272
paper175,0,0.999651,"{""0"": 0.999651, ""1"": 0.000227, ""2"": 7.7e-05, ""3"": 4.4e-05}",310
paper1750,0,0.999472,"{""0"": 0.999472, ""1"": 0.000344, ""2"": 0.000117, ""3"": 6.7e-05}",230
paper1751,0,0.999574,"{""0"": 0.999574, ""1"": 0.000277, ""2"": 9.4e-05, ""3"": 5.4e-05}",299
paper1752,0,0.999644,"{""0"": 0.999644, ""1"": 0.000232, ""2"": 7.9e-05, ""3"": 4.5e-05}",368
paper1753,0,0.999722,"{""0"": 0.999722, ""1"": 0.000181, ""2"": 6.2e-05, ""3"": 3.5e-05}",431
paper1754,0,0.969223,"{""0"": 0.969223, ""1"": 0.030662, ""2"": 7.3e-05, ""3"": 4.2e-05}",345
paper1755,0,0.953594,"{""0"": 0.953594, ""1"": 0.046294, ""2"": 7.1e-05, ""3"": 4.1e-05}",365
paper1756,0,0.999533,"{""0"": 0.999533, ""1"": 0.000304, ""2"": 0.000103, ""3"": 5.9e-05}",265
paper1757,0,0.968317,"{""0"": 0.968317, ""1"": 0.031506, ""2"": 0.000113, ""3"": 6.5e-05}",221
paper1758,0,0.9997,"{""0"": 0.9997, ""1"": 0.000195, ""2"": 6.6e-05, ""3"": 3.8e-05}",403
paper1759,0,0.999783,"{""0"": 0.999783, ""1"": 0.000141, ""2"": 4.8e-05, ""3"": 2.8e-05}",522
paper176,0,0.999642,"{""0"": 0.999642, ""1"": 0.000233, ""2"": 7.9e-05, ""3"": 4.6e-05}",334
paper1760,0,0.99964,"{""0"": 0.99964, ""1"": 0.000234, ""2"": 8e-05, ""3"": 4.6e-05}",334
paper1761,0,0.999597,"{""0"": 0.999597, ""1"": 0.000262, ""2"": 8.9e-05, ""3"": 5.1e-05}",282
paper1762,0,0.961549,"{""0"": 0.961549, ""1"": 0.038305, ""2"": 9.3e-05, ""3"": 5.4e-05}",271
paper1763,0,0.999663,"{""0"": 0.999663, ""1"": 0.000219, ""2"": 7.5e-05, ""3"": 4.3e-05}",348
paper1764,0,0.935971,"{""0"": 0.935971, ""1"": 0.000171, ""2"": 5.8e-05, ""3"": 0.0638}",467
paper1765,0,0.999649,"{""0"": 0.999649, ""1"": 0.000228, ""2"": 7.8e-05, ""3"": 4.5e-05}",351
paper1766,0,0.999522,"{""0"": 0.999522, ""1"": 0.000312, ""2"": 0.000106, ""3"": 6.1e-05}",252
paper1767,0,0.944663,"{""0"": 0.944663, ""1"": 0.000203, ""2"": 6.9e-05, ""3"": 0.055065}",362
paper1768,0,0.963624,"{""0"": 0.963624, ""1"": 0.036231, ""2"": 9.2e-05, ""3"": 5.3e-05}",283
paper1769,0,0.870774,"{""0"": 0.870774, ""1"": 0.129105, ""2"": 7.7e-05, ""3"": 4.4e-05}",314
paper177,0,0.949258,"{""0"": 0.949258, ""1"": 0.050619, ""2"": 7.8e-05, ""3"": 4.5e-05}",341
paper1770,0,0.934249,"{""0"": 0.934249, ""1"": 0.000233, ""2"": 7.9e-05, ""3"": 0.06544}",330
paper1771,0,0.931541,"{""0"": 0.931541, ""1"": 0.040369, ""2"": 9.9e-05, ""3"": 0.02799}",1515
paper1772,0,0.936625,"{""0"": 0.936625, ""1"": 0.000177, ""2"": 6e-05, ""3"": 0.063138}",453
paper1773,0,0.999694,"{""0"": 0.999694, ""1"": 0.000199, ""2"": 6.8e-05, ""3"": 3.9e-05}",377
paper1774,0,0.999785,"{""0"": 0.999785, ""1"": 0.00014, ""2"": 4.8e-05, ""3"": 2.7e-05}",538
paper1775,0,0.999793,"{""0"": 0.999793, ""1"": 0.000135, ""2"": 4.6e-05, ""3"": 2.6e-05}",544
paper1776,0,0.88646,"{""0"": 0.88646, ""1"": 0.106863, ""2"": 8.3e-05, ""3"": 0.006594}",322
paper1777,0,0.999676,"{""0"": 0.999676, ""1"": 0.000211, ""2"": 7.2e-05, ""3"": 4.1e-05}",337
paper1778,0,0.795428,"{""0"": 0.795428, ""1"": 0.204445, ""2"": 8.1e-05, ""3"": 4.6e-05}",336
paper1779,0,0.999533,"{""0"": 0.999533, ""1"": 0.000304, ""2"": 0.000104, ""3"": 5.9e-05}",265
paper178,0,0.9996,"{""0"": 0.9996, ""1"": 0.00026, ""2"": 8.9e-05, ""3"": 5.1e-05}",306
paper1780,0,0.999634,"{""0"": 0.999634, ""1"": 0.000239, ""2"": 8.1e-05, ""3"": 4.7e-05}",322
paper1781,0,0.999693,"{""0"": 0.999693, ""1"": 0.0002, ""2"": 6.8e-05, ""3"": 3.9e-05}",388
paper1782,0,0.999647,"{""0"": 0.999647, ""1"": 0.00023, ""2"": 7.8e-05, ""3"": 4.5e-05}",374
paper1783,0,0.99972,"{""0"": 0.99972, ""1"": 0.000183, ""2"": 6.2e-05, ""3"": 3.6e-05}",410
paper1784,0,0.999676,"{""0"": 0.999676, ""1"": 0.000211, ""2"": 7.2e-05, ""3"": 4.1e-05}",370
paper1785,0,0.907247,"{""0"": 0.907247, ""1"": 0.000217, ""2"": 0.092494, ""3"": 4.2e-05}",342
paper1786,0,0.999718,"{""0"": 0.999718, ""1"": 0.000184, ""2"": 6.3e-05, ""3"": 3.6e-05}",402
paper1787,0,0.999695,"{""0"": 0.999695, ""1"": 0.000199, ""2"": 6.8e-05, ""3"": 3.9e-05}",405
paper1788,0,0.999581,"{""0"": 0.999581, ""1"": 0.000273, ""2"": 9.3e-05, ""3"": 5.3e-05}",282
paper1789,0,0.915064,"{""0"": 0.915064, ""1"": 0.05155, ""2"": 0.033338, ""3"": 4.8e-05}",340
paper179,0,0.999564,"{""0"": 0.999564, ""1"": 0.000284, ""2"": 9.7e-05, ""3"": 5.5e-05}",272
paper1790,0,0.984026,"{""0"": 0.984026, ""1"": 0.000244, ""2"": 8.3e-05, ""3"": 0.015647}",344
paper1791,0,0.960516,"{""0"": 0.960516, ""1"": 0.0394, ""2"": 5.3e-05, ""3"": 3.1e-05}",488
paper1792,0,0.999632,"{""0"": 0.999632, ""1"": 0.000239, ""2"": 8.1e-05, ""3"": 4.7e-05}",325
paper1793,0,0.948088,"{""0"": 0.948088, ""1"": 0.035786, ""2"": 0.01609, ""3"": 3.6e-05}",443
paper1794,0,0.913943,"{""0"": 0.913943, ""1"": 0.000234, ""2"": 0.085777, ""3"": 4.6e-05}",331
paper1795,0,0.999632,"{""0"": 0.999632, ""1"": 0.000239, ""2"": 8.1e-05, ""3"": 4.7e-05}",335
paper1796,0,0.809098,"{""0"": 0.809098, ""1"": 0.190774, ""2"": 8.1e-05, ""3"": 4.7e-05}",323
paper1797,0,0.938503,"{""0"": 0.938503, ""1"": 0.061375, ""2"": 7.8e-05, ""3"": 4.5e-05}",351
paper1798,0,0.899416,"{""0"": 0.899416, ""1"": 0.029415, ""2"": 5.7e-05, ""3"": 0.071113}",471
paper1799,0,0.999638,"{""0"": 0.999638, ""1"": 0.000236, ""2"": 8e-05, ""3"": 4.6e-05}",339
paper18,0,0.970568,"{""0"": 0.970568, ""1"": 0.02931, ""2"": 7.8e-05, ""3"": 4.5e-05}",313
paper180,0,0.988369,"{""0"": 0.988369, ""1"": 0.00018, ""2"": 0.011415, ""3"": 3.5e-05}",392
paper1800,0,0.976715,"{""0"": 0.976715, ""1"": 0.023181, ""2"": 6.6e-05, ""3"": 3.8e-05}",404
paper1801,0,0.972064,"{""0"": 0.972064, ""1"": 0.02781, ""2"": 8e-05, ""3"": 4.6e-05}",325
paper1802,0,0.999731,"{""0"": 0.999731, ""1"": 0.000175, ""2"": 6e-05, ""3"": 3.4e-05}",454
paper1803,0,0.999627,"{""0"": 0.999627, ""1"": 0.000243, ""2"": 8.3e-05, ""3"": 4.8e-05}",345
paper1804,0,0.999656,"{""0"": 0.999656, ""1"": 0.000224, ""2"": 7.6e-05, ""3"": 4.4e-05}",351
paper1805,0,0.999657,"{""0"": 0.999657, ""1"": 0.000223, ""2"": 7.6e-05, ""3"": 4.4e-05}",1132
paper1806,0,0.990799,"{""0"": 0.990799, ""1"": 0.009095, ""2"": 6.7e-05, ""3"": 3.9e-05}",392
paper1807,0,0.999632,"{""0"": 0.999632, ""1"": 0.000239, ""2"": 8.1e-05, ""3"": 4.7e-05}",308
paper1808,0,0.999478,"{""0"": 0.999478, ""1"": 0.00034, ""2"": 0.000116, ""3"": 6.6e-05}",224
paper1809,0,0.999648,"{""0"": 0.999648, ""1"": 0.000229, ""2"": 7.8e-05, ""3"": 4.5e-05}",340
paper181,0,0.999621,"{""0"": 0.999621, ""1"": 0.000247, ""2"": 8.4e-05, ""3"": 4.8e-05}",320
paper1810,0,0.999668,"{""0"": 0.999668, ""1"": 0.000217, ""2"": 7.4e-05, ""3"": 4.2e-05}",358
paper1811,0,0.989193,"{""0"": 0.989193, ""1"": 0.010612, ""2"": 0.000124, ""3"": 7.1e-05}",227
paper1812,0,0.999733,"{""0"": 0.999733, ""1"": 0.000174, ""2"": 5.9e-05, ""3"": 3.4e-05}",428
paper1813,0,0.886713,"{""0"": 0.886713, ""1"": 0.099488, ""2"": 0.013764, ""3"": 3.5e-05}",410
paper1814,0,0.999749,"{""0"": 0.999749, ""1"": 0.000164, ""2"": 5.6e-05, ""3"": 3.2e-05}",1527
paper1815,0,0.999674,"{""0"": 0.999674, ""1"": 0.000212, ""2"": 7.2e-05, ""3"": 4.1e-05}",383
paper1816,0,0.994645,"{""0"": 0.994645, ""1"": 0.000223, ""2"": 7.6e-05, ""3"": 0.005057}",349
paper1817,0,0.97768,"{""0"": 0.97768, ""1"": 0.022226, ""2"": 6e-05, ""3"": 3.4e-05}",451
paper1818,0,0.965057,"{""0"": 0.965057, ""1"": 0.034838, ""2"": 6.6e-05, ""3"": 3.8e-05}",434
paper1819,0,0.9244,"{""0"": 0.9244, ""1"": 0.069462, ""2"": 0.006099, ""3"": 3.9e-05}",376
paper182,0,0.982584,"{""0"": 0.982584, ""1"": 0.000206, ""2"": 7e-05, ""3"": 0.01714}",384
paper1820,0,0.727031,"{""0"": 0.727031, ""1"": 0.272855, ""2"": 7.2e-05, ""3"": 4.2e-05}",330
paper1821,0,0.861867,"{""0"": 0.861867, ""1"": 0.059784, ""2"": 0.078296, ""3"": 5.3e-05}",279
paper1822,0,0.961611,"{""0"": 0.961611, ""1"": 0.008079, ""2"": 6.1e-05, ""3"": 0.030248}",396
paper1823,0,0.999736,"{""0"": 0.999736, ""1"": 0.000172, ""2"": 5.9e-05, ""3"": 3.4e-05}",443
paper1824,0,0.772956,"{""0"": 0.772956, ""1"": 0.188245, ""2"": 0.023285, ""3"": 0.015514}",250
paper1826,0,0.999546,"{""0"": 0.999546, ""1"": 0.000296, ""2"": 0.000101, ""3"": 5.8e-05}",263
paper1827,0,0.99972,"{""0"": 0.99972, ""1"": 0.000183, ""2"": 6.2e-05, ""3"": 3.6e-05}",415
paper1828,0,0.980029,"{""0"": 0.980029, ""1"": 0.019824, ""2"": 9.3e-05, ""3"": 5.3e-05}",291
paper1829,0,0.999592,"{""0"": 0.999592, ""1"": 0.000266, ""2"": 9e-05, ""3"": 5.2e-05}",293
paper183,0,0.999611,"{""0"": 0.999611, ""1"": 0.000253, ""2"": 8.6e-05, ""3"": 4.9e-05}",310
paper1830,0,0.999552,"{""0"": 0.999552, ""1"": 0.000291, ""2"": 9.9e-05, ""3"": 5.7e-05}",290
paper1831,0,0.80538,"{""0"": 0.80538, ""1"": 0.194524, ""2"": 6.1e-05, ""3"": 3.5e-05}",404
paper1832,0,0.837988,"{""0"": 0.837988, ""1"": 0.125441, ""2"": 0.036527, ""3"": 4.4e-05}",383
paper1833,0,0.988285,"{""0"": 0.988285, ""1"": 0.000254, ""2"": 0.011411, ""3"": 5e-05}",316
paper1834,0,0.924775,"{""0"": 0.924775, ""1"": 0.037346, ""2"": 7.6e-05, ""3"": 0.037803}",348
paper1835,0,0.896554,"{""0"": 0.896554, ""1"": 0.000198, ""2"": 6.7e-05, ""3"": 0.103181}",389
paper1836,0,0.999597,"{""0"": 0.999597, ""1"": 0.000262, ""2"": 8.9e-05, ""3"": 5.1e-05}",308
paper1837,0,0.999703,"{""0"": 0.999703, ""1"": 0.000193, ""2"": 6.6e-05, ""3"": 3.8e-05}",419
paper1838,0,0.957742,"{""0"": 0.957742, ""1"": 0.032462, ""2"": 0.009759, ""3"": 3.7e-05}",371
paper1839,0,0.940446,"{""0"": 0.940446, ""1"": 0.04375, ""2"": 0.015779, ""3"": 2.6e-05}",577
paper184,0,0.999535,"{""0"": 0.999535, ""1"": 0.000303, ""2"": 0.000103, ""3"": 5.9e-05}",283
paper1840,0,0.797803,"{""0"": 0.797803, ""1"": 0.202085, ""2"": 7.2e-05, ""3"": 4.1e-05}",367
paper1841,0,0.999672,"{""0"": 0.999672, ""1"": 0.000214, ""2"": 7.3e-05, ""3"": 4.2e-05}",354
paper1842,0,0.970819,"{""0"": 0.970819, ""1"": 0.029055, ""2"": 8e-05, ""3"": 4.6e-05}",345
paper1843,0,0.999688,"{""0"": 0.999688, ""1"": 0.000203, ""2"": 6.9e-05, ""3"": 4e-05}",368
paper1844,0,0.999742,"{""0"": 0.999742, ""1"": 0.000168, ""2"": 5.7e-05, ""3"": 3.3e-05}",438
paper1845,0,0.999613,"{""0"": 0.999613, ""1"": 0.000252, ""2"": 8.6e-05, ""3"": 4.9e-05}",300
paper1846,0,0.83883,"{""0"": 0.83883, ""1"": 0.156259, ""2"": 0.004875, ""3"": 3.6e-05}",421
paper1847,0,0.889971,"{""0"": 0.889971, ""1"": 0.10994, ""2"": 5.7e-05, ""3"": 3.3e-05}",431
paper1848,0,0.999931,"{""0"": 0.999931, ""1"": 4.5e-05, ""2"": 1.5e-05, ""3"": 9e-06}",1732
paper1849,0,0.960379,"{""0"": 0.960379, ""1"": 0.039527, ""2"": 6e-05, ""3"": 3.4e-05}",429
paper185,0,0.999774,"{""0"": 0.999774, ""1"": 0.000147, ""2"": 5e-05, ""3"": 2.9e-05}",507
paper1850,0,0.99954,"{""0"": 0.99954, ""1"": 0.0003, ""2"": 0.000102, ""3"": 5.9e-05}",301
paper1851,0,0.999621,"{""0"": 0.999621, ""1"": 0.000247, ""2"": 8.4e-05, ""3"": 4.8e-05}",349
paper1852,0,0.999747,"{""0"": 0.999747, ""1"": 0.000165, ""2"": 5.6e-05, ""3"": 3.2e-05}",463
paper1853,0,0.999659,"{""0"": 0.999659, ""1"": 0.000222, ""2"": 7.5e-05, ""3"": 4.3e-05}",361
paper1854,0,0.999763,"{""0"": 0.999763, ""1"": 0.000154, ""2"": 5.3e-05, ""3"": 3e-05}",493
paper1855,0,0.999639,"{""0"": 0.999639, ""1"": 0.000235, ""2"": 8e-05, ""3"": 4.6e-05}",339
paper1856,0,0.999757,"{""0"": 0.999757, ""1"": 0.000158, ""2"": 5.4e-05, ""3"": 3.1e-05}",481
paper1857,0,0.903759,"{""0"": 0.903759, ""1"": 0.096101, ""2"": 8.9e-05, ""3"": 5.1e-05}",312
paper1858,0,0.999738,"{""0"": 0.999738, ""1"": 0.00017, ""2"": 5.8e-05, ""3"": 3.3e-05}",442
paper1859,0,0.99969,"{""0"": 0.99969, ""1"": 0.000202, ""2"": 6.9e-05, ""3"": 3.9e-05}",424
paper186,0,0.999594,"{""0"": 0.999594, ""1"": 0.000265, ""2"": 9e-05, ""3"": 5.2e-05}",290
paper1860,0,0.992466,"{""0"": 0.992466, ""1"": 0.007395, ""2"": 8.8e-05, ""3"": 5.1e-05}",306
paper1861,0,0.967132,"{""0"": 0.967132, ""1"": 0.016614, ""2"": 0.016239, ""3"": 1.5e-05}",1054
paper1862,0,0.999521,"{""0"": 0.999521, ""1"": 0.000312, ""2"": 0.000106, ""3"": 6.1e-05}",253
paper1863,0,0.999557,"{""0"": 0.999557, ""1"": 0.000289, ""2"": 9.8e-05, ""3"": 5.6e-05}",282
paper1864,0,0.999676,"{""0"": 0.999676, ""1"": 0.000211, ""2"": 7.2e-05, ""3"": 4.1e-05}",370
paper1865,0,0.999594,"{""0"": 0.999594, ""1"": 0.000265, ""2"": 9e-05, ""3"": 5.2e-05}",277
paper1866,0,0.999933,"{""0"": 0.999933, ""1"": 4.3e-05, ""2"": 1.5e-05, ""3"": 8e-06}",1532
paper1867,0,0.999632,"{""0"": 0.999632, ""1"": 0.000239, ""2"": 8.1e-05, ""3"": 4.7e-05}",321
paper1868,0,0.999604,"{""0"": 0.999604, ""1"": 0.000258, ""2"": 8.8e-05, ""3"": 5e-05}",298
paper1869,0,0.990647,"{""0"": 0.990647, ""1"": 0.000168, ""2"": 5.7e-05, ""3"": 0.009128}",460
paper187,0,0.924686,"{""0"": 0.924686, ""1"": 0.075204, ""2"": 7e-05, ""3"": 4e-05}",402
paper1870,0,0.999599,"{""0"": 0.999599, ""1"": 0.000261, ""2"": 8.9e-05, ""3"": 5.1e-05}",301
paper1871,0,0.999587,"{""0"": 0.999587, ""1"": 0.000269, ""2"": 9.2e-05, ""3"": 5.3e-05}",287
paper1872,0,0.999629,"{""0"": 0.999629, ""1"": 0.000241, ""2"": 8.2e-05, ""3"": 4.7e-05}",309
paper1873,0,0.963593,"{""0"": 0.963593, ""1"": 0.000193, ""2"": 0.036177, ""3"": 3.8e-05}",371
paper1874,0,0.999636,"{""0"": 0.999636, ""1"": 0.000237, ""2"": 8.1e-05, ""3"": 4.6e-05}",309
paper1875,0,0.938091,"{""0"": 0.938091, ""1"": 0.000103, ""2"": 0.061786, ""3"": 2e-05}",1614
paper1876,0,0.999472,"{""0"": 0.999472, ""1"": 0.000344, ""2"": 0.000117, ""3"": 6.7e-05}",230
paper1877,0,0.999504,"{""0"": 0.999504, ""1"": 0.000323, ""2"": 0.00011, ""3"": 6.3e-05}",242
paper1878,0,0.999574,"{""0"": 0.999574, ""1"": 0.000277, ""2"": 9.4e-05, ""3"": 5.4e-05}",276
paper1879,0,0.999466,"{""0"": 0.999466, ""1"": 0.000348, ""2"": 0.000118, ""3"": 6.8e-05}",243
paper188,0,0.901194,"{""0"": 0.901194, ""1"": 0.098711, ""2"": 6e-05, ""3"": 3.5e-05}",422
paper1880,0,0.999574,"{""0"": 0.999574, ""1"": 0.000277, ""2"": 9.4e-05, ""3"": 5.4e-05}",299
paper1881,0,0.865094,"{""0"": 0.865094, ""1"": 0.118446, ""2"": 0.016413, ""3"": 4.7e-05}",326
paper1882,0,0.999625,"{""0"": 0.999625, ""1"": 0.000244, ""2"": 8.3e-05, ""3"": 4.8e-05}",335
paper1883,0,0.832883,"{""0"": 0.832883, ""1"": 0.166992, ""2"": 7.9e-05, ""3"": 4.6e-05}",330
paper1884,0,0.999627,"{""0"": 0.999627, ""1"": 0.000243, ""2"": 8.3e-05, ""3"": 4.8e-05}",329
paper1885,0,0.885908,"{""0"": 0.885908, ""1"": 0.113983, ""2"": 6.9e-05, ""3"": 4e-05}",352
paper1886,0,0.999717,"{""0"": 0.999717, ""1"": 0.000184, ""2"": 6.3e-05, ""3"": 3.6e-05}",409
paper1887,0,0.856539,"{""0"": 0.856539, ""1"": 0.143367, ""2"": 5.9e-05, ""3"": 3.4e-05}",423
paper1888,0,0.999674,"{""0"": 0.999674, ""1"": 0.000212, ""2"": 7.2e-05, ""3"": 4.1e-05}",356
paper1889,0,0.999711,"{""0"": 0.999711, ""1"": 0.000188, ""2"": 6.4e-05, ""3"": 3.7e-05}",428
paper189,0,0.96024,"{""0"": 0.96024, ""1"": 0.039648, ""2"": 7.1e-05, ""3"": 4.1e-05}",365
paper1890,0,0.999646,"{""0"": 0.999646, ""1"": 0.000231, ""2"": 7.8e-05, ""3"": 4.5e-05}",354
paper1891,0,0.866347,"{""0"": 0.866347, ""1"": 0.133528, ""2"": 8e-05, ""3"": 4.6e-05}",348
paper1892,0,0.843868,"{""0"": 0.843868, ""1"": 0.156024, ""2"": 6.9e-05, ""3"": 3.9e-05}",374
paper1893,0,0.798977,"{""0"": 0.798977, ""1"": 0.175658, ""2"": 0.025316, ""3"": 4.9e-05}",311
paper1894,0,0.918186,"{""0"": 0.918186, ""1"": 0.075289, ""2"": 0.006488, ""3"": 3.7e-05}",394
paper1895,0,0.999731,"{""0"": 0.999731, ""1"": 0.000175, ""2"": 6e-05, ""3"": 3.4e-05}",440
paper1896,0,0.726368,"{""0"": 0.726368, ""1"": 0.273607, ""2"": 1.6e-05, ""3"": 9e-06}",1492
paper1897,0,0.842854,"{""0"": 0.842854, ""1"": 0.000115, ""2"": 3.9e-05, ""3"": 0.156993}",619
paper1898,0,0.999528,"{""0"": 0.999528, ""1"": 0.000307, ""2"": 0.000104, ""3"": 6e-05}",239
paper1899,0,0.987701,"{""0"": 0.987701, ""1"": 0.012177, ""2"": 7.8e-05, ""3"": 4.5e-05}",360
paper19,0,0.923536,"{""0"": 0.923536, ""1"": 0.076355, ""2"": 6.9e-05, ""3"": 4e-05}",366
paper190,0,0.967671,"{""0"": 0.967671, ""1"": 0.032235, ""2"": 6e-05, ""3"": 3.4e-05}",435
paper1900,0,0.980667,"{""0"": 0.980667, ""1"": 0.000238, ""2"": 8.1e-05, ""3"": 0.019014}",320
paper1901,0,0.722848,"{""0"": 0.722848, ""1"": 0.210533, ""2"": 5e-05, ""3"": 0.066569}",494
paper1902,0,0.976071,"{""0"": 0.976071, ""1"": 0.000199, ""2"": 0.023691, ""3"": 3.9e-05}",385
paper1903,0,0.999604,"{""0"": 0.999604, ""1"": 0.000258, ""2"": 8.8e-05, ""3"": 5e-05}",304
paper1904,0,0.999629,"{""0"": 0.999629, ""1"": 0.000241, ""2"": 8.2e-05, ""3"": 4.7e-05}",310
paper1905,0,0.990469,"{""0"": 0.990469, ""1"": 0.009441, ""2"": 5.7e-05, ""3"": 3.3e-05}",439
paper1906,0,0.999583,"{""0"": 0.999583, ""1"": 0.000271, ""2"": 9.2e-05, ""3"": 5.3e-05}",335
paper1907,0,0.946237,"{""0"": 0.946237, ""1"": 0.053651, ""2"": 7.1e-05, ""3"": 4.1e-05}",354
paper1908,0,0.999709,"{""0"": 0.999709, ""1"": 0.000189, ""2"": 6.4e-05, ""3"": 3.7e-05}",398
paper1909,0,0.794659,"{""0"": 0.794659, ""1"": 0.205239, ""2"": 6.5e-05, ""3"": 3.7e-05}",397
paper191,0,0.888445,"{""0"": 0.888445, ""1"": 0.111393, ""2"": 0.000103, ""3"": 5.9e-05}",227
paper1910,0,0.999668,"{""0"": 0.999668, ""1"": 0.000216, ""2"": 7.4e-05, ""3"": 4.2e-05}",398
paper1911,0,0.999615,"{""0"": 0.999615, ""1"": 0.000251, ""2"": 8.5e-05, ""3"": 4.9e-05}",309
paper1912,0,0.935971,"{""0"": 0.935971, ""1"": 0.000171, ""2"": 5.8e-05, ""3"": 0.0638}",467
paper1913,0,0.987813,"{""0"": 0.987813, ""1"": 0.012099, ""2"": 5.5e-05, ""3"": 3.2e-05}",482
paper1914,0,0.960394,"{""0"": 0.960394, ""1"": 0.031087, ""2"": 0.008467, ""3"": 5.1e-05}",314
paper1915,0,0.952396,"{""0"": 0.952396, ""1"": 0.047497, ""2"": 6.8e-05, ""3"": 3.9e-05}",381
paper1916,0,0.999793,"{""0"": 0.999793, ""1"": 0.000135, ""2"": 4.6e-05, ""3"": 2.6e-05}",544
paper1917,0,0.999699,"{""0"": 0.999699, ""1"": 0.000196, ""2"": 6.7e-05, ""3"": 3.8e-05}",407
paper1918,0,0.99968,"{""0"": 0.99968, ""1"": 0.000209, ""2"": 7.1e-05, ""3"": 4.1e-05}",382
paper1919,0,0.999562,"{""0"": 0.999562, ""1"": 0.000285, ""2"": 9.7e-05, ""3"": 5.6e-05}",308
paper192,0,0.872857,"{""0"": 0.872857, ""1"": 0.127043, ""2"": 6.3e-05, ""3"": 3.6e-05}",407
paper1920,0,0.999725,"{""0"": 0.999725, ""1"": 0.000179, ""2"": 6.1e-05, ""3"": 3.5e-05}",425
paper1921,0,0.999657,"{""0"": 0.999657, ""1"": 0.000224, ""2"": 7.6e-05, ""3"": 4.4e-05}",340
paper1922,0,0.999749,"{""0"": 0.999749, ""1"": 0.000163, ""2"": 5.6e-05, ""3"": 3.2e-05}",475
paper1923,0,0.976715,"{""0"": 0.976715, ""1"": 0.023181, ""2"": 6.6e-05, ""3"": 3.8e-05}",404
paper1924,0,0.999677,"{""0"": 0.999677, ""1"": 0.00021, ""2"": 7.1e-05, ""3"": 4.1e-05}",369
paper1925,0,0.9663,"{""0"": 0.9663, ""1"": 0.033534, ""2"": 0.000106, ""3"": 6.1e-05}",270
paper1926,0,0.999537,"{""0"": 0.999537, ""1"": 0.000301, ""2"": 0.000103, ""3"": 5.9e-05}",269
paper1927,0,0.999644,"{""0"": 0.999644, ""1"": 0.000232, ""2"": 7.9e-05, ""3"": 4.5e-05}",319
paper1928,0,0.999656,"{""0"": 0.999656, ""1"": 0.000224, ""2"": 7.6e-05, ""3"": 4.4e-05}",345
paper1929,0,0.969062,"{""0"": 0.969062, ""1"": 0.030748, ""2"": 0.00012, ""3"": 6.9e-05}",215
paper193,0,0.867827,"{""0"": 0.867827, ""1"": 0.132069, ""2"": 6.6e-05, ""3"": 3.8e-05}",385
paper1930,0,0.999674,"{""0"": 0.999674, ""1"": 0.000212, ""2"": 7.2e-05, ""3"": 4.1e-05}",375
paper1931,0,0.965057,"{""0"": 0.965057, ""1"": 0.034839, ""2"": 6.6e-05, ""3"": 3.8e-05}",434
paper1932,0,0.961612,"{""0"": 0.961612, ""1"": 0.008078, ""2"": 6.1e-05, ""3"": 0.030248}",396
paper1933,0,0.992438,"{""0"": 0.992438, ""1"": 0.000227, ""2"": 7.7e-05, ""3"": 0.007258}",329
paper1934,0,0.951209,"{""0"": 0.951209, ""1"": 0.048645, ""2"": 9.3e-05, ""3"": 5.3e-05}",304
paper1935,0,0.999916,"{""0"": 0.999916, ""1"": 5.4e-05, ""2"": 1.9e-05, ""3"": 1.1e-05}",1367
paper1936,0,0.948359,"{""0"": 0.948359, ""1"": 0.047486, ""2"": 0.004119, ""3"": 3.7e-05}",412
paper1937,0,0.999632,"{""0"": 0.999632, ""1"": 0.000239, ""2"": 8.1e-05, ""3"": 4.7e-05}",352
paper1938,0,0.999622,"{""0"": 0.999622, ""1"": 0.000246, ""2"": 8.4e-05, ""3"": 4.8e-05}",279
paper1939,0,0.999703,"{""0"": 0.999703, ""1"": 0.000193, ""2"": 6.6e-05, ""3"": 3.8e-05}",446
paper194,0,0.857211,"{""0"": 0.857211, ""1"": 0.142676, ""2"": 7.2e-05, ""3"": 4.1e-05}",342
paper1940,0,0.999715,"{""0"": 0.999715, ""1"": 0.000186, ""2"": 6.3e-05, ""3"": 3.6e-05}",425
paper1941,0,0.999674,"{""0"": 0.999674, ""1"": 0.000212, ""2"": 7.2e-05, ""3"": 4.1e-05}",342
paper1942,0,0.999612,"{""0"": 0.999612, ""1"": 0.000253, ""2"": 8.6e-05, ""3"": 4.9e-05}",303
paper1943,0,0.99969,"{""0"": 0.99969, ""1"": 0.000202, ""2"": 6.9e-05, ""3"": 3.9e-05}",385
paper1944,0,0.999535,"{""0"": 0.999535, ""1"": 0.000303, ""2"": 0.000103, ""3"": 5.9e-05}",245
paper1945,0,0.999369,"{""0"": 0.999369, ""1"": 0.000411, ""2"": 0.00014, ""3"": 8e-05}",186
paper1946,0,0.994838,"{""0"": 0.994838, ""1"": 0.00504, ""2"": 7.7e-05, ""3"": 4.4e-05}",339
paper1947,0,0.867381,"{""0"": 0.867381, ""1"": 0.132486, ""2"": 8.4e-05, ""3"": 4.8e-05}",295
paper1948,0,0.991868,"{""0"": 0.991868, ""1"": 0.007992, ""2"": 8.9e-05, ""3"": 5.1e-05}",292
paper1949,0,0.999675,"{""0"": 0.999675, ""1"": 0.000211, ""2"": 7.2e-05, ""3"": 4.1e-05}",349
paper195,0,0.97843,"{""0"": 0.97843, ""1"": 0.021452, ""2"": 7.5e-05, ""3"": 4.3e-05}",338
paper1950,0,0.955931,"{""0"": 0.955931, ""1"": 0.000209, ""2"": 0.037732, ""3"": 0.006127}",574
paper1951,0,0.999548,"{""0"": 0.999548, ""1"": 0.000294, ""2"": 0.0001, ""3"": 5.7e-05}",242
paper1952,0,0.99957,"{""0"": 0.99957, ""1"": 0.00028, ""2"": 9.5e-05, ""3"": 5.5e-05}",261
paper1953,0,0.873267,"{""0"": 0.873267, ""1"": 0.126562, ""2"": 0.000108, ""3"": 6.2e-05}",242
paper1954,0,0.999559,"{""0"": 0.999559, ""1"": 0.000287, ""2"": 9.8e-05, ""3"": 5.6e-05}",258
paper1955,0,0.999605,"{""0"": 0.999605, ""1"": 0.000257, ""2"": 8.7e-05, ""3"": 5e-05}",287
paper1956,0,0.999674,"{""0"": 0.999674, ""1"": 0.000212, ""2"": 7.2e-05, ""3"": 4.1e-05}",338
paper1957,0,0.987841,"{""0"": 0.987841, ""1"": 0.000255, ""2"": 8.7e-05, ""3"": 0.011818}",293
paper1958,0,0.999517,"{""0"": 0.999517, ""1"": 0.000315, ""2"": 0.000107, ""3"": 6.2e-05}",250
paper1959,0,0.999578,"{""0"": 0.999578, ""1"": 0.000275, ""2"": 9.4e-05, ""3"": 5.4e-05}",269
paper196,0,0.947747,"{""0"": 0.947747, ""1"": 0.05215, ""2"": 6.6e-05, ""3"": 3.8e-05}",394
paper1960,0,0.999742,"{""0"": 0.999742, ""1"": 0.000168, ""2"": 5.7e-05, ""3"": 3.3e-05}",424
paper1961,0,0.999751,"{""0"": 0.999751, ""1"": 0.000162, ""2"": 5.5e-05, ""3"": 3.2e-05}",459
paper1962,0,0.999554,"{""0"": 0.999554, ""1"": 0.00029, ""2"": 9.9e-05, ""3"": 5.7e-05}",261
paper1963,0,0.99954,"{""0"": 0.99954, ""1"": 0.0003, ""2"": 0.000102, ""3"": 5.9e-05}",232
paper1964,0,0.999558,"{""0"": 0.999558, ""1"": 0.000288, ""2"": 9.8e-05, ""3"": 5.6e-05}",273
paper1965,0,0.999616,"{""0"": 0.999616, ""1"": 0.00025, ""2"": 8.5e-05, ""3"": 4.9e-05}",292
paper1966,0,0.999578,"{""0"": 0.999578, ""1"": 0.000275, ""2"": 9.4e-05, ""3"": 5.4e-05}",259
paper1967,0,0.999631,"{""0"": 0.999631, ""1"": 0.00024, ""2"": 8.2e-05, ""3"": 4.7e-05}",308
paper1968,0,0.999673,"{""0"": 0.999673, ""1"": 0.000213, ""2"": 7.2e-05, ""3"": 4.2e-05}",398
paper1969,0,0.989936,"{""0"": 0.989936, ""1"": 0.000265, ""2"": 0.009748, ""3"": 5.2e-05}",278
paper197,0,0.930124,"{""0"": 0.930124, ""1"": 0.030995, ""2"": 0.038848, ""3"": 3.3e-05}",436
paper1970,0,0.999441,"{""0"": 0.999441, ""1"": 0.000364, ""2"": 0.000124, ""3"": 7.1e-05}",212
paper1971,0,0.999537,"{""0"": 0.999537, ""1"": 0.000301, ""2"": 0.000102, ""3"": 5.9e-05}",257
paper1972,0,0.9993,"{""0"": 0.9993, ""1"": 0.000456, ""2"": 0.000155, ""3"": 8.9e-05}",155
paper1973,0,0.99969,"{""0"": 0.99969, ""1"": 0.000202, ""2"": 6.9e-05, ""3"": 3.9e-05}",349
paper1974,0,0.999612,"{""0"": 0.999612, ""1"": 0.000253, ""2"": 8.6e-05, ""3"": 4.9e-05}",302
paper1975,0,0.99948,"{""0"": 0.99948, ""1"": 0.000338, ""2"": 0.000115, ""3"": 6.6e-05}",242
paper1976,0,0.999554,"{""0"": 0.999554, ""1"": 0.00029, ""2"": 9.9e-05, ""3"": 5.7e-05}",252
paper1977,0,0.999435,"{""0"": 0.999435, ""1"": 0.000368, ""2"": 0.000125, ""3"": 7.2e-05}",243
paper1978,0,0.999489,"{""0"": 0.999489, ""1"": 0.000333, ""2"": 0.000113, ""3"": 6.5e-05}",224
paper1979,0,0.981439,"{""0"": 0.981439, ""1"": 0.000318, ""2"": 0.000108, ""3"": 0.018135}",227
paper198,0,0.999625,"{""0"": 0.999625, ""1"": 0.000244, ""2"": 8.3e-05, ""3"": 4.8e-05}",298
paper1980,0,0.999618,"{""0"": 0.999618, ""1"": 0.000249, ""2"": 8.5e-05, ""3"": 4.9e-05}",316
paper1981,0,0.999638,"{""0"": 0.999638, ""1"": 0.000236, ""2"": 8e-05, ""3"": 4.6e-05}",338
paper1982,0,0.999572,"{""0"": 0.999572, ""1"": 0.000279, ""2"": 9.5e-05, ""3"": 5.4e-05}",283
paper1983,0,0.999707,"{""0"": 0.999707, ""1"": 0.000191, ""2"": 6.5e-05, ""3"": 3.7e-05}",373
paper1984,0,0.999673,"{""0"": 0.999673, ""1"": 0.000213, ""2"": 7.2e-05, ""3"": 4.2e-05}",359
paper1985,0,0.999685,"{""0"": 0.999685, ""1"": 0.000205, ""2"": 7e-05, ""3"": 4e-05}",366
paper1986,0,0.999632,"{""0"": 0.999632, ""1"": 0.00024, ""2"": 8.1e-05, ""3"": 4.7e-05}",342
paper1987,0,0.99956,"{""0"": 0.99956, ""1"": 0.000286, ""2"": 9.7e-05, ""3"": 5.6e-05}",260
paper1988,0,0.999595,"{""0"": 0.999595, ""1"": 0.000264, ""2"": 9e-05, ""3"": 5.1e-05}",281
paper1989,0,0.999435,"{""0"": 0.999435, ""1"": 0.000368, ""2"": 0.000125, ""3"": 7.2e-05}",213
paper199,0,0.999779,"{""0"": 0.999779, ""1"": 0.000144, ""2"": 4.9e-05, ""3"": 2.8e-05}",521
paper1990,0,0.982859,"{""0"": 0.982859, ""1"": 0.016999, ""2"": 9e-05, ""3"": 5.2e-05}",270
paper1991,0,0.999631,"{""0"": 0.999631, ""1"": 0.00024, ""2"": 8.2e-05, ""3"": 4.7e-05}",341
paper1992,0,0.99469,"{""0"": 0.99469, ""1"": 0.000212, ""2"": 0.005056, ""3"": 4.1e-05}",374
paper1993,0,0.999629,"{""0"": 0.999629, ""1"": 0.000241, ""2"": 8.2e-05, ""3"": 4.7e-05}",293
paper1994,0,0.999585,"{""0"": 0.999585, ""1"": 0.00027, ""2"": 9.2e-05, ""3"": 5.3e-05}",246
paper1995,0,0.999643,"{""0"": 0.999643, ""1"": 0.000232, ""2"": 7.9e-05, ""3"": 4.5e-05}",322
paper1996,0,0.934512,"{""0"": 0.934512, ""1"": 0.056018, ""2"": 7.7e-05, ""3"": 0.009393}",320
paper1997,0,0.999613,"{""0"": 0.999613, ""1"": 0.000252, ""2"": 8.6e-05, ""3"": 4.9e-05}",307
paper1998,0,0.800508,"{""0"": 0.800508, ""1"": 0.19933, ""2"": 0.000103, ""3"": 5.9e-05}",253
paper1999,0,0.999568,"{""0"": 0.999568, ""1"": 0.000281, ""2"": 9.6e-05, ""3"": 5.5e-05}",294
paper2,0,0.999754,"{""0"": 0.999754, ""1"": 0.00016, ""2"": 5.5e-05, ""3"": 3.1e-05}",464
paper20,0,0.970855,"{""0"": 0.970855, ""1"": 0.029059, ""2"": 5.4e-05, ""3"": 3.1e-05}",478
paper200,0,0.999632,"{""0"": 0.999632, ""1"": 0.000239, ""2"": 8.1e-05, ""3"": 4.7e-05}",301
paper2000,0,0.999639,"{""0"": 0.999639, ""1"": 0.000235, ""2"": 8e-05, ""3"": 4.6e-05}",314
paper2001,0,0.99955,"{""0"": 0.99955, ""1"": 0.000293, ""2"": 0.0001, ""3"": 5.7e-05}",249
paper2002,0,0.999602,"{""0"": 0.999602, ""1"": 0.000259, ""2"": 8.8e-05, ""3"": 5.1e-05}",290
paper2003,0,0.888836,"{""0"": 0.888836, ""1"": 0.10828, ""2"": 9.3e-05, ""3"": 0.002791}",314
paper2004,0,0.87987,"{""0"": 0.87987, ""1"": 0.119953, ""2"": 0.000112, ""3"": 6.4e-05}",273
paper2005,0,0.999583,"{""0"": 0.999583, ""1"": 0.000271, ""2"": 9.2e-05, ""3"": 5.3e-05}",272
paper2006,0,0.999616,"{""0"": 0.999616, ""1"": 0.00025, ""2"": 8.5e-05, ""3"": 4.9e-05}",291
paper2007,0,0.99946,"{""0"": 0.99946, ""1"": 0.000352, ""2"": 0.00012, ""3"": 6.9e-05}",209
paper2008,0,0.999906,"{""0"": 0.999906, ""1"": 6.1e-05, ""2"": 2.1e-05, ""3"": 1.2e-05}",1335
paper2009,0,0.999392,"{""0"": 0.999392, ""1"": 0.000396, ""2"": 0.000135, ""3"": 7.7e-05}",220
paper201,0,0.9997,"{""0"": 0.9997, ""1"": 0.000195, ""2"": 6.6e-05, ""3"": 3.8e-05}",398
paper2010,0,0.999453,"{""0"": 0.999453, ""1"": 0.000356, ""2"": 0.000121, ""3"": 7e-05}",204
paper2011,0,0.9996,"{""0"": 0.9996, ""1"": 0.00026, ""2"": 8.9e-05, ""3"": 5.1e-05}",289
paper2012,0,0.999621,"{""0"": 0.999621, ""1"": 0.000247, ""2"": 8.4e-05, ""3"": 4.8e-05}",302
paper2013,0,0.999705,"{""0"": 0.999705, ""1"": 0.000192, ""2"": 6.5e-05, ""3"": 3.8e-05}",375
paper2014,0,0.94219,"{""0"": 0.94219, ""1"": 0.057677, ""2"": 8.4e-05, ""3"": 4.8e-05}",285
paper2015,0,0.970715,"{""0"": 0.970715, ""1"": 0.029147, ""2"": 8.7e-05, ""3"": 5e-05}",295
paper2016,0,0.999568,"{""0"": 0.999568, ""1"": 0.000281, ""2"": 9.6e-05, ""3"": 5.5e-05}",258
paper2017,0,0.999583,"{""0"": 0.999583, ""1"": 0.000271, ""2"": 9.2e-05, ""3"": 5.3e-05}",283
paper2018,0,0.999736,"{""0"": 0.999736, ""1"": 0.000172, ""2"": 5.9e-05, ""3"": 3.4e-05}",418
paper2019,0,0.99964,"{""0"": 0.99964, ""1"": 0.000234, ""2"": 8e-05, ""3"": 4.6e-05}",299
paper202,0,0.999581,"{""0"": 0.999581, ""1"": 0.000273, ""2"": 9.3e-05, ""3"": 5.3e-05}",265
paper2020,0,0.999594,"{""0"": 0.999594, ""1"": 0.000265, ""2"": 9e-05, ""3"": 5.2e-05}",288
paper2021,0,0.999742,"{""0"": 0.999742, ""1"": 0.000168, ""2"": 5.7e-05, ""3"": 3.3e-05}",424
paper2022,0,0.999587,"{""0"": 0.999587, ""1"": 0.000269, ""2"": 9.2e-05, ""3"": 5.3e-05}",280
paper2023,0,0.999643,"{""0"": 0.999643, ""1"": 0.000232, ""2"": 7.9e-05, ""3"": 4.5e-05}",333
paper2024,0,0.999706,"{""0"": 0.999706, ""1"": 0.000191, ""2"": 6.5e-05, ""3"": 3.7e-05}",369
paper2025,0,0.999599,"{""0"": 0.999599, ""1"": 0.000261, ""2"": 8.9e-05, ""3"": 5.1e-05}",270
paper2026,0,0.999628,"{""0"": 0.999628, ""1"": 0.000242, ""2"": 8.2e-05, ""3"": 4.7e-05}",305
paper2027,0,0.999644,"{""0"": 0.999644, ""1"": 0.000232, ""2"": 7.9e-05, ""3"": 4.5e-05}",322
paper2028,0,0.99959,"{""0"": 0.99959, ""1"": 0.000267, ""2"": 9.1e-05, ""3"": 5.2e-05}",296
paper2029,0,0.999604,"{""0"": 0.999604, ""1"": 0.000258, ""2"": 8.8e-05, ""3"": 5e-05}",297
paper203,0,0.99948,"{""0"": 0.99948, ""1"": 0.000338, ""2"": 0.000115, ""3"": 6.6e-05}",231
paper2030,0,0.999661,"{""0"": 0.999661, ""1"": 0.000221, ""2"": 7.5e-05, ""3"": 4.3e-05}",340
paper2031,0,0.999576,"{""0"": 0.999576, ""1"": 0.000276, ""2"": 9.4e-05, ""3"": 5.4e-05}",303
paper2032,0,0.999535,"{""0"": 0.999535, ""1"": 0.000303, ""2"": 0.000103, ""3"": 5.9e-05}",261
paper2033,0,0.999568,"{""0"": 0.999568, ""1"": 0.000281, ""2"": 9.6e-05, ""3"": 5.5e-05}",278
paper2034,0,0.999612,"{""0"": 0.999612, ""1"": 0.000253, ""2"": 8.6e-05, ""3"": 4.9e-05}",309
paper2035,0,0.999421,"{""0"": 0.999421, ""1"": 0.000377, ""2"": 0.000128, ""3"": 7.4e-05}",207
paper2036,0,0.999578,"{""0"": 0.999578, ""1"": 0.000275, ""2"": 9.4e-05, ""3"": 5.4e-05}",265
paper2037,0,0.999441,"{""0"": 0.999441, ""1"": 0.000364, ""2"": 0.000124, ""3"": 7.1e-05}",1461
paper2038,0,0.992387,"{""0"": 0.992387, ""1"": 0.000205, ""2"": 0.007369, ""3"": 4e-05}",350
paper2039,0,0.999767,"{""0"": 0.999767, ""1"": 0.000152, ""2"": 5.2e-05, ""3"": 3e-05}",477
paper204,0,0.999711,"{""0"": 0.999711, ""1"": 0.000188, ""2"": 6.4e-05, ""3"": 3.7e-05}",393
paper2040,0,0.999616,"{""0"": 0.999616, ""1"": 0.00025, ""2"": 8.5e-05, ""3"": 4.9e-05}",284
paper2041,0,0.912363,"{""0"": 0.912363, ""1"": 0.087476, ""2"": 0.000102, ""3"": 5.9e-05}",237
paper2042,0,0.999488,"{""0"": 0.999488, ""1"": 0.000333, ""2"": 0.000113, ""3"": 6.5e-05}",226
paper2043,0,0.999671,"{""0"": 0.999671, ""1"": 0.000214, ""2"": 7.3e-05, ""3"": 4.2e-05}",357
paper2044,0,0.999499,"{""0"": 0.999499, ""1"": 0.000326, ""2"": 0.000111, ""3"": 6.4e-05}",223
paper2045,0,0.999734,"{""0"": 0.999734, ""1"": 0.000173, ""2"": 5.9e-05, ""3"": 3.4e-05}",419
paper2046,0,0.999856,"{""0"": 0.999856, ""1"": 9.4e-05, ""2"": 3.2e-05, ""3"": 1.8e-05}",790
paper2047,0,0.996177,"{""0"": 0.996177, ""1"": 0.003721, ""2"": 6.5e-05, ""3"": 3.7e-05}",405
paper2048,0,0.989109,"{""0"": 0.989109, ""1"": 0.010731, ""2"": 0.000102, ""3"": 5.8e-05}",241
paper2049,0,0.999432,"{""0"": 0.999432, ""1"": 0.00037, ""2"": 0.000126, ""3"": 7.2e-05}",199
paper205,0,0.999665,"{""0"": 0.999665, ""1"": 0.000218, ""2"": 7.4e-05, ""3"": 4.3e-05}",357
paper2050,0,0.999635,"{""0"": 0.999635, ""1"": 0.000238, ""2"": 8.1e-05, ""3"": 4.6e-05}",306
paper2051,0,0.991297,"{""0"": 0.991297, ""1"": 0.000188, ""2"": 0.008479, ""3"": 3.7e-05}",422
paper2052,0,0.999613,"{""0"": 0.999613, ""1"": 0.000252, ""2"": 8.6e-05, ""3"": 4.9e-05}",317
paper2053,0,0.999595,"{""0"": 0.999595, ""1"": 0.000263, ""2"": 9e-05, ""3"": 5.1e-05}",287
paper2054,0,0.999632,"{""0"": 0.999632, ""1"": 0.000239, ""2"": 8.1e-05, ""3"": 4.7e-05}",311
paper2055,0,0.999607,"{""0"": 0.999607, ""1"": 0.000256, ""2"": 8.7e-05, ""3"": 5e-05}",320
paper2056,0,0.999699,"{""0"": 0.999699, ""1"": 0.000196, ""2"": 6.7e-05, ""3"": 3.8e-05}",403
paper2057,0,0.999664,"{""0"": 0.999664, ""1"": 0.000219, ""2"": 7.4e-05, ""3"": 4.3e-05}",336
paper2058,0,0.99968,"{""0"": 0.99968, ""1"": 0.000209, ""2"": 7.1e-05, ""3"": 4.1e-05}",351
paper2059,0,0.999579,"{""0"": 0.999579, ""1"": 0.000274, ""2"": 9.3e-05, ""3"": 5.4e-05}",269
paper206,0,0.99977,"{""0"": 0.99977, ""1"": 0.00015, ""2"": 5.1e-05, ""3"": 2.9e-05}",523
paper2060,0,0.999633,"{""0"": 0.999633, ""1"": 0.000239, ""2"": 8.1e-05, ""3"": 4.7e-05}",335
paper2061,0,0.999646,"{""0"": 0.999646, ""1"": 0.000231, ""2"": 7.8e-05, ""3"": 4.5e-05}",309
paper2062,0,0.999734,"{""0"": 0.999734, ""1"": 0.000173, ""2"": 5.9e-05, ""3"": 3.4e-05}",447
paper2063,0,0.905288,"{""0"": 0.905288, ""1"": 0.094535, ""2"": 0.000113, ""3"": 6.5e-05}",235
paper2064,0,0.945418,"{""0"": 0.945418, ""1"": 0.054496, ""2"": 5.5e-05, ""3"": 3.2e-05}",456
paper2065,0,0.970379,"{""0"": 0.970379, ""1"": 0.02946, ""2"": 0.000102, ""3"": 5.9e-05}",243
paper2066,0,0.848988,"{""0"": 0.848988, ""1"": 0.150807, ""2"": 0.00013, ""3"": 7.5e-05}",210
paper2067,0,0.999597,"{""0"": 0.999597, ""1"": 0.000262, ""2"": 8.9e-05, ""3"": 5.1e-05}",269
paper2068,0,0.775371,"{""0"": 0.775371, ""1"": 0.224349, ""2"": 0.000178, ""3"": 0.000102}",138
paper2069,0,0.999435,"{""0"": 0.999435, ""1"": 0.000368, ""2"": 0.000125, ""3"": 7.2e-05}",194
paper207,0,0.959925,"{""0"": 0.959925, ""1"": 0.039957, ""2"": 7.5e-05, ""3"": 4.3e-05}",337
paper2070,0,0.999612,"{""0"": 0.999612, ""1"": 0.000253, ""2"": 8.6e-05, ""3"": 4.9e-05}",292
paper2071,0,0.999698,"{""0"": 0.999698, ""1"": 0.000197, ""2"": 6.7e-05, ""3"": 3.8e-05}",388
paper2072,0,0.999665,"{""0"": 0.999665, ""1"": 0.000218, ""2"": 7.4e-05, ""3"": 4.3e-05}",353
paper2073,0,0.964492,"{""0"": 0.964492, ""1"": 0.035367, ""2"": 9e-05, ""3"": 5.2e-05}",299
paper2074,0,0.99948,"{""0"": 0.99948, ""1"": 0.000338, ""2"": 0.000115, ""3"": 6.6e-05}",228
paper2075,0,0.954163,"{""0"": 0.954163, ""1"": 0.04573, ""2"": 6.8e-05, ""3"": 3.9e-05}",364
paper2076,0,0.999647,"{""0"": 0.999647, ""1"": 0.00023, ""2"": 7.8e-05, ""3"": 4.5e-05}",364
paper2077,0,0.961134,"{""0"": 0.961134, ""1"": 0.016599, ""2"": 0.022218, ""3"": 4.8e-05}",313
paper2078,0,0.999619,"{""0"": 0.999619, ""1"": 0.000248, ""2"": 8.4e-05, ""3"": 4.8e-05}",304
paper2079,0,0.999552,"{""0"": 0.999552, ""1"": 0.000291, ""2"": 9.9e-05, ""3"": 5.7e-05}",279
paper208,0,0.999632,"{""0"": 0.999632, ""1"": 0.000239, ""2"": 8.1e-05, ""3"": 4.7e-05}",310
paper2080,0,0.984363,"{""0"": 0.984363, ""1"": 0.015512, ""2"": 7.9e-05, ""3"": 4.5e-05}",326
paper2081,0,0.99968,"{""0"": 0.99968, ""1"": 0.000209, ""2"": 7.1e-05, ""3"": 4.1e-05}",371
paper2082,0,0.999726,"{""0"": 0.999726, ""1"": 0.000179, ""2"": 6.1e-05, ""3"": 3.5e-05}",421
paper2083,0,0.999394,"{""0"": 0.999394, ""1"": 1.5e-05, ""2"": 0.000587, ""3"": 3e-06}",5125
paper2084,0,0.999448,"{""0"": 0.999448, ""1"": 0.00036, ""2"": 0.000122, ""3"": 7e-05}",206
paper2085,0,0.999707,"{""0"": 0.999707, ""1"": 0.000191, ""2"": 6.5e-05, ""3"": 3.7e-05}",422
paper2086,0,0.999533,"{""0"": 0.999533, ""1"": 0.000304, ""2"": 0.000103, ""3"": 5.9e-05}",235
paper2087,0,0.999388,"{""0"": 0.999388, ""1"": 0.000398, ""2"": 0.000136, ""3"": 7.8e-05}",196
paper2088,0,0.999546,"{""0"": 0.999546, ""1"": 0.000296, ""2"": 0.000101, ""3"": 5.8e-05}",257
paper2089,0,0.921492,"{""0"": 0.921492, ""1"": 0.078396, ""2"": 7.1e-05, ""3"": 4.1e-05}",372
paper209,0,0.956405,"{""0"": 0.956405, ""1"": 0.043462, ""2"": 8.5e-05, ""3"": 4.9e-05}",321
paper2090,0,0.999624,"{""0"": 0.999624, ""1"": 0.000245, ""2"": 8.3e-05, ""3"": 4.8e-05}",286
paper2091,0,0.900793,"{""0"": 0.900793, ""1"": 0.099082, ""2"": 8e-05, ""3"": 4.6e-05}",310
paper2092,0,0.999454,"{""0"": 0.999454, ""1"": 0.000355, ""2"": 0.000121, ""3"": 6.9e-05}",209
paper2093,0,0.9997,"{""0"": 0.9997, ""1"": 0.000195, ""2"": 6.6e-05, ""3"": 3.8e-05}",376
paper2094,0,0.999618,"{""0"": 0.999618, ""1"": 0.000249, ""2"": 8.5e-05, ""3"": 4.9e-05}",271
paper2095,0,0.999501,"{""0"": 0.999501, ""1"": 0.000325, ""2"": 0.00011, ""3"": 6.3e-05}",281
paper2096,0,0.999657,"{""0"": 0.999657, ""1"": 0.000223, ""2"": 7.6e-05, ""3"": 4.4e-05}",352
paper2097,0,0.968577,"{""0"": 0.968577, ""1"": 0.031266, ""2"": 0.0001, ""3"": 5.7e-05}",292
paper2098,0,0.991951,"{""0"": 0.991951, ""1"": 0.007931, ""2"": 7.5e-05, ""3"": 4.3e-05}",353
paper2099,0,0.9993,"{""0"": 0.9993, ""1"": 0.000456, ""2"": 0.000155, ""3"": 8.9e-05}",170
paper21,0,0.972717,"{""0"": 0.972717, ""1"": 0.027168, ""2"": 7.3e-05, ""3"": 4.2e-05}",358
paper210,0,0.999744,"{""0"": 0.999744, ""1"": 0.000167, ""2"": 5.7e-05, ""3"": 3.3e-05}",442
paper2100,0,0.999656,"{""0"": 0.999656, ""1"": 0.000224, ""2"": 7.6e-05, ""3"": 4.4e-05}",351
paper2101,0,0.999628,"{""0"": 0.999628, ""1"": 0.000242, ""2"": 8.2e-05, ""3"": 4.7e-05}",293
paper2102,0,0.999648,"{""0"": 0.999648, ""1"": 0.000229, ""2"": 7.8e-05, ""3"": 4.5e-05}",339
paper2103,0,0.99956,"{""0"": 0.99956, ""1"": 0.000286, ""2"": 9.7e-05, ""3"": 5.6e-05}",265
paper2104,0,0.988247,"{""0"": 0.988247, ""1"": 0.011653, ""2"": 6.3e-05, ""3"": 3.6e-05}",410
paper2105,0,0.999509,"{""0"": 0.999509, ""1"": 0.00032, ""2"": 0.000109, ""3"": 6.2e-05}",239
paper2106,0,0.977005,"{""0"": 0.977005, ""1"": 0.000321, ""2"": 0.022611, ""3"": 6.3e-05}",231
paper2107,0,0.999615,"{""0"": 0.999615, ""1"": 0.000251, ""2"": 8.5e-05, ""3"": 4.9e-05}",298
paper2108,0,0.999653,"{""0"": 0.999653, ""1"": 0.000226, ""2"": 7.7e-05, ""3"": 4.4e-05}",309
paper2109,0,0.99979,"{""0"": 0.99979, ""1"": 0.000136, ""2"": 4.6e-05, ""3"": 2.7e-05}",577
paper211,0,0.871521,"{""0"": 0.871521, ""1"": 0.128398, ""2"": 5.2e-05, ""3"": 3e-05}",479
paper2110,0,0.999448,"{""0"": 0.999448, ""1"": 0.00036, ""2"": 0.000122, ""3"": 7e-05}",207
paper2111,0,0.999628,"{""0"": 0.999628, ""1"": 0.000242, ""2"": 8.2e-05, ""3"": 4.7e-05}",320
paper2112,0,0.992881,"{""0"": 0.992881, ""1"": 0.000243, ""2"": 0.006829, ""3"": 4.8e-05}",310
paper2113,0,0.995423,"{""0"": 0.995423, ""1"": 0.000201, ""2"": 0.004337, ""3"": 3.9e-05}",362
paper2114,0,0.999369,"{""0"": 0.999369, ""1"": 0.000411, ""2"": 0.00014, ""3"": 8e-05}",188
paper2115,0,0.983882,"{""0"": 0.983882, ""1"": 0.000266, ""2"": 0.015801, ""3"": 5.2e-05}",288
paper2116,0,0.999669,"{""0"": 0.999669, ""1"": 0.000216, ""2"": 7.3e-05, ""3"": 4.2e-05}",354
paper2117,0,0.999608,"{""0"": 0.999608, ""1"": 0.000255, ""2"": 8.7e-05, ""3"": 5e-05}",270
paper2118,0,0.949089,"{""0"": 0.949089, ""1"": 0.050798, ""2"": 7.1e-05, ""3"": 4.1e-05}",377
paper2119,0,0.999629,"{""0"": 0.999629, ""1"": 0.000241, ""2"": 8.2e-05, ""3"": 4.7e-05}",305
paper212,0,0.999635,"{""0"": 0.999635, ""1"": 0.000238, ""2"": 8.1e-05, ""3"": 4.6e-05}",343
paper2120,0,0.923889,"{""0"": 0.923889, ""1"": 0.075958, ""2"": 9.7e-05, ""3"": 5.6e-05}",259
paper2121,0,0.951804,"{""0"": 0.951804, ""1"": 0.048032, ""2"": 0.000105, ""3"": 6e-05}",274
paper2122,0,0.958532,"{""0"": 0.958532, ""1"": 0.041367, ""2"": 6.4e-05, ""3"": 3.7e-05}",369
paper2123,0,0.978704,"{""0"": 0.978704, ""1"": 0.021228, ""2"": 4.3e-05, ""3"": 2.5e-05}",588
paper2124,0,0.999639,"{""0"": 0.999639, ""1"": 0.000235, ""2"": 8e-05, ""3"": 4.6e-05}",309
paper2125,0,0.999559,"{""0"": 0.999559, ""1"": 0.000287, ""2"": 9.8e-05, ""3"": 5.6e-05}",277
paper2126,0,0.999697,"{""0"": 0.999697, ""1"": 0.000197, ""2"": 6.7e-05, ""3"": 3.8e-05}",370
paper2127,0,0.999602,"{""0"": 0.999602, ""1"": 0.000259, ""2"": 8.8e-05, ""3"": 5.1e-05}",290
paper2128,0,0.980271,"{""0"": 0.980271, ""1"": 0.000197, ""2"": 0.019494, ""3"": 3.8e-05}",389
paper2129,0,0.999646,"{""0"": 0.999646, ""1"": 0.000231, ""2"": 7.8e-05, ""3"": 4.5e-05}",378
paper213,0,0.999661,"{""0"": 0.999661, ""1"": 0.000221, ""2"": 7.5e-05, ""3"": 4.3e-05}",325
paper2130,0,0.999572,"{""0"": 0.999572, ""1"": 0.000279, ""2"": 9.5e-05, ""3"": 5.4e-05}",262
paper2131,0,0.999548,"{""0"": 0.999548, ""1"": 0.000294, ""2"": 0.0001, ""3"": 5.7e-05}",250
paper2132,0,0.999685,"{""0"": 0.999685, ""1"": 0.000205, ""2"": 7e-05, ""3"": 4e-05}",347
paper2133,0,0.945324,"{""0"": 0.945324, ""1"": 0.05437, ""2"": 0.000194, ""3"": 0.000112}",126
paper2134,0,0.99938,"{""0"": 0.99938, ""1"": 0.000403, ""2"": 0.000137, ""3"": 7.9e-05}",185
paper2135,0,0.999637,"{""0"": 0.999637, ""1"": 0.000236, ""2"": 8e-05, ""3"": 4.6e-05}",313
paper2136,0,0.999625,"{""0"": 0.999625, ""1"": 0.000244, ""2"": 8.3e-05, ""3"": 4.8e-05}",307
paper2137,0,0.999657,"{""0"": 0.999657, ""1"": 0.000223, ""2"": 7.6e-05, ""3"": 4.4e-05}",367
paper2138,0,0.999554,"{""0"": 0.999554, ""1"": 0.00029, ""2"": 9.9e-05, ""3"": 5.7e-05}",265
paper2139,0,0.999511,"{""0"": 0.999511, ""1"": 0.000318, ""2"": 0.000108, ""3"": 6.2e-05}",234
paper214,0,0.999664,"{""0"": 0.999664, ""1"": 0.000219, ""2"": 7.4e-05, ""3"": 4.3e-05}",402
paper2140,0,0.999651,"{""0"": 0.999651, ""1"": 0.000228, ""2"": 7.7e-05, ""3"": 4.4e-05}",300
paper2141,0,0.999588,"{""0"": 0.999588, ""1"": 0.000268, ""2"": 9.1e-05, ""3"": 5.2e-05}",285
paper2142,0,0.999581,"{""0"": 0.999581, ""1"": 0.000273, ""2"": 9.3e-05, ""3"": 5.3e-05}",287
paper2143,0,0.837532,"{""0"": 0.837532, ""1"": 0.162334, ""2"": 8.5e-05, ""3"": 4.9e-05}",304
paper2144,0,0.951032,"{""0"": 0.951032, ""1"": 0.000173, ""2"": 0.048761, ""3"": 3.4e-05}",428
paper2145,0,0.999512,"{""0"": 0.999512, ""1"": 0.000318, ""2"": 0.000108, ""3"": 6.2e-05}",254
paper2146,0,0.999636,"{""0"": 0.999636, ""1"": 0.000237, ""2"": 8.1e-05, ""3"": 4.6e-05}",339
paper2147,0,0.999626,"{""0"": 0.999626, ""1"": 0.000243, ""2"": 8.3e-05, ""3"": 4.8e-05}",392
paper2148,0,0.999494,"{""0"": 0.999494, ""1"": 0.00033, ""2"": 0.000112, ""3"": 6.4e-05}",216
paper2149,0,0.99973,"{""0"": 0.99973, ""1"": 0.000176, ""2"": 6e-05, ""3"": 3.4e-05}",413
paper215,0,0.999713,"{""0"": 0.999713, ""1"": 0.000187, ""2"": 6.4e-05, ""3"": 3.7e-05}",394
paper2150,0,0.99936,"{""0"": 0.99936, ""1"": 0.000417, ""2"": 0.000142, ""3"": 8.1e-05}",183
paper2151,0,0.999576,"{""0"": 0.999576, ""1"": 0.000276, ""2"": 9.4e-05, ""3"": 5.4e-05}",285
paper2152,0,0.950371,"{""0"": 0.950371, ""1"": 0.049495, ""2"": 8.5e-05, ""3"": 4.9e-05}",283
paper2153,0,0.999635,"{""0"": 0.999635, ""1"": 0.000238, ""2"": 8.1e-05, ""3"": 4.6e-05}",301
paper2154,0,0.999535,"{""0"": 0.999535, ""1"": 0.000303, ""2"": 0.000103, ""3"": 5.9e-05}",250
paper2155,0,0.999579,"{""0"": 0.999579, ""1"": 0.000274, ""2"": 9.3e-05, ""3"": 5.4e-05}",277
paper2156,0,0.999338,"{""0"": 0.999338, ""1"": 0.000431, ""2"": 0.000147, ""3"": 8.4e-05}",194
paper2157,0,0.99948,"{""0"": 0.99948, ""1"": 0.000338, ""2"": 0.000115, ""3"": 6.6e-05}",227
paper2158,0,0.999604,"{""0"": 0.999604, ""1"": 0.000258, ""2"": 8.8e-05, ""3"": 5e-05}",265
paper2159,0,0.999556,"{""0"": 0.999556, ""1"": 0.000289, ""2"": 9.8e-05, ""3"": 5.6e-05}",286
paper216,0,0.999743,"{""0"": 0.999743, ""1"": 0.000167, ""2"": 5.7e-05, ""3"": 3.3e-05}",439
paper2160,0,0.999665,"{""0"": 0.999665, ""1"": 0.000218, ""2"": 7.4e-05, ""3"": 4.3e-05}",322
paper2161,0,0.999777,"{""0"": 0.999777, ""1"": 0.000145, ""2"": 4.9e-05, ""3"": 2.8e-05}",491
paper2162,0,0.988567,"{""0"": 0.988567, ""1"": 0.01132, ""2"": 7.2e-05, ""3"": 4.1e-05}",340
paper2163,0,0.999625,"{""0"": 0.999625, ""1"": 0.000244, ""2"": 8.3e-05, ""3"": 4.8e-05}",309
paper2164,0,0.9996,"{""0"": 0.9996, ""1"": 0.00026, ""2"": 8.9e-05, ""3"": 5.1e-05}",274
paper2165,0,0.99956,"{""0"": 0.99956, ""1"": 0.000286, ""2"": 9.7e-05, ""3"": 5.6e-05}",262
paper2166,0,0.724483,"{""0"": 0.724483, ""1"": 0.275387, ""2"": 8.3e-05, ""3"": 4.8e-05}",286
paper2167,0,0.999563,"{""0"": 0.999563, ""1"": 0.000285, ""2"": 9.7e-05, ""3"": 5.6e-05}",275
paper2168,0,0.999616,"{""0"": 0.999616, ""1"": 0.00025, ""2"": 8.5e-05, ""3"": 4.9e-05}",296
paper2169,0,0.99948,"{""0"": 0.99948, ""1"": 0.000338, ""2"": 0.000115, ""3"": 6.6e-05}",247
paper217,0,0.878046,"{""0"": 0.878046, ""1"": 0.121851, ""2"": 6.5e-05, ""3"": 3.7e-05}",390
paper2170,0,0.999558,"{""0"": 0.999558, ""1"": 0.000288, ""2"": 9.8e-05, ""3"": 5.6e-05}",257
paper2171,0,0.926718,"{""0"": 0.926718, ""1"": 0.073186, ""2"": 6.1e-05, ""3"": 3.5e-05}",402
paper2172,0,0.999647,"{""0"": 0.999647, ""1"": 0.00023, ""2"": 7.8e-05, ""3"": 4.5e-05}",338
paper2173,0,0.999661,"{""0"": 0.999661, ""1"": 0.000221, ""2"": 7.5e-05, ""3"": 4.3e-05}",360
paper2174,0,0.970913,"{""0"": 0.970913, ""1"": 0.028963, ""2"": 7.9e-05, ""3"": 4.5e-05}",316
paper2175,0,0.999521,"{""0"": 0.999521, ""1"": 0.000312, ""2"": 0.000106, ""3"": 6.1e-05}",244
paper2176,0,0.999364,"{""0"": 0.999364, ""1"": 0.000414, ""2"": 0.000141, ""3"": 8.1e-05}",178
paper2177,0,0.992604,"{""0"": 0.992604, ""1"": 0.007213, ""2"": 0.000116, ""3"": 6.7e-05}",205
paper2178,0,0.999507,"{""0"": 0.999507, ""1"": 0.000321, ""2"": 0.000109, ""3"": 6.3e-05}",276
paper2179,0,0.877246,"{""0"": 0.877246, ""1"": 0.122615, ""2"": 8.9e-05, ""3"": 5.1e-05}",295
paper218,0,0.999844,"{""0"": 0.999844, ""1"": 0.000101, ""2"": 3.4e-05, ""3"": 2e-05}",1557
paper2180,0,0.999657,"{""0"": 0.999657, ""1"": 0.000223, ""2"": 7.6e-05, ""3"": 4.4e-05}",332
paper2181,0,0.999666,"{""0"": 0.999666, ""1"": 0.000217, ""2"": 7.4e-05, ""3"": 4.2e-05}",355
paper2182,0,0.985383,"{""0"": 0.985383, ""1"": 0.01447, ""2"": 9.3e-05, ""3"": 5.4e-05}",261
paper2183,0,0.987033,"{""0"": 0.987033, ""1"": 0.012832, ""2"": 8.6e-05, ""3"": 4.9e-05}",290
paper2184,0,0.9997,"{""0"": 0.9997, ""1"": 0.000195, ""2"": 6.6e-05, ""3"": 3.8e-05}",378
paper2185,0,0.999583,"{""0"": 0.999583, ""1"": 0.000271, ""2"": 9.2e-05, ""3"": 5.3e-05}",292
paper2186,0,0.999686,"{""0"": 0.999686, ""1"": 0.000205, ""2"": 7e-05, ""3"": 4e-05}",371
paper2187,0,0.925516,"{""0"": 0.925516, ""1"": 0.063479, ""2"": 0.010945, ""3"": 5.9e-05}",238
paper2188,0,0.999624,"{""0"": 0.999624, ""1"": 0.000245, ""2"": 8.3e-05, ""3"": 4.8e-05}",321
paper2189,0,0.999652,"{""0"": 0.999652, ""1"": 0.000227, ""2"": 7.7e-05, ""3"": 4.4e-05}",307
paper219,0,0.957548,"{""0"": 0.957548, ""1"": 0.042344, ""2"": 6.9e-05, ""3"": 3.9e-05}",378
paper2190,0,0.970286,"{""0"": 0.970286, ""1"": 0.000352, ""2"": 0.029293, ""3"": 6.9e-05}",213
paper2191,0,0.99967,"{""0"": 0.99967, ""1"": 0.000215, ""2"": 7.3e-05, ""3"": 4.2e-05}",354
paper2192,0,0.999526,"{""0"": 0.999526, ""1"": 0.000309, ""2"": 0.000105, ""3"": 6e-05}",244
paper2193,0,0.999526,"{""0"": 0.999526, ""1"": 0.000309, ""2"": 0.000105, ""3"": 6e-05}",257
paper2194,0,0.999651,"{""0"": 0.999651, ""1"": 0.000227, ""2"": 7.7e-05, ""3"": 4.4e-05}",334
paper2195,0,0.999578,"{""0"": 0.999578, ""1"": 0.000275, ""2"": 9.4e-05, ""3"": 5.4e-05}",271
paper2196,0,0.999683,"{""0"": 0.999683, ""1"": 0.000207, ""2"": 7e-05, ""3"": 4e-05}",374
paper2197,0,0.999666,"{""0"": 0.999666, ""1"": 0.000217, ""2"": 7.4e-05, ""3"": 4.2e-05}",346
paper2198,0,0.956342,"{""0"": 0.956342, ""1"": 0.000379, ""2"": 0.043205, ""3"": 7.4e-05}",190
paper2199,0,0.999552,"{""0"": 0.999552, ""1"": 0.000292, ""2"": 9.9e-05, ""3"": 5.7e-05}",262
paper22,0,0.868142,"{""0"": 0.868142, ""1"": 0.079971, ""2"": 0.016157, ""3"": 0.03573}",493
paper220,0,0.999673,"{""0"": 0.999673, ""1"": 0.000213, ""2"": 7.2e-05, ""3"": 4.2e-05}",343
paper2200,0,0.999613,"{""0"": 0.999613, ""1"": 0.000252, ""2"": 8.6e-05, ""3"": 4.9e-05}",313
paper2201,0,0.999694,"{""0"": 0.999694, ""1"": 0.000199, ""2"": 6.8e-05, ""3"": 3.9e-05}",373
paper2202,0,0.999504,"{""0"": 0.999504, ""1"": 0.000323, ""2"": 0.00011, ""3"": 6.3e-05}",220
paper2203,0,0.975585,"{""0"": 0.975585, ""1"": 0.000274, ""2"": 0.024088, ""3"": 5.4e-05}",280
paper2204,0,0.999607,"{""0"": 0.999607, ""1"": 0.000256, ""2"": 8.7e-05, ""3"": 5e-05}",305
paper2205,0,0.99955,"{""0"": 0.99955, ""1"": 0.000293, ""2"": 0.0001, ""3"": 5.7e-05}",259
paper2206,0,0.916801,"{""0"": 0.916801, ""1"": 0.083065, ""2"": 8.5e-05, ""3"": 4.9e-05}",302
paper2207,0,0.989155,"{""0"": 0.989155, ""1"": 0.000265, ""2"": 0.010528, ""3"": 5.2e-05}",292
paper2208,0,0.999652,"{""0"": 0.999652, ""1"": 0.000227, ""2"": 7.7e-05, ""3"": 4.4e-05}",322
paper2209,0,0.893131,"{""0"": 0.893131, ""1"": 0.106747, ""2"": 7.7e-05, ""3"": 4.4e-05}",305
paper221,0,0.999622,"{""0"": 0.999622, ""1"": 0.000246, ""2"": 8.4e-05, ""3"": 4.8e-05}",297
paper2210,0,0.999581,"{""0"": 0.999581, ""1"": 0.000273, ""2"": 9.3e-05, ""3"": 5.3e-05}",273
paper2211,0,0.999475,"{""0"": 0.999475, ""1"": 0.000342, ""2"": 0.000116, ""3"": 6.7e-05}",211
paper2212,0,0.99961,"{""0"": 0.99961, ""1"": 0.000254, ""2"": 8.6e-05, ""3"": 5e-05}",320
paper2213,0,0.999671,"{""0"": 0.999671, ""1"": 0.000214, ""2"": 7.3e-05, ""3"": 4.2e-05}",337
paper2214,0,0.999683,"{""0"": 0.999683, ""1"": 0.000207, ""2"": 7e-05, ""3"": 4e-05}",381
paper2215,0,0.999594,"{""0"": 0.999594, ""1"": 0.000265, ""2"": 9e-05, ""3"": 5.2e-05}",287
paper2216,0,0.999469,"{""0"": 0.999469, ""1"": 0.000346, ""2"": 0.000118, ""3"": 6.8e-05}",214
paper2217,0,0.999421,"{""0"": 0.999421, ""1"": 0.000377, ""2"": 0.000128, ""3"": 7.4e-05}",197
paper2218,0,0.999414,"{""0"": 0.999414, ""1"": 0.000381, ""2"": 0.00013, ""3"": 7.5e-05}",208
paper2219,0,0.999685,"{""0"": 0.999685, ""1"": 0.000205, ""2"": 7e-05, ""3"": 4e-05}",354
paper222,0,0.980527,"{""0"": 0.980527, ""1"": 0.019384, ""2"": 5.7e-05, ""3"": 3.2e-05}",443
paper2220,0,0.999638,"{""0"": 0.999638, ""1"": 0.000236, ""2"": 8e-05, ""3"": 4.6e-05}",329
paper2221,0,0.999585,"{""0"": 0.999585, ""1"": 0.00027, ""2"": 9.2e-05, ""3"": 5.3e-05}",280
paper2222,0,0.999651,"{""0"": 0.999651, ""1"": 0.000227, ""2"": 7.7e-05, ""3"": 4.4e-05}",336
paper2223,0,0.999658,"{""0"": 0.999658, ""1"": 0.000223, ""2"": 7.6e-05, ""3"": 4.4e-05}",342
paper2224,0,0.899631,"{""0"": 0.899631, ""1"": 0.10028, ""2"": 5.6e-05, ""3"": 3.2e-05}",447
paper2225,0,0.999274,"{""0"": 0.999274, ""1"": 0.000473, ""2"": 0.000161, ""3"": 9.2e-05}",219
paper2226,0,0.986821,"{""0"": 0.986821, ""1"": 0.012979, ""2"": 0.000127, ""3"": 7.3e-05}",203
paper2227,0,0.906295,"{""0"": 0.906295, ""1"": 0.000205, ""2"": 0.093461, ""3"": 4e-05}",357
paper2228,0,0.952146,"{""0"": 0.952146, ""1"": 0.047655, ""2"": 0.000126, ""3"": 7.2e-05}",193
paper2229,0,0.999607,"{""0"": 0.999607, ""1"": 0.000256, ""2"": 8.7e-05, ""3"": 5e-05}",292
paper223,0,0.999699,"{""0"": 0.999699, ""1"": 0.000196, ""2"": 6.7e-05, ""3"": 3.8e-05}",387
paper2230,0,0.992665,"{""0"": 0.992665, ""1"": 0.007231, ""2"": 6.6e-05, ""3"": 3.8e-05}",406
paper2231,0,0.999268,"{""0"": 0.999268, ""1"": 0.000477, ""2"": 0.000162, ""3"": 9.3e-05}",145
paper2232,0,0.999739,"{""0"": 0.999739, ""1"": 0.00017, ""2"": 5.8e-05, ""3"": 3.3e-05}",449
paper2233,0,0.999385,"{""0"": 0.999385, ""1"": 0.000401, ""2"": 0.000136, ""3"": 7.8e-05}",193
paper2234,0,0.999502,"{""0"": 0.999502, ""1"": 0.000325, ""2"": 0.00011, ""3"": 6.3e-05}",219
paper2235,0,0.999507,"{""0"": 0.999507, ""1"": 0.000321, ""2"": 0.000109, ""3"": 6.3e-05}",226
paper2236,0,0.999751,"{""0"": 0.999751, ""1"": 0.000162, ""2"": 5.5e-05, ""3"": 3.2e-05}",467
paper2237,0,0.999678,"{""0"": 0.999678, ""1"": 0.00021, ""2"": 7.1e-05, ""3"": 4.1e-05}",350
paper2238,0,0.988154,"{""0"": 0.988154, ""1"": 0.000217, ""2"": 0.011586, ""3"": 4.2e-05}",334
paper2239,0,0.936682,"{""0"": 0.936682, ""1"": 0.063168, ""2"": 9.5e-05, ""3"": 5.5e-05}",279
paper224,0,0.907104,"{""0"": 0.907104, ""1"": 0.092771, ""2"": 7.9e-05, ""3"": 4.6e-05}",309
paper2240,0,0.999597,"{""0"": 0.999597, ""1"": 0.000262, ""2"": 8.9e-05, ""3"": 5.1e-05}",310
paper2241,0,0.999622,"{""0"": 0.999622, ""1"": 0.000246, ""2"": 8.4e-05, ""3"": 4.8e-05}",312
paper2242,0,0.953103,"{""0"": 0.953103, ""1"": 0.035099, ""2"": 0.011758, ""3"": 3.9e-05}",375
paper2243,0,0.999581,"{""0"": 0.999581, ""1"": 0.000273, ""2"": 9.3e-05, ""3"": 5.3e-05}",282
paper2244,0,0.999537,"{""0"": 0.999537, ""1"": 0.000301, ""2"": 0.000102, ""3"": 5.9e-05}",272
paper2245,0,0.939193,"{""0"": 0.939193, ""1"": 0.06069, ""2"": 7.4e-05, ""3"": 4.3e-05}",333
paper2246,0,0.999728,"{""0"": 0.999728, ""1"": 0.000177, ""2"": 6e-05, ""3"": 3.5e-05}",423
paper2247,0,0.867035,"{""0"": 0.867035, ""1"": 0.132859, ""2"": 6.8e-05, ""3"": 3.9e-05}",402
paper2248,0,0.999729,"{""0"": 0.999729, ""1"": 0.000177, ""2"": 6e-05, ""3"": 3.4e-05}",441
paper2249,0,0.999685,"{""0"": 0.999685, ""1"": 0.000205, ""2"": 7e-05, ""3"": 4e-05}",371
paper225,0,0.913841,"{""0"": 0.913841, ""1"": 0.050184, ""2"": 0.035925, ""3"": 5e-05}",297
paper2250,0,0.999727,"{""0"": 0.999727, ""1"": 0.000178, ""2"": 6.1e-05, ""3"": 3.5e-05}",400
paper2251,0,0.999687,"{""0"": 0.999687, ""1"": 0.000204, ""2"": 6.9e-05, ""3"": 4e-05}",379
paper2252,0,0.999612,"{""0"": 0.999612, ""1"": 0.000253, ""2"": 8.6e-05, ""3"": 4.9e-05}",285
paper2253,0,0.999512,"{""0"": 0.999512, ""1"": 0.000318, ""2"": 0.000108, ""3"": 6.2e-05}",250
paper2254,0,0.999578,"{""0"": 0.999578, ""1"": 0.000275, ""2"": 9.4e-05, ""3"": 5.4e-05}",270
paper2255,0,0.999636,"{""0"": 0.999636, ""1"": 0.000237, ""2"": 8.1e-05, ""3"": 4.6e-05}",308
paper2256,0,0.9996,"{""0"": 0.9996, ""1"": 0.00026, ""2"": 8.9e-05, ""3"": 5.1e-05}",294
paper2257,0,0.956712,"{""0"": 0.956712, ""1"": 0.043169, ""2"": 7.6e-05, ""3"": 4.4e-05}",351
paper2258,0,0.94844,"{""0"": 0.94844, ""1"": 0.008437, ""2"": 0.043072, ""3"": 5.1e-05}",286
paper2259,0,0.999533,"{""0"": 0.999533, ""1"": 0.000304, ""2"": 0.000103, ""3"": 5.9e-05}",245
paper226,0,0.875946,"{""0"": 0.875946, ""1"": 0.123906, ""2"": 9.4e-05, ""3"": 5.4e-05}",261
paper2260,0,0.905723,"{""0"": 0.905723, ""1"": 0.094146, ""2"": 8.3e-05, ""3"": 4.8e-05}",299
paper2261,0,0.875156,"{""0"": 0.875156, ""1"": 0.124643, ""2"": 0.000127, ""3"": 7.3e-05}",189
paper2262,0,0.999329,"{""0"": 0.999329, ""1"": 0.000437, ""2"": 0.000149, ""3"": 8.5e-05}",152
paper2263,0,0.999611,"{""0"": 0.999611, ""1"": 0.000253, ""2"": 8.6e-05, ""3"": 4.9e-05}",290
paper2264,0,0.999385,"{""0"": 0.999385, ""1"": 0.000401, ""2"": 0.000136, ""3"": 7.8e-05}",178
paper2265,0,0.999583,"{""0"": 0.999583, ""1"": 0.000271, ""2"": 9.2e-05, ""3"": 5.3e-05}",276
paper2266,0,0.999618,"{""0"": 0.999618, ""1"": 0.000249, ""2"": 8.5e-05, ""3"": 4.9e-05}",284
paper2267,0,0.999659,"{""0"": 0.999659, ""1"": 0.000222, ""2"": 7.5e-05, ""3"": 4.3e-05}",333
paper2268,0,0.907347,"{""0"": 0.907347, ""1"": 0.0925, ""2"": 9.7e-05, ""3"": 5.6e-05}",276
paper2269,0,0.999619,"{""0"": 0.999619, ""1"": 0.000248, ""2"": 8.4e-05, ""3"": 4.8e-05}",309
paper227,0,0.971847,"{""0"": 0.971847, ""1"": 0.028017, ""2"": 8.6e-05, ""3"": 5e-05}",310
paper2270,0,0.978101,"{""0"": 0.978101, ""1"": 0.021761, ""2"": 8.8e-05, ""3"": 5e-05}",297
paper2271,0,0.999469,"{""0"": 0.999469, ""1"": 0.000346, ""2"": 0.000118, ""3"": 6.8e-05}",217
paper2272,0,0.826649,"{""0"": 0.826649, ""1"": 0.173199, ""2"": 9.7e-05, ""3"": 5.6e-05}",254
paper2273,0,0.999583,"{""0"": 0.999583, ""1"": 0.000271, ""2"": 9.2e-05, ""3"": 5.3e-05}",278
paper2274,0,0.85421,"{""0"": 0.85421, ""1"": 0.000279, ""2"": 0.145457, ""3"": 5.4e-05}",250
paper2275,0,0.999595,"{""0"": 0.999595, ""1"": 0.000264, ""2"": 9e-05, ""3"": 5.2e-05}",284
paper2276,0,0.989649,"{""0"": 0.989649, ""1"": 0.000171, ""2"": 5.8e-05, ""3"": 0.010122}",448
paper2277,0,0.999642,"{""0"": 0.999642, ""1"": 0.000233, ""2"": 7.9e-05, ""3"": 4.6e-05}",327
paper2278,0,0.941006,"{""0"": 0.941006, ""1"": 0.03905, ""2"": 9.7e-05, ""3"": 0.019846}",265
paper2279,0,0.999604,"{""0"": 0.999604, ""1"": 0.000258, ""2"": 8.8e-05, ""3"": 5e-05}",286
paper228,0,0.999656,"{""0"": 0.999656, ""1"": 0.000224, ""2"": 7.6e-05, ""3"": 4.4e-05}",348
paper2280,0,0.999599,"{""0"": 0.999599, ""1"": 0.000261, ""2"": 8.9e-05, ""3"": 5.1e-05}",276
paper2281,0,0.965197,"{""0"": 0.965197, ""1"": 0.034703, ""2"": 6.3e-05, ""3"": 3.6e-05}",422
paper2282,0,0.99965,"{""0"": 0.99965, ""1"": 0.000228, ""2"": 7.8e-05, ""3"": 4.5e-05}",340
paper2283,0,0.999514,"{""0"": 0.999514, ""1"": 0.000317, ""2"": 0.000108, ""3"": 6.2e-05}",241
paper2284,0,0.999507,"{""0"": 0.999507, ""1"": 0.000321, ""2"": 0.000109, ""3"": 6.3e-05}",230
paper2285,0,0.959857,"{""0"": 0.959857, ""1"": 0.040005, ""2"": 8.8e-05, ""3"": 5e-05}",301
paper2286,0,0.999519,"{""0"": 0.999519, ""1"": 0.000313, ""2"": 0.000107, ""3"": 6.1e-05}",257
paper2287,0,0.999587,"{""0"": 0.999587, ""1"": 0.000269, ""2"": 9.2e-05, ""3"": 5.3e-05}",290
paper2288,0,0.977132,"{""0"": 0.977132, ""1"": 0.022735, ""2"": 8.4e-05, ""3"": 4.8e-05}",328
paper2289,0,0.999721,"{""0"": 0.999721, ""1"": 0.000182, ""2"": 6.2e-05, ""3"": 3.5e-05}",426
paper229,0,0.953298,"{""0"": 0.953298, ""1"": 0.046591, ""2"": 7e-05, ""3"": 4e-05}",365
paper2290,0,0.999676,"{""0"": 0.999676, ""1"": 0.000211, ""2"": 7.2e-05, ""3"": 4.1e-05}",371
paper2291,0,0.999502,"{""0"": 0.999502, ""1"": 0.000324, ""2"": 0.00011, ""3"": 6.3e-05}",266
paper2292,0,0.977287,"{""0"": 0.977287, ""1"": 0.000284, ""2"": 9.6e-05, ""3"": 0.022333}",266
paper2293,0,0.999665,"{""0"": 0.999665, ""1"": 0.000218, ""2"": 7.4e-05, ""3"": 4.3e-05}",337
paper2294,0,0.986172,"{""0"": 0.986172, ""1"": 0.000252, ""2"": 0.013527, ""3"": 4.9e-05}",289
paper2295,0,0.9996,"{""0"": 0.9996, ""1"": 0.00026, ""2"": 8.9e-05, ""3"": 5.1e-05}",323
paper2296,0,0.999539,"{""0"": 0.999539, ""1"": 0.0003, ""2"": 0.000102, ""3"": 5.9e-05}",265
paper2297,0,0.9997,"{""0"": 0.9997, ""1"": 0.000196, ""2"": 6.7e-05, ""3"": 3.8e-05}",406
paper2298,0,0.870016,"{""0"": 0.870016, ""1"": 0.129853, ""2"": 8.3e-05, ""3"": 4.8e-05}",329
paper2299,0,0.963843,"{""0"": 0.963843, ""1"": 0.035983, ""2"": 0.00011, ""3"": 6.3e-05}",278
paper23,0,0.917158,"{""0"": 0.917158, ""1"": 0.082747, ""2"": 6.1e-05, ""3"": 3.5e-05}",420
paper230,0,0.953223,"{""0"": 0.953223, ""1"": 0.046641, ""2"": 8.6e-05, ""3"": 5e-05}",301
paper2300,0,0.999564,"{""0"": 0.999564, ""1"": 0.000284, ""2"": 9.7e-05, ""3"": 5.5e-05}",288
paper2301,0,0.999608,"{""0"": 0.999608, ""1"": 0.000255, ""2"": 8.7e-05, ""3"": 5e-05}",304
paper2302,0,0.856721,"{""0"": 0.856721, ""1"": 0.143169, ""2"": 7e-05, ""3"": 4e-05}",366
paper2303,0,0.999776,"{""0"": 0.999776, ""1"": 0.000146, ""2"": 5e-05, ""3"": 2.8e-05}",500
paper2304,0,0.943923,"{""0"": 0.943923, ""1"": 0.000368, ""2"": 0.000125, ""3"": 0.055583}",194
paper2305,0,0.984369,"{""0"": 0.984369, ""1"": 0.015533, ""2"": 6.2e-05, ""3"": 3.5e-05}",403
paper2306,0,0.999638,"{""0"": 0.999638, ""1"": 0.000236, ""2"": 8e-05, ""3"": 4.6e-05}",336
paper2307,0,0.999762,"{""0"": 0.999762, ""1"": 0.000155, ""2"": 5.3e-05, ""3"": 3e-05}",476
paper2308,0,0.99955,"{""0"": 0.99955, ""1"": 0.000293, ""2"": 0.0001, ""3"": 5.7e-05}",243
paper2309,0,0.999671,"{""0"": 0.999671, ""1"": 0.000214, ""2"": 7.3e-05, ""3"": 4.2e-05}",338
paper231,0,0.999343,"{""0"": 0.999343, ""1"": 0.000428, ""2"": 0.000146, ""3"": 8.4e-05}",208
paper2310,0,0.988727,"{""0"": 0.988727, ""1"": 0.011023, ""2"": 0.000158, ""3"": 9.1e-05}",178
paper2311,0,0.999747,"{""0"": 0.999747, ""1"": 0.000164, ""2"": 5.6e-05, ""3"": 3.2e-05}",448
paper2312,0,0.999604,"{""0"": 0.999604, ""1"": 0.000258, ""2"": 8.8e-05, ""3"": 5e-05}",274
paper2313,0,0.999396,"{""0"": 0.999396, ""1"": 0.000393, ""2"": 0.000134, ""3"": 7.7e-05}",193
paper2314,0,0.999635,"{""0"": 0.999635, ""1"": 0.000238, ""2"": 8.1e-05, ""3"": 4.6e-05}",342
paper2315,0,0.961452,"{""0"": 0.961452, ""1"": 0.00029, ""2"": 0.038201, ""3"": 5.7e-05}",277
paper2316,0,0.999643,"{""0"": 0.999643, ""1"": 0.000232, ""2"": 7.9e-05, ""3"": 4.5e-05}",341
paper2317,0,0.968753,"{""0"": 0.968753, ""1"": 0.031053, ""2"": 0.000124, ""3"": 7.1e-05}",209
paper2318,0,0.999704,"{""0"": 0.999704, ""1"": 0.000193, ""2"": 6.6e-05, ""3"": 3.8e-05}",384
paper2319,0,0.894278,"{""0"": 0.894278, ""1"": 0.105699, ""2"": 1.4e-05, ""3"": 8e-06}",1806
paper232,0,0.99957,"{""0"": 0.99957, ""1"": 0.00028, ""2"": 9.5e-05, ""3"": 5.5e-05}",266
paper2320,0,0.950221,"{""0"": 0.950221, ""1"": 0.049693, ""2"": 5.5e-05, ""3"": 3.2e-05}",454
paper2321,0,0.999634,"{""0"": 0.999634, ""1"": 0.000239, ""2"": 8.1e-05, ""3"": 4.7e-05}",325
paper2322,0,0.999662,"{""0"": 0.999662, ""1"": 0.00022, ""2"": 7.5e-05, ""3"": 4.3e-05}",332
paper2323,0,0.999743,"{""0"": 0.999743, ""1"": 0.000167, ""2"": 5.7e-05, ""3"": 3.3e-05}",435
paper2324,0,0.999756,"{""0"": 0.999756, ""1"": 0.000159, ""2"": 5.4e-05, ""3"": 3.1e-05}",497
paper2325,0,0.999647,"{""0"": 0.999647, ""1"": 0.00023, ""2"": 7.8e-05, ""3"": 4.5e-05}",326
paper2326,0,0.999592,"{""0"": 0.999592, ""1"": 0.000266, ""2"": 9e-05, ""3"": 5.2e-05}",268
paper2327,0,0.999763,"{""0"": 0.999763, ""1"": 0.000154, ""2"": 5.3e-05, ""3"": 3e-05}",517
paper2328,0,0.999687,"{""0"": 0.999687, ""1"": 0.000204, ""2"": 6.9e-05, ""3"": 4e-05}",341
paper2329,0,0.999531,"{""0"": 0.999531, ""1"": 0.000306, ""2"": 0.000104, ""3"": 6e-05}",237
paper233,0,0.999678,"{""0"": 0.999678, ""1"": 0.00021, ""2"": 7.1e-05, ""3"": 4.1e-05}",358
paper2330,0,0.903174,"{""0"": 0.903174, ""1"": 0.096712, ""2"": 7.2e-05, ""3"": 4.2e-05}",347
paper2331,0,0.984421,"{""0"": 0.984421, ""1"": 0.01542, ""2"": 0.000101, ""3"": 5.8e-05}",237
paper2332,0,0.989616,"{""0"": 0.989616, ""1"": 0.007354, ""2"": 5.7e-05, ""3"": 0.002973}",440
paper2333,0,0.999445,"{""0"": 0.999445, ""1"": 0.000362, ""2"": 0.000123, ""3"": 7.1e-05}",225
paper2334,0,0.999654,"{""0"": 0.999654, ""1"": 0.000225, ""2"": 7.7e-05, ""3"": 4.4e-05}",313
paper2335,0,0.999731,"{""0"": 0.999731, ""1"": 0.000175, ""2"": 6e-05, ""3"": 3.4e-05}",462
paper2336,0,0.95313,"{""0"": 0.95313, ""1"": 0.039192, ""2"": 0.007616, ""3"": 6.2e-05}",239
paper2337,0,0.985369,"{""0"": 0.985369, ""1"": 0.014536, ""2"": 6.1e-05, ""3"": 3.5e-05}",407
paper2338,0,0.919952,"{""0"": 0.919952, ""1"": 0.072227, ""2"": 0.007803, ""3"": 1.9e-05}",1537
paper2339,0,0.999689,"{""0"": 0.999689, ""1"": 0.000203, ""2"": 6.9e-05, ""3"": 4e-05}",394
paper234,0,0.999587,"{""0"": 0.999587, ""1"": 0.000269, ""2"": 9.2e-05, ""3"": 5.3e-05}",276
paper2340,0,0.999754,"{""0"": 0.999754, ""1"": 0.00016, ""2"": 5.5e-05, ""3"": 3.1e-05}",453
paper2341,0,0.974663,"{""0"": 0.974663, ""1"": 0.012605, ""2"": 0.012679, ""3"": 5.3e-05}",270
paper2342,0,0.999514,"{""0"": 0.999514, ""1"": 0.000316, ""2"": 0.000108, ""3"": 6.2e-05}",264
paper2343,0,0.950815,"{""0"": 0.950815, ""1"": 0.049063, ""2"": 7.8e-05, ""3"": 4.5e-05}",330
paper2344,0,0.999599,"{""0"": 0.999599, ""1"": 0.000261, ""2"": 8.9e-05, ""3"": 5.1e-05}",266
paper2345,0,0.999602,"{""0"": 0.999602, ""1"": 0.000259, ""2"": 8.8e-05, ""3"": 5.1e-05}",278
paper2346,0,0.999373,"{""0"": 0.999373, ""1"": 0.000409, ""2"": 0.000139, ""3"": 8e-05}",165
paper2347,0,0.999351,"{""0"": 0.999351, ""1"": 0.000422, ""2"": 0.000144, ""3"": 8.3e-05}",176
paper2348,0,0.999618,"{""0"": 0.999618, ""1"": 0.000249, ""2"": 8.5e-05, ""3"": 4.9e-05}",303
paper2349,0,0.999621,"{""0"": 0.999621, ""1"": 0.000247, ""2"": 8.4e-05, ""3"": 4.8e-05}",303
paper235,0,0.999651,"{""0"": 0.999651, ""1"": 0.000227, ""2"": 7.7e-05, ""3"": 4.4e-05}",338
paper2350,0,0.971163,"{""0"": 0.971163, ""1"": 0.028659, ""2"": 0.000113, ""3"": 6.5e-05}",221
paper2351,0,0.999687,"{""0"": 0.999687, ""1"": 0.000204, ""2"": 6.9e-05, ""3"": 4e-05}",359
paper2352,0,0.999627,"{""0"": 0.999627, ""1"": 0.000243, ""2"": 8.3e-05, ""3"": 4.8e-05}",299
paper2353,0,0.999507,"{""0"": 0.999507, ""1"": 0.000321, ""2"": 0.000109, ""3"": 6.3e-05}",245
paper2354,0,0.98263,"{""0"": 0.98263, ""1"": 0.000232, ""2"": 7.9e-05, ""3"": 0.017059}",335
paper2355,0,0.999564,"{""0"": 0.999564, ""1"": 0.000284, ""2"": 9.6e-05, ""3"": 5.5e-05}",272
paper2356,0,0.98615,"{""0"": 0.98615, ""1"": 0.01374, ""2"": 7e-05, ""3"": 4e-05}",352
paper2357,0,0.972245,"{""0"": 0.972245, ""1"": 0.027678, ""2"": 4.9e-05, ""3"": 2.8e-05}",526
paper2358,0,0.876882,"{""0"": 0.876882, ""1"": 0.122925, ""2"": 0.000122, ""3"": 7e-05}",217
paper2359,0,0.958299,"{""0"": 0.958299, ""1"": 0.041528, ""2"": 0.00011, ""3"": 6.3e-05}",236
paper236,0,0.999555,"{""0"": 0.999555, ""1"": 0.00029, ""2"": 9.9e-05, ""3"": 5.7e-05}",254
paper2360,0,0.999644,"{""0"": 0.999644, ""1"": 0.000232, ""2"": 7.9e-05, ""3"": 4.5e-05}",313
paper2361,0,0.999677,"{""0"": 0.999677, ""1"": 0.000211, ""2"": 7.2e-05, ""3"": 4.1e-05}",332
paper2362,0,0.999583,"{""0"": 0.999583, ""1"": 0.000271, ""2"": 9.2e-05, ""3"": 5.3e-05}",268
paper2363,0,0.956722,"{""0"": 0.956722, ""1"": 0.043154, ""2"": 7.8e-05, ""3"": 4.5e-05}",347
paper2364,0,0.999667,"{""0"": 0.999667, ""1"": 0.000217, ""2"": 7.4e-05, ""3"": 4.2e-05}",338
paper2365,0,0.999368,"{""0"": 0.999368, ""1"": 0.000411, ""2"": 0.00014, ""3"": 8e-05}",195
paper2366,0,0.999535,"{""0"": 0.999535, ""1"": 0.000303, ""2"": 0.000103, ""3"": 5.9e-05}",257
paper2367,0,0.964883,"{""0"": 0.964883, ""1"": 0.034921, ""2"": 0.000124, ""3"": 7.1e-05}",226
paper2368,0,0.99701,"{""0"": 0.99701, ""1"": 0.001947, ""2"": 0.000662, ""3"": 0.00038}",34
paper2369,0,0.999514,"{""0"": 0.999514, ""1"": 0.000316, ""2"": 0.000108, ""3"": 6.2e-05}",249
paper237,0,0.999635,"{""0"": 0.999635, ""1"": 0.000238, ""2"": 8.1e-05, ""3"": 4.6e-05}",313
paper2370,0,0.946701,"{""0"": 0.946701, ""1"": 0.053143, ""2"": 9.9e-05, ""3"": 5.7e-05}",252
paper2371,0,0.959828,"{""0"": 0.959828, ""1"": 0.03768, ""2"": 0.002469, ""3"": 2.3e-05}",631
paper2372,0,0.999657,"{""0"": 0.999657, ""1"": 0.000223, ""2"": 7.6e-05, ""3"": 4.4e-05}",360
paper2373,0,0.99948,"{""0"": 0.99948, ""1"": 0.000338, ""2"": 0.000115, ""3"": 6.6e-05}",245
paper2374,0,0.999782,"{""0"": 0.999782, ""1"": 0.000142, ""2"": 4.8e-05, ""3"": 2.8e-05}",505
paper2375,0,0.999597,"{""0"": 0.999597, ""1"": 0.000262, ""2"": 8.9e-05, ""3"": 5.1e-05}",284
paper2376,0,0.999649,"{""0"": 0.999649, ""1"": 0.000228, ""2"": 7.8e-05, ""3"": 4.5e-05}",346
paper2377,0,0.969905,"{""0"": 0.969905, ""1"": 0.029936, ""2"": 0.000101, ""3"": 5.8e-05}",244
paper2378,0,0.935197,"{""0"": 0.935197, ""1"": 0.000338, ""2"": 0.064399, ""3"": 6.6e-05}",217
paper2379,0,0.999674,"{""0"": 0.999674, ""1"": 0.000212, ""2"": 7.2e-05, ""3"": 4.1e-05}",363
paper238,0,0.838523,"{""0"": 0.838523, ""1"": 0.134638, ""2"": 0.026801, ""3"": 3.8e-05}",388
paper2380,0,0.99978,"{""0"": 0.99978, ""1"": 0.000144, ""2"": 4.9e-05, ""3"": 2.8e-05}",487
paper2381,0,0.99967,"{""0"": 0.99967, ""1"": 0.000215, ""2"": 7.3e-05, ""3"": 4.2e-05}",351
paper2382,0,0.999704,"{""0"": 0.999704, ""1"": 0.000193, ""2"": 6.6e-05, ""3"": 3.8e-05}",371
paper2383,1,0.557696,"{""0"": 0.440648, ""1"": 0.557696, ""2"": 0.001052, ""3"": 0.000604}",19
paper2384,0,0.999773,"{""0"": 0.999773, ""1"": 0.000148, ""2"": 5e-05, ""3"": 2.9e-05}",498
paper2385,0,0.999469,"{""0"": 0.999469, ""1"": 0.000346, ""2"": 0.000118, ""3"": 6.8e-05}",224
paper2386,0,0.945392,"{""0"": 0.945392, ""1"": 0.054479, ""2"": 8.2e-05, ""3"": 4.7e-05}",314
paper2387,0,0.998746,"{""0"": 0.998746, ""1"": 0.000817, ""2"": 0.000278, ""3"": 0.00016}",124
paper2388,0,0.999576,"{""0"": 0.999576, ""1"": 0.000276, ""2"": 9.4e-05, ""3"": 5.4e-05}",276
paper2389,0,0.999214,"{""0"": 0.999214, ""1"": 0.000512, ""2"": 0.000174, ""3"": 0.0001}",160
paper239,0,0.877977,"{""0"": 0.877977, ""1"": 0.121907, ""2"": 7.4e-05, ""3"": 4.2e-05}",332
paper2390,0,0.980166,"{""0"": 0.980166, ""1"": 0.000264, ""2"": 0.019519, ""3"": 5.2e-05}",265
paper2391,0,0.999702,"{""0"": 0.999702, ""1"": 0.000194, ""2"": 6.6e-05, ""3"": 3.8e-05}",393
paper2392,0,0.999325,"{""0"": 0.999325, ""1"": 0.00044, ""2"": 0.00015, ""3"": 8.6e-05}",193
paper2393,0,0.999693,"{""0"": 0.999693, ""1"": 0.0002, ""2"": 6.8e-05, ""3"": 3.9e-05}",353
paper2394,0,0.696657,"{""0"": 0.696657, ""1"": 0.30324, ""2"": 6.5e-05, ""3"": 3.7e-05}",353
paper2395,0,0.999599,"{""0"": 0.999599, ""1"": 0.000261, ""2"": 8.9e-05, ""3"": 5.1e-05}",271
paper2396,0,0.933794,"{""0"": 0.933794, ""1"": 0.066071, ""2"": 8.6e-05, ""3"": 4.9e-05}",294
paper2397,0,0.999621,"{""0"": 0.999621, ""1"": 0.000247, ""2"": 8.4e-05, ""3"": 4.8e-05}",314
paper2398,0,0.963593,"{""0"": 0.963593, ""1"": 0.036316, ""2"": 5.8e-05, ""3"": 3.3e-05}",438
paper2399,0,0.881704,"{""0"": 0.881704, ""1"": 0.118172, ""2"": 7.9e-05, ""3"": 4.5e-05}",323
paper24,0,0.836638,"{""0"": 0.836638, ""1"": 0.163258, ""2"": 6.6e-05, ""3"": 3.8e-05}",430
paper240,0,0.782593,"{""0"": 0.782593, ""1"": 0.217319, ""2"": 5.6e-05, ""3"": 3.2e-05}",430
paper2400,0,0.940859,"{""0"": 0.940859, ""1"": 0.059039, ""2"": 6.5e-05, ""3"": 3.7e-05}",395
paper2401,0,0.969967,"{""0"": 0.969967, ""1"": 0.029922, ""2"": 7e-05, ""3"": 4e-05}",352
paper2402,0,0.999658,"{""0"": 0.999658, ""1"": 0.000223, ""2"": 7.6e-05, ""3"": 4.4e-05}",360
paper2403,0,0.927767,"{""0"": 0.927767, ""1"": 0.056691, ""2"": 0.015505, ""3"": 3.7e-05}",408
paper2404,0,0.782413,"{""0"": 0.782413, ""1"": 0.217445, ""2"": 9e-05, ""3"": 5.2e-05}",290
paper2405,0,0.923549,"{""0"": 0.923549, ""1"": 0.073102, ""2"": 0.003305, ""3"": 4.5e-05}",327
paper2406,0,0.915226,"{""0"": 0.915226, ""1"": 0.084509, ""2"": 0.000168, ""3"": 9.7e-05}",144
paper2407,0,0.999523,"{""0"": 0.999523, ""1"": 0.00031, ""2"": 0.000106, ""3"": 6.1e-05}",270
paper2408,0,0.992738,"{""0"": 0.992738, ""1"": 0.00715, ""2"": 7e-05, ""3"": 4e-05}",355
paper2409,0,0.88959,"{""0"": 0.88959, ""1"": 0.110271, ""2"": 8.8e-05, ""3"": 5.1e-05}",290
paper241,0,0.955199,"{""0"": 0.955199, ""1"": 0.044706, ""2"": 6e-05, ""3"": 3.4e-05}",420
paper2410,0,0.823928,"{""0"": 0.823928, ""1"": 0.175928, ""2"": 9.1e-05, ""3"": 5.2e-05}",260
paper2411,0,0.970731,"{""0"": 0.970731, ""1"": 0.028939, ""2"": 0.00021, ""3"": 0.00012}",145
paper2412,0,0.999631,"{""0"": 0.999631, ""1"": 0.00024, ""2"": 8.2e-05, ""3"": 4.7e-05}",314
paper2413,0,0.897868,"{""0"": 0.897868, ""1"": 0.101659, ""2"": 0.000301, ""3"": 0.000173}",87
paper2414,0,0.913564,"{""0"": 0.913564, ""1"": 0.08634, ""2"": 6.1e-05, ""3"": 3.5e-05}",395
paper2415,0,0.709723,"{""0"": 0.709723, ""1"": 0.290153, ""2"": 7.9e-05, ""3"": 4.5e-05}",315
paper2416,0,0.971272,"{""0"": 0.971272, ""1"": 0.028629, ""2"": 6.3e-05, ""3"": 3.6e-05}",395
paper2417,0,0.813514,"{""0"": 0.813514, ""1"": 0.186374, ""2"": 7.1e-05, ""3"": 4.1e-05}",337
paper2418,0,0.987801,"{""0"": 0.987801, ""1"": 0.012087, ""2"": 7.1e-05, ""3"": 4.1e-05}",339
paper2419,0,0.773474,"{""0"": 0.773474, ""1"": 0.226386, ""2"": 8.9e-05, ""3"": 5.1e-05}",305
paper242,0,0.909604,"{""0"": 0.909604, ""1"": 0.090277, ""2"": 7.5e-05, ""3"": 4.3e-05}",336
paper2420,0,0.852245,"{""0"": 0.852245, ""1"": 0.147618, ""2"": 8.7e-05, ""3"": 5e-05}",309
paper2421,0,0.915233,"{""0"": 0.915233, ""1"": 0.084601, ""2"": 0.000106, ""3"": 6.1e-05}",242
paper2422,0,0.859466,"{""0"": 0.859466, ""1"": 0.140369, ""2"": 0.000105, ""3"": 6e-05}",251
paper2423,0,0.926349,"{""0"": 0.926349, ""1"": 0.073537, ""2"": 7.2e-05, ""3"": 4.2e-05}",328
paper2424,0,0.999278,"{""0"": 0.999278, ""1"": 0.00047, ""2"": 0.00016, ""3"": 9.2e-05}",185
paper2425,0,0.77937,"{""0"": 0.77937, ""1"": 0.220509, ""2"": 7.7e-05, ""3"": 4.4e-05}",307
paper2426,0,0.813055,"{""0"": 0.813055, ""1"": 0.186848, ""2"": 6.2e-05, ""3"": 3.5e-05}",429
paper2427,0,0.999097,"{""0"": 0.999097, ""1"": 0.000588, ""2"": 0.0002, ""3"": 0.000115}",135
paper2428,0,0.94769,"{""0"": 0.94769, ""1"": 0.052202, ""2"": 6.9e-05, ""3"": 3.9e-05}",383
paper2429,0,0.999521,"{""0"": 0.999521, ""1"": 0.000312, ""2"": 0.000106, ""3"": 6.1e-05}",248
paper243,0,0.861155,"{""0"": 0.861155, ""1"": 0.107466, ""2"": 0.031338, ""3"": 4.1e-05}",350
paper2430,0,0.906167,"{""0"": 0.906167, ""1"": 0.09372, ""2"": 7.2e-05, ""3"": 4.1e-05}",347
paper2431,0,0.999638,"{""0"": 0.999638, ""1"": 0.000236, ""2"": 8e-05, ""3"": 4.6e-05}",325
paper2432,0,0.852515,"{""0"": 0.852515, ""1"": 0.147362, ""2"": 7.8e-05, ""3"": 4.5e-05}",326
paper2433,0,0.975583,"{""0"": 0.975583, ""1"": 0.024336, ""2"": 5.2e-05, ""3"": 3e-05}",491
paper2434,0,0.999441,"{""0"": 0.999441, ""1"": 0.000364, ""2"": 0.000124, ""3"": 7.1e-05}",198
paper2435,0,0.933779,"{""0"": 0.933779, ""1"": 0.000923, ""2"": 0.000314, ""3"": 0.064984}",97
paper2436,0,0.999816,"{""0"": 0.999816, ""1"": 0.00012, ""2"": 4.1e-05, ""3"": 2.3e-05}",619
paper2437,0,0.999639,"{""0"": 0.999639, ""1"": 0.000235, ""2"": 8e-05, ""3"": 4.6e-05}",293
paper2438,0,0.999696,"{""0"": 0.999696, ""1"": 0.000198, ""2"": 6.7e-05, ""3"": 3.9e-05}",382
paper2439,0,0.999599,"{""0"": 0.999599, ""1"": 0.000261, ""2"": 8.9e-05, ""3"": 5.1e-05}",284
paper244,0,0.770096,"{""0"": 0.770096, ""1"": 0.229775, ""2"": 8.2e-05, ""3"": 4.7e-05}",299
paper2440,0,0.999585,"{""0"": 0.999585, ""1"": 0.00027, ""2"": 9.2e-05, ""3"": 5.3e-05}",303
paper2441,0,0.94467,"{""0"": 0.94467, ""1"": 0.05522, ""2"": 7e-05, ""3"": 4e-05}",375
paper2442,0,0.999662,"{""0"": 0.999662, ""1"": 0.00022, ""2"": 7.5e-05, ""3"": 4.3e-05}",339
paper2443,0,0.99956,"{""0"": 0.99956, ""1"": 0.000286, ""2"": 9.7e-05, ""3"": 5.6e-05}",314
paper2444,0,0.999622,"{""0"": 0.999622, ""1"": 0.000246, ""2"": 8.4e-05, ""3"": 4.8e-05}",311
paper2445,0,0.999725,"{""0"": 0.999725, ""1"": 0.000179, ""2"": 6.1e-05, ""3"": 3.5e-05}",396
paper2446,0,0.999721,"{""0"": 0.999721, ""1"": 0.000182, ""2"": 6.2e-05, ""3"": 3.5e-05}",389
paper2447,0,0.999604,"{""0"": 0.999604, ""1"": 0.000258, ""2"": 8.8e-05, ""3"": 5e-05}",295
paper2448,0,0.921265,"{""0"": 0.921265, ""1"": 0.046163, ""2"": 0.032521, ""3"": 5.1e-05}",287
paper2449,0,0.99972,"{""0"": 0.99972, ""1"": 0.000182, ""2"": 6.2e-05, ""3"": 3.6e-05}",430
paper245,0,0.83545,"{""0"": 0.83545, ""1"": 0.160299, ""2"": 0.004214, ""3"": 3.7e-05}",417
paper2450,0,0.821366,"{""0"": 0.821366, ""1"": 0.002292, ""2"": 0.176336, ""3"": 6e-06}",2559
paper2451,0,0.921216,"{""0"": 0.921216, ""1"": 0.078678, ""2"": 6.7e-05, ""3"": 3.9e-05}",390
paper2452,0,0.968645,"{""0"": 0.968645, ""1"": 0.031137, ""2"": 0.000138, ""3"": 7.9e-05}",174
paper2453,0,0.999708,"{""0"": 0.999708, ""1"": 0.00019, ""2"": 6.5e-05, ""3"": 3.7e-05}",418
paper2454,0,0.99961,"{""0"": 0.99961, ""1"": 0.000254, ""2"": 8.6e-05, ""3"": 5e-05}",318
paper2455,0,0.978737,"{""0"": 0.978737, ""1"": 0.000231, ""2"": 0.020987, ""3"": 4.5e-05}",324
paper2456,0,0.999568,"{""0"": 0.999568, ""1"": 0.000281, ""2"": 9.6e-05, ""3"": 5.5e-05}",282
paper2457,0,0.987584,"{""0"": 0.987584, ""1"": 0.00015, ""2"": 5.1e-05, ""3"": 0.012215}",481
paper2458,0,0.930103,"{""0"": 0.930103, ""1"": 0.069801, ""2"": 6.1e-05, ""3"": 3.5e-05}",420
paper2459,0,0.808071,"{""0"": 0.808071, ""1"": 0.191822, ""2"": 6.8e-05, ""3"": 3.9e-05}",1597
paper246,0,0.849654,"{""0"": 0.849654, ""1"": 0.056988, ""2"": 0.093311, ""3"": 4.7e-05}",326
paper2460,0,0.999666,"{""0"": 0.999666, ""1"": 0.000217, ""2"": 7.4e-05, ""3"": 4.2e-05}",352
paper2461,0,0.999635,"{""0"": 0.999635, ""1"": 0.000238, ""2"": 8.1e-05, ""3"": 4.6e-05}",326
paper2462,0,0.973628,"{""0"": 0.973628, ""1"": 0.026225, ""2"": 9.3e-05, ""3"": 5.4e-05}",306
paper2463,0,0.999723,"{""0"": 0.999723, ""1"": 0.000181, ""2"": 6.1e-05, ""3"": 3.5e-05}",445
paper2464,0,0.937133,"{""0"": 0.937133, ""1"": 0.06274, ""2"": 8e-05, ""3"": 4.6e-05}",320
paper2465,0,0.999597,"{""0"": 0.999597, ""1"": 0.000263, ""2"": 8.9e-05, ""3"": 5.1e-05}",313
paper2466,0,0.999632,"{""0"": 0.999632, ""1"": 0.000239, ""2"": 8.1e-05, ""3"": 4.7e-05}",343
paper2467,0,0.884717,"{""0"": 0.884717, ""1"": 0.115114, ""2"": 0.000107, ""3"": 6.2e-05}",250
paper2468,0,0.882963,"{""0"": 0.882963, ""1"": 0.116932, ""2"": 6.6e-05, ""3"": 3.8e-05}",399
paper2469,0,0.999715,"{""0"": 0.999715, ""1"": 0.000185, ""2"": 6.3e-05, ""3"": 3.6e-05}",423
paper247,0,0.999734,"{""0"": 0.999734, ""1"": 0.000173, ""2"": 5.9e-05, ""3"": 3.4e-05}",440
paper2470,0,0.880594,"{""0"": 0.880594, ""1"": 0.000212, ""2"": 0.119153, ""3"": 4.1e-05}",372
paper2471,0,0.99956,"{""0"": 0.99956, ""1"": 0.000286, ""2"": 9.7e-05, ""3"": 5.6e-05}",273
paper2472,0,0.9993,"{""0"": 0.9993, ""1"": 0.000456, ""2"": 0.000155, ""3"": 8.9e-05}",193
paper2473,0,0.99961,"{""0"": 0.99961, ""1"": 0.000254, ""2"": 8.6e-05, ""3"": 5e-05}",297
paper2474,0,0.999239,"{""0"": 0.999239, ""1"": 0.000495, ""2"": 0.000169, ""3"": 9.7e-05}",142
paper2475,0,0.999608,"{""0"": 0.999608, ""1"": 0.000255, ""2"": 8.7e-05, ""3"": 5e-05}",304
paper2476,0,0.964717,"{""0"": 0.964717, ""1"": 0.03516, ""2"": 7.8e-05, ""3"": 4.5e-05}",344
paper2477,0,0.999233,"{""0"": 0.999233, ""1"": 0.000499, ""2"": 0.00017, ""3"": 9.8e-05}",190
paper2478,0,0.999665,"{""0"": 0.999665, ""1"": 0.000218, ""2"": 7.4e-05, ""3"": 4.3e-05}",341
paper2479,0,0.990853,"{""0"": 0.990853, ""1"": 0.009059, ""2"": 5.6e-05, ""3"": 3.2e-05}",459
paper248,0,0.969593,"{""0"": 0.969593, ""1"": 0.000101, ""2"": 3.4e-05, ""3"": 0.030271}",1017
paper2480,0,0.999659,"{""0"": 0.999659, ""1"": 0.000222, ""2"": 7.5e-05, ""3"": 4.3e-05}",326
paper2481,0,0.977152,"{""0"": 0.977152, ""1"": 0.02271, ""2"": 8.8e-05, ""3"": 5e-05}",285
paper2482,0,0.999368,"{""0"": 0.999368, ""1"": 0.000411, ""2"": 0.00014, ""3"": 8e-05}",180
paper2483,0,0.999574,"{""0"": 0.999574, ""1"": 0.000277, ""2"": 9.4e-05, ""3"": 5.4e-05}",263
paper2484,0,0.999526,"{""0"": 0.999526, ""1"": 0.000309, ""2"": 0.000105, ""3"": 6e-05}",250
paper2485,0,0.986438,"{""0"": 0.986438, ""1"": 0.013414, ""2"": 9.4e-05, ""3"": 5.4e-05}",263
paper2486,0,0.977795,"{""0"": 0.977795, ""1"": 0.022111, ""2"": 6e-05, ""3"": 3.4e-05}",380
paper2487,0,0.957599,"{""0"": 0.957599, ""1"": 0.0423, ""2"": 6.4e-05, ""3"": 3.7e-05}",382
paper2488,0,0.964429,"{""0"": 0.964429, ""1"": 0.035414, ""2"": 0.0001, ""3"": 5.8e-05}",246
paper2489,0,0.932816,"{""0"": 0.932816, ""1"": 0.067056, ""2"": 8.1e-05, ""3"": 4.7e-05}",313
paper249,0,0.999644,"{""0"": 0.999644, ""1"": 0.000232, ""2"": 7.9e-05, ""3"": 4.5e-05}",337
paper2490,0,0.999741,"{""0"": 0.999741, ""1"": 0.000168, ""2"": 5.7e-05, ""3"": 3.3e-05}",428
paper2491,0,0.999624,"{""0"": 0.999624, ""1"": 0.000245, ""2"": 8.3e-05, ""3"": 4.8e-05}",322
paper2492,0,0.9997,"{""0"": 0.9997, ""1"": 0.000196, ""2"": 6.7e-05, ""3"": 3.8e-05}",378
paper2493,0,0.999724,"{""0"": 0.999724, ""1"": 0.00018, ""2"": 6.1e-05, ""3"": 3.5e-05}",392
paper2494,0,0.999568,"{""0"": 0.999568, ""1"": 0.000281, ""2"": 9.6e-05, ""3"": 5.5e-05}",281
paper2495,0,0.999546,"{""0"": 0.999546, ""1"": 0.000296, ""2"": 0.000101, ""3"": 5.8e-05}",264
paper2496,0,0.999581,"{""0"": 0.999581, ""1"": 0.000273, ""2"": 9.3e-05, ""3"": 5.3e-05}",275
paper2497,0,0.978442,"{""0"": 0.978442, ""1"": 0.021383, ""2"": 0.000111, ""3"": 6.4e-05}",229
paper2498,0,0.999295,"{""0"": 0.999295, ""1"": 0.000459, ""2"": 0.000156, ""3"": 9e-05}",182
paper2499,0,0.988466,"{""0"": 0.988466, ""1"": 0.011424, ""2"": 7e-05, ""3"": 4e-05}",400
paper250,0,0.906453,"{""0"": 0.906453, ""1"": 0.059766, ""2"": 0.01085, ""3"": 0.022931}",318
paper2500,0,0.999727,"{""0"": 0.999727, ""1"": 0.000177, ""2"": 6e-05, ""3"": 3.5e-05}",449
paper2501,0,0.899926,"{""0"": 0.899926, ""1"": 0.099982, ""2"": 5.8e-05, ""3"": 3.3e-05}",484
paper2502,0,0.835439,"{""0"": 0.835439, ""1"": 0.164476, ""2"": 5.4e-05, ""3"": 3.1e-05}",496
paper2503,0,0.808605,"{""0"": 0.808605, ""1"": 0.191297, ""2"": 6.2e-05, ""3"": 3.6e-05}",382
paper2504,0,0.999616,"{""0"": 0.999616, ""1"": 0.00025, ""2"": 8.5e-05, ""3"": 4.9e-05}",334
paper2505,0,0.999788,"{""0"": 0.999788, ""1"": 0.000138, ""2"": 4.7e-05, ""3"": 2.7e-05}",579
paper2506,0,0.999646,"{""0"": 0.999646, ""1"": 0.000231, ""2"": 7.9e-05, ""3"": 4.5e-05}",333
paper2507,0,0.999616,"{""0"": 0.999616, ""1"": 0.00025, ""2"": 8.5e-05, ""3"": 4.9e-05}",304
paper2508,0,0.999588,"{""0"": 0.999588, ""1"": 0.000268, ""2"": 9.1e-05, ""3"": 5.2e-05}",291
paper2509,0,0.999514,"{""0"": 0.999514, ""1"": 0.000316, ""2"": 0.000108, ""3"": 6.2e-05}",240
paper251,0,0.984725,"{""0"": 0.984725, ""1"": 0.00044, ""2"": 0.00015, ""3"": 0.014685}",353
paper2510,0,0.999496,"{""0"": 0.999496, ""1"": 0.000328, ""2"": 0.000112, ""3"": 6.4e-05}",225
paper2511,0,0.989044,"{""0"": 0.989044, ""1"": 0.010819, ""2"": 8.7e-05, ""3"": 5e-05}",291
paper2512,0,0.999622,"{""0"": 0.999622, ""1"": 0.000246, ""2"": 8.4e-05, ""3"": 4.8e-05}",305
paper2513,0,0.999535,"{""0"": 0.999535, ""1"": 0.000303, ""2"": 0.000103, ""3"": 5.9e-05}",258
paper2514,0,0.99964,"{""0"": 0.99964, ""1"": 0.000234, ""2"": 8e-05, ""3"": 4.6e-05}",324
paper2515,0,0.999565,"{""0"": 0.999565, ""1"": 0.000284, ""2"": 9.6e-05, ""3"": 5.5e-05}",263
paper2516,0,0.999489,"{""0"": 0.999489, ""1"": 0.000333, ""2"": 0.000113, ""3"": 6.5e-05}",234
paper2517,0,0.999628,"{""0"": 0.999628, ""1"": 0.000242, ""2"": 8.2e-05, ""3"": 4.7e-05}",303
paper2518,0,0.999682,"{""0"": 0.999682, ""1"": 0.000207, ""2"": 7e-05, ""3"": 4e-05}",373
paper2519,0,0.999625,"{""0"": 0.999625, ""1"": 0.000244, ""2"": 8.3e-05, ""3"": 4.8e-05}",314
paper252,0,0.940722,"{""0"": 0.940722, ""1"": 0.00027, ""2"": 0.058955, ""3"": 5.3e-05}",384
paper2520,0,0.999656,"{""0"": 0.999656, ""1"": 0.000224, ""2"": 7.6e-05, ""3"": 4.4e-05}",381
paper2521,0,0.999786,"{""0"": 0.999786, ""1"": 0.000139, ""2"": 4.7e-05, ""3"": 2.7e-05}",510
paper2522,0,0.999759,"{""0"": 0.999759, ""1"": 0.000157, ""2"": 5.3e-05, ""3"": 3.1e-05}",458
paper2523,0,0.999705,"{""0"": 0.999705, ""1"": 0.000192, ""2"": 6.5e-05, ""3"": 3.8e-05}",399
paper2524,0,0.999673,"{""0"": 0.999673, ""1"": 0.000213, ""2"": 7.2e-05, ""3"": 4.2e-05}",365
paper2525,0,0.999516,"{""0"": 0.999516, ""1"": 0.000315, ""2"": 0.000107, ""3"": 6.2e-05}",300
paper2526,0,0.999615,"{""0"": 0.999615, ""1"": 0.000251, ""2"": 8.5e-05, ""3"": 4.9e-05}",302
paper2527,0,0.987823,"{""0"": 0.987823, ""1"": 0.012039, ""2"": 8.7e-05, ""3"": 5e-05}",297
paper2528,0,0.958204,"{""0"": 0.958204, ""1"": 0.041675, ""2"": 7.7e-05, ""3"": 4.4e-05}",380
paper2529,0,0.963287,"{""0"": 0.963287, ""1"": 0.036582, ""2"": 8.3e-05, ""3"": 4.8e-05}",317
paper253,0,0.999652,"{""0"": 0.999652, ""1"": 0.000227, ""2"": 7.7e-05, ""3"": 4.4e-05}",334
paper2530,0,0.999627,"{""0"": 0.999627, ""1"": 0.000243, ""2"": 8.3e-05, ""3"": 4.8e-05}",330
paper2531,0,0.959615,"{""0"": 0.959615, ""1"": 0.040226, ""2"": 0.000101, ""3"": 5.8e-05}",238
paper2532,0,0.999685,"{""0"": 0.999685, ""1"": 0.000205, ""2"": 7e-05, ""3"": 4e-05}",360
paper2533,0,0.999642,"{""0"": 0.999642, ""1"": 0.000233, ""2"": 7.9e-05, ""3"": 4.6e-05}",327
paper2534,0,0.920087,"{""0"": 0.920087, ""1"": 0.079791, ""2"": 7.7e-05, ""3"": 4.4e-05}",324
paper2535,0,0.999638,"{""0"": 0.999638, ""1"": 0.000236, ""2"": 8e-05, ""3"": 4.6e-05}",318
paper2536,0,0.999738,"{""0"": 0.999738, ""1"": 0.000171, ""2"": 5.8e-05, ""3"": 3.3e-05}",422
paper2537,0,0.99961,"{""0"": 0.99961, ""1"": 0.000254, ""2"": 8.6e-05, ""3"": 5e-05}",306
paper2538,0,0.999666,"{""0"": 0.999666, ""1"": 0.000217, ""2"": 7.4e-05, ""3"": 4.2e-05}",354
paper2539,0,0.999712,"{""0"": 0.999712, ""1"": 0.000187, ""2"": 6.4e-05, ""3"": 3.7e-05}",415
paper254,0,0.952742,"{""0"": 0.952742, ""1"": 0.019979, ""2"": 0.027244, ""3"": 3.6e-05}",420
paper2540,0,0.999557,"{""0"": 0.999557, ""1"": 0.000289, ""2"": 9.8e-05, ""3"": 5.6e-05}",265
paper2541,0,0.999743,"{""0"": 0.999743, ""1"": 0.000168, ""2"": 5.7e-05, ""3"": 3.3e-05}",403
paper2542,0,0.753167,"{""0"": 0.753167, ""1"": 0.246683, ""2"": 9.5e-05, ""3"": 5.4e-05}",276
paper2543,0,0.999692,"{""0"": 0.999692, ""1"": 0.000201, ""2"": 6.8e-05, ""3"": 3.9e-05}",378
paper2544,0,0.999675,"{""0"": 0.999675, ""1"": 0.000211, ""2"": 7.2e-05, ""3"": 4.1e-05}",362
paper2545,0,0.937706,"{""0"": 0.937706, ""1"": 0.062152, ""2"": 9e-05, ""3"": 5.2e-05}",290
paper2546,0,0.999636,"{""0"": 0.999636, ""1"": 0.000237, ""2"": 8.1e-05, ""3"": 4.6e-05}",315
paper2547,0,0.999681,"{""0"": 0.999681, ""1"": 0.000208, ""2"": 7.1e-05, ""3"": 4.1e-05}",363
paper2548,0,0.999707,"{""0"": 0.999707, ""1"": 0.000191, ""2"": 6.5e-05, ""3"": 3.7e-05}",382
paper2549,0,0.999752,"{""0"": 0.999752, ""1"": 0.000162, ""2"": 5.5e-05, ""3"": 3.2e-05}",455
paper255,0,0.898626,"{""0"": 0.898626, ""1"": 0.023857, ""2"": 0.077467, ""3"": 5.1e-05}",279
paper2550,0,0.999658,"{""0"": 0.999658, ""1"": 0.000223, ""2"": 7.6e-05, ""3"": 4.4e-05}",331
paper2551,0,0.999741,"{""0"": 0.999741, ""1"": 0.000168, ""2"": 5.7e-05, ""3"": 3.3e-05}",416
paper2552,0,0.999686,"{""0"": 0.999686, ""1"": 0.000205, ""2"": 7e-05, ""3"": 4e-05}",359
paper2553,0,0.999629,"{""0"": 0.999629, ""1"": 0.000241, ""2"": 8.2e-05, ""3"": 4.7e-05}",319
paper2554,0,0.999676,"{""0"": 0.999676, ""1"": 0.000211, ""2"": 7.2e-05, ""3"": 4.1e-05}",379
paper2555,0,0.953624,"{""0"": 0.953624, ""1"": 0.04622, ""2"": 0.0001, ""3"": 5.7e-05}",269
paper2556,0,0.999754,"{""0"": 0.999754, ""1"": 0.00016, ""2"": 5.5e-05, ""3"": 3.1e-05}",451
paper2557,0,0.683145,"{""0"": 0.683145, ""1"": 0.316642, ""2"": 0.000135, ""3"": 7.8e-05}",193
paper2558,0,0.999512,"{""0"": 0.999512, ""1"": 0.000318, ""2"": 0.000108, ""3"": 6.2e-05}",258
paper2559,0,0.999605,"{""0"": 0.999605, ""1"": 0.000257, ""2"": 8.7e-05, ""3"": 5e-05}",327
paper256,0,0.79508,"{""0"": 0.79508, ""1"": 0.204819, ""2"": 6.4e-05, ""3"": 3.7e-05}",410
paper2560,0,0.999533,"{""0"": 0.999533, ""1"": 0.000304, ""2"": 0.000103, ""3"": 5.9e-05}",257
paper2561,0,0.938487,"{""0"": 0.938487, ""1"": 0.061343, ""2"": 0.000108, ""3"": 6.2e-05}",234
paper2562,0,0.999514,"{""0"": 0.999514, ""1"": 0.000316, ""2"": 0.000108, ""3"": 6.2e-05}",225
paper2563,0,0.9996,"{""0"": 0.9996, ""1"": 0.00026, ""2"": 8.9e-05, ""3"": 5.1e-05}",280
paper2564,0,0.999715,"{""0"": 0.999715, ""1"": 0.000186, ""2"": 6.3e-05, ""3"": 3.6e-05}",397
paper2565,0,0.947587,"{""0"": 0.947587, ""1"": 0.052277, ""2"": 8.6e-05, ""3"": 5e-05}",303
paper2566,0,0.964145,"{""0"": 0.964145, ""1"": 6.1e-05, ""2"": 0.035782, ""3"": 1.2e-05}",1217
paper2567,0,0.874286,"{""0"": 0.874286, ""1"": 0.125583, ""2"": 8.3e-05, ""3"": 4.8e-05}",333
paper2568,0,0.999581,"{""0"": 0.999581, ""1"": 0.000273, ""2"": 9.3e-05, ""3"": 5.3e-05}",289
paper2569,0,0.999494,"{""0"": 0.999494, ""1"": 0.00033, ""2"": 0.000112, ""3"": 6.4e-05}",217
paper257,0,0.906626,"{""0"": 0.906626, ""1"": 0.093262, ""2"": 7.1e-05, ""3"": 4.1e-05}",358
paper2570,0,0.999688,"{""0"": 0.999688, ""1"": 0.000203, ""2"": 6.9e-05, ""3"": 4e-05}",345
paper2571,0,0.999649,"{""0"": 0.999649, ""1"": 0.000228, ""2"": 7.8e-05, ""3"": 4.5e-05}",324
paper2572,0,0.999621,"{""0"": 0.999621, ""1"": 0.000247, ""2"": 8.4e-05, ""3"": 4.8e-05}",329
paper2573,0,0.999725,"{""0"": 0.999725, ""1"": 0.000179, ""2"": 6.1e-05, ""3"": 3.5e-05}",419
paper2574,0,0.999621,"{""0"": 0.999621, ""1"": 0.000247, ""2"": 8.4e-05, ""3"": 4.8e-05}",296
paper2575,0,0.999782,"{""0"": 0.999782, ""1"": 0.000142, ""2"": 4.8e-05, ""3"": 2.8e-05}",565
paper2576,0,0.999636,"{""0"": 0.999636, ""1"": 0.000237, ""2"": 8.1e-05, ""3"": 4.6e-05}",317
paper2577,0,0.999542,"{""0"": 0.999542, ""1"": 0.000298, ""2"": 0.000102, ""3"": 5.8e-05}",246
paper2578,0,0.99961,"{""0"": 0.99961, ""1"": 0.000254, ""2"": 8.6e-05, ""3"": 5e-05}",295
paper2579,0,0.999632,"{""0"": 0.999632, ""1"": 0.00024, ""2"": 8.1e-05, ""3"": 4.7e-05}",329
paper258,0,0.971919,"{""0"": 0.971919, ""1"": 0.027927, ""2"": 9.8e-05, ""3"": 5.6e-05}",265
paper2580,0,0.999664,"{""0"": 0.999664, ""1"": 0.000219, ""2"": 7.4e-05, ""3"": 4.3e-05}",359
paper2581,0,0.999554,"{""0"": 0.999554, ""1"": 0.00029, ""2"": 9.9e-05, ""3"": 5.7e-05}",260
paper2582,0,0.999733,"{""0"": 0.999733, ""1"": 0.000174, ""2"": 5.9e-05, ""3"": 3.4e-05}",440
paper2583,0,0.999643,"{""0"": 0.999643, ""1"": 0.000232, ""2"": 7.9e-05, ""3"": 4.5e-05}",343
paper2584,0,0.999755,"{""0"": 0.999755, ""1"": 0.00016, ""2"": 5.4e-05, ""3"": 3.1e-05}",458
paper2585,0,0.999629,"{""0"": 0.999629, ""1"": 0.000241, ""2"": 8.2e-05, ""3"": 4.7e-05}",321
paper2586,0,0.910179,"{""0"": 0.910179, ""1"": 0.000273, ""2"": 9.3e-05, ""3"": 0.089455}",283
paper2587,0,0.999677,"{""0"": 0.999677, ""1"": 0.000211, ""2"": 7.2e-05, ""3"": 4.1e-05}",357
paper2588,0,0.999694,"{""0"": 0.999694, ""1"": 0.000199, ""2"": 6.8e-05, ""3"": 3.9e-05}",368
paper2589,0,0.999619,"{""0"": 0.999619, ""1"": 0.000248, ""2"": 8.4e-05, ""3"": 4.8e-05}",324
paper259,0,0.999396,"{""0"": 0.999396, ""1"": 0.000393, ""2"": 0.000134, ""3"": 7.7e-05}",210
paper2590,0,0.999696,"{""0"": 0.999696, ""1"": 0.000198, ""2"": 6.7e-05, ""3"": 3.9e-05}",379
paper2591,0,0.999703,"{""0"": 0.999703, ""1"": 0.000193, ""2"": 6.6e-05, ""3"": 3.8e-05}",378
paper2592,0,0.999628,"{""0"": 0.999628, ""1"": 0.000242, ""2"": 8.2e-05, ""3"": 4.7e-05}",295
paper2593,0,0.999673,"{""0"": 0.999673, ""1"": 0.000213, ""2"": 7.2e-05, ""3"": 4.2e-05}",353
paper2594,0,0.999762,"{""0"": 0.999762, ""1"": 0.000155, ""2"": 5.3e-05, ""3"": 3e-05}",491
paper2595,0,0.999638,"{""0"": 0.999638, ""1"": 0.000236, ""2"": 8e-05, ""3"": 4.6e-05}",316
paper2596,0,0.999751,"{""0"": 0.999751, ""1"": 0.000162, ""2"": 5.5e-05, ""3"": 3.2e-05}",486
paper2597,0,0.999715,"{""0"": 0.999715, ""1"": 0.000185, ""2"": 6.3e-05, ""3"": 3.6e-05}",433
paper2598,0,0.999613,"{""0"": 0.999613, ""1"": 0.000252, ""2"": 8.6e-05, ""3"": 4.9e-05}",316
paper2599,0,0.945924,"{""0"": 0.945924, ""1"": 0.053967, ""2"": 7e-05, ""3"": 4e-05}",365
paper260,0,0.887316,"{""0"": 0.887316, ""1"": 0.088123, ""2"": 0.024524, ""3"": 3.7e-05}",390
paper2600,0,0.999694,"{""0"": 0.999694, ""1"": 0.000199, ""2"": 6.8e-05, ""3"": 3.9e-05}",359
paper2601,0,0.999722,"{""0"": 0.999722, ""1"": 0.000181, ""2"": 6.2e-05, ""3"": 3.5e-05}",388
paper2602,0,0.999676,"{""0"": 0.999676, ""1"": 0.000211, ""2"": 7.2e-05, ""3"": 4.1e-05}",354
paper2603,0,0.999466,"{""0"": 0.999466, ""1"": 0.000348, ""2"": 0.000118, ""3"": 6.8e-05}",219
paper2604,0,0.999669,"{""0"": 0.999669, ""1"": 0.000216, ""2"": 7.3e-05, ""3"": 4.2e-05}",343
paper2605,0,0.991766,"{""0"": 0.991766, ""1"": 0.008115, ""2"": 7.6e-05, ""3"": 4.4e-05}",331
paper2606,0,0.948241,"{""0"": 0.948241, ""1"": 0.051629, ""2"": 8.3e-05, ""3"": 4.8e-05}",326
paper2607,0,0.999574,"{""0"": 0.999574, ""1"": 0.000277, ""2"": 9.4e-05, ""3"": 5.4e-05}",267
paper2608,0,0.999539,"{""0"": 0.999539, ""1"": 0.0003, ""2"": 0.000102, ""3"": 5.9e-05}",267
paper2609,0,0.999659,"{""0"": 0.999659, ""1"": 0.000222, ""2"": 7.5e-05, ""3"": 4.3e-05}",343
paper261,0,0.862854,"{""0"": 0.862854, ""1"": 0.103609, ""2"": 0.033498, ""3"": 4e-05}",349
paper2610,0,0.999602,"{""0"": 0.999602, ""1"": 0.000259, ""2"": 8.8e-05, ""3"": 5.1e-05}",286
paper2611,0,0.999613,"{""0"": 0.999613, ""1"": 0.000252, ""2"": 8.6e-05, ""3"": 4.9e-05}",315
paper2612,0,0.999661,"{""0"": 0.999661, ""1"": 0.000221, ""2"": 7.5e-05, ""3"": 4.3e-05}",367
paper2613,0,0.999583,"{""0"": 0.999583, ""1"": 0.000271, ""2"": 9.2e-05, ""3"": 5.3e-05}",273
paper2614,0,0.999642,"{""0"": 0.999642, ""1"": 0.000233, ""2"": 7.9e-05, ""3"": 4.6e-05}",331
paper2615,0,0.999682,"{""0"": 0.999682, ""1"": 0.000207, ""2"": 7.1e-05, ""3"": 4.1e-05}",344
paper2616,0,0.999592,"{""0"": 0.999592, ""1"": 0.000266, ""2"": 9e-05, ""3"": 5.2e-05}",281
paper2617,0,0.999718,"{""0"": 0.999718, ""1"": 0.000184, ""2"": 6.2e-05, ""3"": 3.6e-05}",414
paper2618,0,0.99967,"{""0"": 0.99967, ""1"": 0.000215, ""2"": 7.3e-05, ""3"": 4.2e-05}",348
paper2619,0,0.990775,"{""0"": 0.990775, ""1"": 0.009127, ""2"": 6.2e-05, ""3"": 3.6e-05}",442
paper262,0,0.976618,"{""0"": 0.976618, ""1"": 0.023248, ""2"": 8.5e-05, ""3"": 4.9e-05}",280
paper2620,0,0.999702,"{""0"": 0.999702, ""1"": 0.000194, ""2"": 6.6e-05, ""3"": 3.8e-05}",381
paper2621,0,0.966184,"{""0"": 0.966184, ""1"": 0.033643, ""2"": 0.00011, ""3"": 6.3e-05}",254
paper2622,0,0.999381,"{""0"": 0.999381, ""1"": 0.000403, ""2"": 0.000137, ""3"": 7.9e-05}",188
paper2623,0,0.842225,"{""0"": 0.842225, ""1"": 0.157653, ""2"": 7.8e-05, ""3"": 4.5e-05}",324
paper2624,0,0.999618,"{""0"": 0.999618, ""1"": 0.000249, ""2"": 8.5e-05, ""3"": 4.9e-05}",294
paper2625,0,0.999704,"{""0"": 0.999704, ""1"": 0.000193, ""2"": 6.6e-05, ""3"": 3.8e-05}",413
paper2626,0,0.965609,"{""0"": 0.965609, ""1"": 0.029179, ""2"": 6.9e-05, ""3"": 0.005143}",397
paper2627,0,0.990693,"{""0"": 0.990693, ""1"": 0.000186, ""2"": 0.009084, ""3"": 3.6e-05}",448
paper2628,0,0.99991,"{""0"": 0.99991, ""1"": 5.8e-05, ""2"": 2e-05, ""3"": 1.1e-05}",1479
paper2629,0,0.982958,"{""0"": 0.982958, ""1"": 0.000227, ""2"": 0.01677, ""3"": 4.4e-05}",332
paper263,0,0.964113,"{""0"": 0.964113, ""1"": 0.035751, ""2"": 8.6e-05, ""3"": 5e-05}",287
paper2630,0,0.985114,"{""0"": 0.985114, ""1"": 0.000169, ""2"": 0.014684, ""3"": 3.3e-05}",468
paper2631,0,0.999572,"{""0"": 0.999572, ""1"": 0.000279, ""2"": 9.5e-05, ""3"": 5.4e-05}",283
paper2632,0,0.999628,"{""0"": 0.999628, ""1"": 0.000242, ""2"": 8.2e-05, ""3"": 4.7e-05}",333
paper2633,0,0.999674,"{""0"": 0.999674, ""1"": 0.000212, ""2"": 7.2e-05, ""3"": 4.1e-05}",376
paper2634,0,0.999612,"{""0"": 0.999612, ""1"": 0.000253, ""2"": 8.6e-05, ""3"": 4.9e-05}",310
paper2635,0,0.987673,"{""0"": 0.987673, ""1"": 0.012191, ""2"": 8.7e-05, ""3"": 5e-05}",324
paper2636,0,0.9545,"{""0"": 0.9545, ""1"": 0.045388, ""2"": 7.2e-05, ""3"": 4.1e-05}",340
paper2637,0,0.981305,"{""0"": 0.981305, ""1"": 0.018575, ""2"": 7.6e-05, ""3"": 4.4e-05}",356
paper2638,0,0.877477,"{""0"": 0.877477, ""1"": 0.122419, ""2"": 6.7e-05, ""3"": 3.8e-05}",392
paper2639,0,0.999658,"{""0"": 0.999658, ""1"": 0.000223, ""2"": 7.6e-05, ""3"": 4.4e-05}",314
paper264,0,0.999502,"{""0"": 0.999502, ""1"": 0.000325, ""2"": 0.00011, ""3"": 6.3e-05}",235
paper2640,0,0.999608,"{""0"": 0.999608, ""1"": 0.000255, ""2"": 8.7e-05, ""3"": 5e-05}",274
paper2641,0,0.952002,"{""0"": 0.952002, ""1"": 0.047842, ""2"": 9.9e-05, ""3"": 5.7e-05}",261
paper2642,0,0.97155,"{""0"": 0.97155, ""1"": 0.000213, ""2"": 0.028195, ""3"": 4.2e-05}",365
paper2643,0,0.999699,"{""0"": 0.999699, ""1"": 0.000196, ""2"": 6.7e-05, ""3"": 3.8e-05}",373
paper2644,0,0.999615,"{""0"": 0.999615, ""1"": 0.000251, ""2"": 8.5e-05, ""3"": 4.9e-05}",313
paper2645,0,0.999655,"{""0"": 0.999655, ""1"": 0.000225, ""2"": 7.7e-05, ""3"": 4.4e-05}",347
paper2646,0,0.952137,"{""0"": 0.952137, ""1"": 0.047802, ""2"": 3.9e-05, ""3"": 2.2e-05}",628
paper2647,0,0.999702,"{""0"": 0.999702, ""1"": 0.000194, ""2"": 6.6e-05, ""3"": 3.8e-05}",383
paper2648,0,0.913502,"{""0"": 0.913502, ""1"": 0.000208, ""2"": 7.1e-05, ""3"": 0.086219}",359
paper2649,0,0.999746,"{""0"": 0.999746, ""1"": 0.000165, ""2"": 5.6e-05, ""3"": 3.2e-05}",440
paper265,0,0.999594,"{""0"": 0.999594, ""1"": 0.000265, ""2"": 9e-05, ""3"": 5.2e-05}",275
paper2650,0,0.977699,"{""0"": 0.977699, ""1"": 0.022185, ""2"": 7.3e-05, ""3"": 4.2e-05}",355
paper2651,0,0.999703,"{""0"": 0.999703, ""1"": 0.000193, ""2"": 6.6e-05, ""3"": 3.8e-05}",379
paper2652,0,0.961726,"{""0"": 0.961726, ""1"": 0.038161, ""2"": 7.2e-05, ""3"": 4.1e-05}",366
paper2653,0,0.999526,"{""0"": 0.999526, ""1"": 0.000309, ""2"": 0.000105, ""3"": 6e-05}",272
paper2654,0,0.999631,"{""0"": 0.999631, ""1"": 0.00024, ""2"": 8.2e-05, ""3"": 4.7e-05}",313
paper2655,0,0.973946,"{""0"": 0.973946, ""1"": 0.02595, ""2"": 6.6e-05, ""3"": 3.8e-05}",365
paper2656,0,0.999742,"{""0"": 0.999742, ""1"": 0.000168, ""2"": 5.7e-05, ""3"": 3.3e-05}",428
paper2657,0,0.971859,"{""0"": 0.971859, ""1"": 0.000229, ""2"": 0.027867, ""3"": 4.5e-05}",333
paper2658,0,0.844739,"{""0"": 0.844739, ""1"": 0.155153, ""2"": 6.9e-05, ""3"": 4e-05}",379
paper2659,0,0.999618,"{""0"": 0.999618, ""1"": 0.000249, ""2"": 8.5e-05, ""3"": 4.9e-05}",299
paper266,0,0.999859,"{""0"": 0.999859, ""1"": 9.2e-05, ""2"": 3.1e-05, ""3"": 1.8e-05}",838
paper2660,0,0.974319,"{""0"": 0.974319, ""1"": 0.025542, ""2"": 8.9e-05, ""3"": 5.1e-05}",297
paper2661,0,0.999625,"{""0"": 0.999625, ""1"": 0.000244, ""2"": 8.3e-05, ""3"": 4.8e-05}",1544
paper2662,0,0.954288,"{""0"": 0.954288, ""1"": 0.000207, ""2"": 7e-05, ""3"": 0.045435}",385
paper2663,0,0.99971,"{""0"": 0.99971, ""1"": 0.000189, ""2"": 6.4e-05, ""3"": 3.7e-05}",421
paper2664,0,0.999724,"{""0"": 0.999724, ""1"": 0.00018, ""2"": 6.1e-05, ""3"": 3.5e-05}",447
paper2665,0,0.971916,"{""0"": 0.971916, ""1"": 0.000239, ""2"": 8.1e-05, ""3"": 0.027763}",343
paper2666,0,0.999679,"{""0"": 0.999679, ""1"": 0.000209, ""2"": 7.1e-05, ""3"": 4.1e-05}",368
paper2667,0,0.999689,"{""0"": 0.999689, ""1"": 0.000203, ""2"": 6.9e-05, ""3"": 4e-05}",380
paper2668,0,0.999777,"{""0"": 0.999777, ""1"": 0.000145, ""2"": 4.9e-05, ""3"": 2.8e-05}",521
paper2669,0,0.994336,"{""0"": 0.994336, ""1"": 0.005571, ""2"": 5.9e-05, ""3"": 3.4e-05}",436
paper267,0,0.949899,"{""0"": 0.949899, ""1"": 0.049953, ""2"": 9.4e-05, ""3"": 5.4e-05}",274
paper2670,0,0.99315,"{""0"": 0.99315, ""1"": 0.006719, ""2"": 8.3e-05, ""3"": 4.8e-05}",326
paper2671,0,0.971725,"{""0"": 0.971725, ""1"": 0.000184, ""2"": 6.3e-05, ""3"": 0.028028}",397
paper2672,0,0.999674,"{""0"": 0.999674, ""1"": 0.000212, ""2"": 7.2e-05, ""3"": 4.1e-05}",389
paper2673,0,0.999731,"{""0"": 0.999731, ""1"": 0.000175, ""2"": 6e-05, ""3"": 3.4e-05}",421
paper2674,0,0.999631,"{""0"": 0.999631, ""1"": 0.00024, ""2"": 8.2e-05, ""3"": 4.7e-05}",345
paper2675,0,0.999737,"{""0"": 0.999737, ""1"": 0.000171, ""2"": 5.8e-05, ""3"": 3.3e-05}",467
paper2676,0,0.999837,"{""0"": 0.999837, ""1"": 0.000106, ""2"": 3.6e-05, ""3"": 2.1e-05}",699
paper2677,0,0.999666,"{""0"": 0.999666, ""1"": 0.000217, ""2"": 7.4e-05, ""3"": 4.2e-05}",354
paper2678,0,0.999635,"{""0"": 0.999635, ""1"": 0.000238, ""2"": 8.1e-05, ""3"": 4.6e-05}",339
paper2679,0,0.999494,"{""0"": 0.999494, ""1"": 0.00033, ""2"": 0.000112, ""3"": 6.4e-05}",246
paper268,0,0.999521,"{""0"": 0.999521, ""1"": 0.000312, ""2"": 0.000106, ""3"": 6.1e-05}",234
paper2680,0,0.991029,"{""0"": 0.991029, ""1"": 0.000211, ""2"": 0.00872, ""3"": 4.1e-05}",382
paper2681,0,0.999733,"{""0"": 0.999733, ""1"": 0.000174, ""2"": 5.9e-05, ""3"": 3.4e-05}",470
paper2682,0,0.974925,"{""0"": 0.974925, ""1"": 0.00013, ""2"": 0.02492, ""3"": 2.5e-05}",554
paper2683,0,0.999709,"{""0"": 0.999709, ""1"": 0.00019, ""2"": 6.5e-05, ""3"": 3.7e-05}",389
paper2684,0,0.999691,"{""0"": 0.999691, ""1"": 0.000201, ""2"": 6.8e-05, ""3"": 3.9e-05}",387
paper2685,0,0.994785,"{""0"": 0.994785, ""1"": 0.005085, ""2"": 8.2e-05, ""3"": 4.7e-05}",297
paper2686,0,0.999743,"{""0"": 0.999743, ""1"": 0.000167, ""2"": 5.7e-05, ""3"": 3.3e-05}",451
paper2687,0,0.999764,"{""0"": 0.999764, ""1"": 0.000154, ""2"": 5.2e-05, ""3"": 3e-05}",517
paper2688,0,0.999648,"{""0"": 0.999648, ""1"": 0.000229, ""2"": 7.8e-05, ""3"": 4.5e-05}",315
paper2689,0,0.940572,"{""0"": 0.940572, ""1"": 0.0593, ""2"": 8.1e-05, ""3"": 4.6e-05}",322
paper269,0,0.999688,"{""0"": 0.999688, ""1"": 0.000203, ""2"": 6.9e-05, ""3"": 4e-05}",351
paper2690,0,0.999713,"{""0"": 0.999713, ""1"": 0.000187, ""2"": 6.4e-05, ""3"": 3.7e-05}",407
paper2691,0,0.9998,"{""0"": 0.9998, ""1"": 0.00013, ""2"": 4.4e-05, ""3"": 2.5e-05}",543
paper2692,0,0.999751,"{""0"": 0.999751, ""1"": 0.000162, ""2"": 5.5e-05, ""3"": 3.2e-05}",487
paper2693,0,0.999762,"{""0"": 0.999762, ""1"": 0.000155, ""2"": 5.3e-05, ""3"": 3e-05}",500
paper2694,0,0.999656,"{""0"": 0.999656, ""1"": 0.000224, ""2"": 7.6e-05, ""3"": 4.4e-05}",364
paper2695,0,0.99973,"{""0"": 0.99973, ""1"": 0.000176, ""2"": 6e-05, ""3"": 3.4e-05}",445
paper2696,0,0.975369,"{""0"": 0.975369, ""1"": 0.024534, ""2"": 6.1e-05, ""3"": 3.5e-05}",398
paper2697,0,0.920222,"{""0"": 0.920222, ""1"": 0.07966, ""2"": 7.5e-05, ""3"": 4.3e-05}",350
paper2698,0,0.999602,"{""0"": 0.999602, ""1"": 0.000259, ""2"": 8.8e-05, ""3"": 5.1e-05}",289
paper2699,0,0.99973,"{""0"": 0.99973, ""1"": 0.000175, ""2"": 6e-05, ""3"": 3.4e-05}",440
paper270,0,0.99957,"{""0"": 0.99957, ""1"": 0.00028, ""2"": 9.5e-05, ""3"": 5.5e-05}",267
paper2700,0,0.999656,"{""0"": 0.999656, ""1"": 0.000224, ""2"": 7.6e-05, ""3"": 4.4e-05}",345
paper2701,0,0.99973,"{""0"": 0.99973, ""1"": 0.000176, ""2"": 6e-05, ""3"": 3.4e-05}",406
paper2702,0,0.999736,"{""0"": 0.999736, ""1"": 0.000172, ""2"": 5.8e-05, ""3"": 3.4e-05}",457
paper2703,0,0.999566,"{""0"": 0.999566, ""1"": 0.000282, ""2"": 9.6e-05, ""3"": 5.5e-05}",292
paper2704,0,0.897365,"{""0"": 0.897365, ""1"": 0.102497, ""2"": 8.7e-05, ""3"": 5e-05}",333
paper2705,0,0.999682,"{""0"": 0.999682, ""1"": 0.000207, ""2"": 7.1e-05, ""3"": 4.1e-05}",358
paper2706,0,0.999685,"{""0"": 0.999685, ""1"": 0.000205, ""2"": 7e-05, ""3"": 4e-05}",362
paper2707,0,0.979602,"{""0"": 0.979602, ""1"": 0.020272, ""2"": 8e-05, ""3"": 4.6e-05}",330
paper2708,0,0.99965,"{""0"": 0.99965, ""1"": 0.000228, ""2"": 7.8e-05, ""3"": 4.5e-05}",391
paper2709,0,0.999788,"{""0"": 0.999788, ""1"": 0.000138, ""2"": 4.7e-05, ""3"": 2.7e-05}",562
paper271,0,0.999558,"{""0"": 0.999558, ""1"": 0.000288, ""2"": 9.8e-05, ""3"": 5.6e-05}",266
paper2710,0,0.999734,"{""0"": 0.999734, ""1"": 0.000173, ""2"": 5.9e-05, ""3"": 3.4e-05}",434
paper2711,0,0.999719,"{""0"": 0.999719, ""1"": 0.000183, ""2"": 6.2e-05, ""3"": 3.6e-05}",404
paper2712,0,0.99972,"{""0"": 0.99972, ""1"": 0.000182, ""2"": 6.2e-05, ""3"": 3.6e-05}",456
paper2713,0,0.990369,"{""0"": 0.990369, ""1"": 0.009478, ""2"": 9.7e-05, ""3"": 5.6e-05}",293
paper2714,0,0.999714,"{""0"": 0.999714, ""1"": 0.000186, ""2"": 6.3e-05, ""3"": 3.6e-05}",393
paper2715,0,0.999708,"{""0"": 0.999708, ""1"": 0.00019, ""2"": 6.5e-05, ""3"": 3.7e-05}",449
paper2716,0,0.95465,"{""0"": 0.95465, ""1"": 0.045242, ""2"": 6.8e-05, ""3"": 3.9e-05}",370
paper2717,0,0.999664,"{""0"": 0.999664, ""1"": 0.000219, ""2"": 7.4e-05, ""3"": 4.3e-05}",338
paper2718,0,0.999731,"{""0"": 0.999731, ""1"": 0.000175, ""2"": 6e-05, ""3"": 3.4e-05}",417
paper2719,0,0.975485,"{""0"": 0.975485, ""1"": 0.024374, ""2"": 8.9e-05, ""3"": 5.1e-05}",300
paper272,0,0.999618,"{""0"": 0.999618, ""1"": 0.000249, ""2"": 8.5e-05, ""3"": 4.9e-05}",275
paper2720,0,0.999722,"{""0"": 0.999722, ""1"": 0.000181, ""2"": 6.2e-05, ""3"": 3.5e-05}",447
paper2721,0,0.999624,"{""0"": 0.999624, ""1"": 0.000245, ""2"": 8.3e-05, ""3"": 4.8e-05}",328
paper2722,0,0.999665,"{""0"": 0.999665, ""1"": 0.000218, ""2"": 7.4e-05, ""3"": 4.3e-05}",337
paper2723,0,0.999692,"{""0"": 0.999692, ""1"": 0.000201, ""2"": 6.8e-05, ""3"": 3.9e-05}",384
paper2724,0,0.999719,"{""0"": 0.999719, ""1"": 0.000183, ""2"": 6.2e-05, ""3"": 3.6e-05}",418
paper2725,0,0.999736,"{""0"": 0.999736, ""1"": 0.000172, ""2"": 5.8e-05, ""3"": 3.4e-05}",433
paper2726,0,0.931595,"{""0"": 0.931595, ""1"": 0.068283, ""2"": 7.8e-05, ""3"": 4.5e-05}",319
paper2727,0,0.999705,"{""0"": 0.999705, ""1"": 0.000192, ""2"": 6.5e-05, ""3"": 3.8e-05}",397
paper2728,0,0.999608,"{""0"": 0.999608, ""1"": 0.000255, ""2"": 8.7e-05, ""3"": 5e-05}",303
paper2729,0,0.999521,"{""0"": 0.999521, ""1"": 0.000312, ""2"": 0.000106, ""3"": 6.1e-05}",249
paper273,0,0.999581,"{""0"": 0.999581, ""1"": 0.000273, ""2"": 9.3e-05, ""3"": 5.3e-05}",245
paper2730,0,0.999621,"{""0"": 0.999621, ""1"": 0.000247, ""2"": 8.4e-05, ""3"": 4.8e-05}",333
paper2731,0,0.999662,"{""0"": 0.999662, ""1"": 0.00022, ""2"": 7.5e-05, ""3"": 4.3e-05}",335
paper2732,0,0.999723,"{""0"": 0.999723, ""1"": 0.000181, ""2"": 6.1e-05, ""3"": 3.5e-05}",396
paper2733,0,0.999428,"{""0"": 0.999428, ""1"": 0.000372, ""2"": 0.000127, ""3"": 7.3e-05}",219
paper2734,0,0.999646,"{""0"": 0.999646, ""1"": 0.000231, ""2"": 7.8e-05, ""3"": 4.5e-05}",381
paper2735,0,0.999554,"{""0"": 0.999554, ""1"": 0.00029, ""2"": 9.9e-05, ""3"": 5.7e-05}",256
paper2736,0,0.999607,"{""0"": 0.999607, ""1"": 0.000256, ""2"": 8.7e-05, ""3"": 5e-05}",355
paper2737,0,0.999501,"{""0"": 0.999501, ""1"": 0.000325, ""2"": 0.00011, ""3"": 6.3e-05}",277
paper2738,0,0.999653,"{""0"": 0.999653, ""1"": 0.000226, ""2"": 7.7e-05, ""3"": 4.4e-05}",355
paper2739,0,0.999548,"{""0"": 0.999548, ""1"": 0.000294, ""2"": 0.0001, ""3"": 5.7e-05}",263
paper274,0,0.830239,"{""0"": 0.830239, ""1"": 0.169636, ""2"": 8e-05, ""3"": 4.6e-05}",312
paper2740,0,0.999428,"{""0"": 0.999428, ""1"": 0.000372, ""2"": 0.000127, ""3"": 7.3e-05}",205
paper2741,0,0.999724,"{""0"": 0.999724, ""1"": 0.000179, ""2"": 6.1e-05, ""3"": 3.5e-05}",409
paper2742,0,0.999616,"{""0"": 0.999616, ""1"": 0.00025, ""2"": 8.5e-05, ""3"": 4.9e-05}",296
paper2743,0,0.999676,"{""0"": 0.999676, ""1"": 0.000211, ""2"": 7.2e-05, ""3"": 4.1e-05}",366
paper2744,0,0.999692,"{""0"": 0.999692, ""1"": 0.000201, ""2"": 6.8e-05, ""3"": 3.9e-05}",368
paper2745,0,0.900439,"{""0"": 0.900439, ""1"": 0.09936, ""2"": 0.000127, ""3"": 7.3e-05}",237
paper2746,0,0.999539,"{""0"": 0.999539, ""1"": 0.0003, ""2"": 0.000102, ""3"": 5.9e-05}",245
paper2747,0,0.999692,"{""0"": 0.999692, ""1"": 0.000201, ""2"": 6.8e-05, ""3"": 3.9e-05}",357
paper2748,0,0.999636,"{""0"": 0.999636, ""1"": 0.000237, ""2"": 8.1e-05, ""3"": 4.6e-05}",323
paper2749,0,0.999619,"{""0"": 0.999619, ""1"": 0.000248, ""2"": 8.4e-05, ""3"": 4.8e-05}",311
paper275,0,0.999546,"{""0"": 0.999546, ""1"": 0.000296, ""2"": 0.000101, ""3"": 5.8e-05}",296
paper2750,0,0.999675,"{""0"": 0.999675, ""1"": 0.000211, ""2"": 7.2e-05, ""3"": 4.1e-05}",379
paper2751,0,0.99957,"{""0"": 0.99957, ""1"": 0.00028, ""2"": 9.5e-05, ""3"": 5.5e-05}",286
paper2752,0,0.999628,"{""0"": 0.999628, ""1"": 0.000242, ""2"": 8.2e-05, ""3"": 4.7e-05}",302
paper2753,0,0.99967,"{""0"": 0.99967, ""1"": 0.000215, ""2"": 7.3e-05, ""3"": 4.2e-05}",373
paper2754,0,0.999572,"{""0"": 0.999572, ""1"": 0.000279, ""2"": 9.5e-05, ""3"": 5.4e-05}",288
paper2755,0,0.973498,"{""0"": 0.973498, ""1"": 0.026372, ""2"": 8.3e-05, ""3"": 4.8e-05}",312
paper2756,0,0.973991,"{""0"": 0.973991, ""1"": 0.000207, ""2"": 7e-05, ""3"": 0.025732}",398
paper2757,0,0.977001,"{""0"": 0.977001, ""1"": 0.000228, ""2"": 7.8e-05, ""3"": 0.022693}",323
paper2758,0,0.999531,"{""0"": 0.999531, ""1"": 0.000306, ""2"": 0.000104, ""3"": 6e-05}",274
paper2759,0,0.999699,"{""0"": 0.999699, ""1"": 0.000196, ""2"": 6.7e-05, ""3"": 3.8e-05}",385
paper276,0,0.999683,"{""0"": 0.999683, ""1"": 0.000207, ""2"": 7e-05, ""3"": 4e-05}",375
paper2760,0,0.999616,"{""0"": 0.999616, ""1"": 0.00025, ""2"": 8.5e-05, ""3"": 4.9e-05}",296
paper2761,0,0.999834,"{""0"": 0.999834, ""1"": 0.000108, ""2"": 3.7e-05, ""3"": 2.1e-05}",634
paper2762,0,0.999694,"{""0"": 0.999694, ""1"": 0.000199, ""2"": 6.8e-05, ""3"": 3.9e-05}",364
paper2763,0,0.964873,"{""0"": 0.964873, ""1"": 0.00024, ""2"": 0.034841, ""3"": 4.7e-05}",327
paper2764,0,0.999621,"{""0"": 0.999621, ""1"": 0.000247, ""2"": 8.4e-05, ""3"": 4.8e-05}",1531
paper2765,0,0.999883,"{""0"": 0.999883, ""1"": 7.6e-05, ""2"": 2.6e-05, ""3"": 1.5e-05}",1472
paper2766,0,0.999756,"{""0"": 0.999756, ""1"": 0.000159, ""2"": 5.4e-05, ""3"": 3.1e-05}",499
paper2767,0,0.999457,"{""0"": 0.999457, ""1"": 0.000354, ""2"": 0.00012, ""3"": 6.9e-05}",208
paper2768,0,0.845751,"{""0"": 0.845751, ""1"": 0.132126, ""2"": 0.022084, ""3"": 3.9e-05}",395
paper2769,0,0.999712,"{""0"": 0.999712, ""1"": 0.000188, ""2"": 6.4e-05, ""3"": 3.7e-05}",393
paper277,0,0.999849,"{""0"": 0.999849, ""1"": 9.8e-05, ""2"": 3.3e-05, ""3"": 1.9e-05}",860
paper2770,0,0.999629,"{""0"": 0.999629, ""1"": 0.000241, ""2"": 8.2e-05, ""3"": 4.7e-05}",306
paper2771,0,0.999643,"{""0"": 0.999643, ""1"": 0.000232, ""2"": 7.9e-05, ""3"": 4.5e-05}",299
paper2772,0,0.999619,"{""0"": 0.999619, ""1"": 0.000248, ""2"": 8.4e-05, ""3"": 4.8e-05}",341
paper2773,0,0.945149,"{""0"": 0.945149, ""1"": 0.0547, ""2"": 9.6e-05, ""3"": 5.5e-05}",282
paper2774,0,0.99959,"{""0"": 0.99959, ""1"": 0.000267, ""2"": 9.1e-05, ""3"": 5.2e-05}",300
paper2775,0,0.999735,"{""0"": 0.999735, ""1"": 0.000173, ""2"": 5.9e-05, ""3"": 3.4e-05}",479
paper2776,0,0.999673,"{""0"": 0.999673, ""1"": 0.000213, ""2"": 7.2e-05, ""3"": 4.2e-05}",377
paper2777,0,0.986916,"{""0"": 0.986916, ""1"": 0.012969, ""2"": 7.3e-05, ""3"": 4.2e-05}",361
paper2778,0,0.999621,"{""0"": 0.999621, ""1"": 0.000247, ""2"": 8.4e-05, ""3"": 4.8e-05}",304
paper2779,0,0.999587,"{""0"": 0.999587, ""1"": 0.000269, ""2"": 9.2e-05, ""3"": 5.3e-05}",292
paper278,0,0.999653,"{""0"": 0.999653, ""1"": 0.000226, ""2"": 7.7e-05, ""3"": 4.4e-05}",337
paper2780,0,0.99953,"{""0"": 0.99953, ""1"": 0.000306, ""2"": 0.000104, ""3"": 6e-05}",264
paper2781,0,0.999707,"{""0"": 0.999707, ""1"": 0.000191, ""2"": 6.5e-05, ""3"": 3.7e-05}",390
paper2782,0,0.999904,"{""0"": 0.999904, ""1"": 6.2e-05, ""2"": 2.1e-05, ""3"": 1.2e-05}",1598
paper2783,0,0.999486,"{""0"": 0.999486, ""1"": 0.000335, ""2"": 0.000114, ""3"": 6.5e-05}",229
paper2784,0,0.999653,"{""0"": 0.999653, ""1"": 0.000226, ""2"": 7.7e-05, ""3"": 4.4e-05}",357
paper2785,0,0.981836,"{""0"": 0.981836, ""1"": 0.018, ""2"": 0.000104, ""3"": 6e-05}",249
paper2786,0,0.999566,"{""0"": 0.999566, ""1"": 0.000282, ""2"": 9.6e-05, ""3"": 5.5e-05}",297
paper2787,0,0.978632,"{""0"": 0.978632, ""1"": 0.021271, ""2"": 6.1e-05, ""3"": 3.5e-05}",417
paper2788,0,0.999622,"{""0"": 0.999622, ""1"": 0.000246, ""2"": 8.4e-05, ""3"": 4.8e-05}",305
paper2789,0,0.999898,"{""0"": 0.999898, ""1"": 6.6e-05, ""2"": 2.2e-05, ""3"": 1.3e-05}",1004
paper279,0,0.924001,"{""0"": 0.924001, ""1"": 0.075887, ""2"": 7.1e-05, ""3"": 4.1e-05}",377
paper2790,0,0.999658,"{""0"": 0.999658, ""1"": 0.000223, ""2"": 7.6e-05, ""3"": 4.4e-05}",329
paper2791,0,0.909817,"{""0"": 0.909817, ""1"": 0.090028, ""2"": 9.8e-05, ""3"": 5.6e-05}",264
paper2792,0,0.999524,"{""0"": 0.999524, ""1"": 0.00031, ""2"": 0.000106, ""3"": 6.1e-05}",251
paper2793,0,0.954246,"{""0"": 0.954246, ""1"": 0.045662, ""2"": 5.8e-05, ""3"": 3.4e-05}",405
paper2794,0,0.999743,"{""0"": 0.999743, ""1"": 0.000167, ""2"": 5.7e-05, ""3"": 3.3e-05}",442
paper2795,0,0.999535,"{""0"": 0.999535, ""1"": 0.000303, ""2"": 0.000103, ""3"": 5.9e-05}",262
paper2796,0,0.839063,"{""0"": 0.839063, ""1"": 0.159552, ""2"": 0.00088, ""3"": 0.000505}",28
paper2797,0,0.997768,"{""0"": 0.997768, ""1"": 0.001454, ""2"": 0.000495, ""3"": 0.000284}",43
paper2798,0,0.996813,"{""0"": 0.996813, ""1"": 0.002075, ""2"": 0.000706, ""3"": 0.000406}",52
paper2799,0,0.873997,"{""0"": 0.873997, ""1"": 0.124891, ""2"": 0.000706, ""3"": 0.000406}",35
paper280,0,0.999589,"{""0"": 0.999589, ""1"": 0.000268, ""2"": 9.1e-05, ""3"": 5.2e-05}",274
paper2800,0,0.789197,"{""0"": 0.789197, ""1"": 0.209848, ""2"": 0.000606, ""3"": 0.000348}",43
paper2801,0,0.864486,"{""0"": 0.864486, ""1"": 0.134281, ""2"": 0.000783, ""3"": 0.00045}",28
paper2802,0,0.997184,"{""0"": 0.997184, ""1"": 0.001834, ""2"": 0.000624, ""3"": 0.000358}",36
paper2803,0,0.859928,"{""0"": 0.859928, ""1"": 0.138839, ""2"": 0.000783, ""3"": 0.00045}",33
paper2804,0,0.895374,"{""0"": 0.895374, ""1"": 0.10367, ""2"": 0.000607, ""3"": 0.000348}",36
paper2805,0,0.849983,"{""0"": 0.849983, ""1"": 0.148905, ""2"": 0.000706, ""3"": 0.000406}",30
paper2806,0,0.876535,"{""0"": 0.876535, ""1"": 0.122737, ""2"": 0.000462, ""3"": 0.000266}",46
paper2807,0,0.953553,"{""0"": 0.953553, ""1"": 0.000599, ""2"": 0.045731, ""3"": 0.000117}",155
paper2808,0,0.884153,"{""0"": 0.884153, ""1"": 0.001732, ""2"": 0.113775, ""3"": 0.000339}",49
paper2809,0,0.859105,"{""0"": 0.859105, ""1"": 0.139783, ""2"": 0.000706, ""3"": 0.000406}",39
paper281,0,0.937042,"{""0"": 0.937042, ""1"": 0.000309, ""2"": 0.062589, ""3"": 6e-05}",235
paper2810,0,0.83093,"{""0"": 0.83093, ""1"": 0.167562, ""2"": 0.000958, ""3"": 0.000551}",27
paper2811,0,0.862464,"{""0"": 0.862464, ""1"": 0.136386, ""2"": 0.00073, ""3"": 0.00042}",32
paper2813,0,0.825893,"{""0"": 0.825893, ""1"": 0.172776, ""2"": 0.000845, ""3"": 0.000486}",28
paper2814,0,0.996705,"{""0"": 0.996705, ""1"": 0.002146, ""2"": 0.00073, ""3"": 0.000419}",32
paper2815,0,0.997338,"{""0"": 0.997338, ""1"": 0.001734, ""2"": 0.00059, ""3"": 0.000339}",44
paper2816,1,0.630258,"{""0"": 0.364453, ""1"": 0.630258, ""2"": 0.003359, ""3"": 0.00193}",5
paper2817,0,0.760498,"{""0"": 0.760498, ""1"": 0.237759, ""2"": 0.001107, ""3"": 0.000636}",30
paper2818,0,0.906836,"{""0"": 0.906836, ""1"": 0.092306, ""2"": 0.000545, ""3"": 0.000313}",39
paper2819,0,0.875333,"{""0"": 0.875333, ""1"": 0.12359, ""2"": 0.000684, ""3"": 0.000393}",32
paper282,0,0.940686,"{""0"": 0.940686, ""1"": 0.059196, ""2"": 7.5e-05, ""3"": 4.3e-05}",353
paper2820,0,0.997866,"{""0"": 0.997866, ""1"": 0.00139, ""2"": 0.000473, ""3"": 0.000272}",53
paper2821,0,0.793222,"{""0"": 0.793222, ""1"": 0.205498, ""2"": 0.000813, ""3"": 0.000467}",33
paper2822,0,0.996915,"{""0"": 0.996915, ""1"": 0.002009, ""2"": 0.000683, ""3"": 0.000393}",31
paper2823,0,0.7886,"{""0"": 0.7886, ""1"": 0.001118, ""2"": 0.210063, ""3"": 0.000219}",61
paper2824,0,0.853809,"{""0"": 0.853809, ""1"": 0.145375, ""2"": 0.000518, ""3"": 0.000298}",45
paper2825,0,0.998916,"{""0"": 0.998916, ""1"": 0.000706, ""2"": 0.00024, ""3"": 0.000138}",105
paper2826,0,0.891617,"{""0"": 0.891617, ""1"": 0.1074, ""2"": 0.000624, ""3"": 0.000359}",41
paper2827,0,0.803246,"{""0"": 0.803246, ""1"": 0.195678, ""2"": 0.000683, ""3"": 0.000393}",34
paper2828,0,0.955985,"{""0"": 0.955985, ""1"": 0.043789, ""2"": 0.000144, ""3"": 8.3e-05}",171
paper2829,0,0.850241,"{""0"": 0.850241, ""1"": 0.148478, ""2"": 0.000813, ""3"": 0.000467}",31
paper283,0,0.960518,"{""0"": 0.960518, ""1"": 0.014858, ""2"": 0.024586, ""3"": 3.8e-05}",374
paper2830,0,0.997011,"{""0"": 0.997011, ""1"": 0.001947, ""2"": 0.000662, ""3"": 0.00038}",41
paper2831,0,0.78737,"{""0"": 0.78737, ""1"": 0.16074, ""2"": 0.051738, ""3"": 0.000151}",95
paper2832,0,0.710968,"{""0"": 0.710968, ""1"": 0.287956, ""2"": 0.000684, ""3"": 0.000393}",33
paper2833,0,0.997411,"{""0"": 0.997411, ""1"": 0.001686, ""2"": 0.000574, ""3"": 0.00033}",44
paper2834,0,0.645558,"{""0"": 0.645558, ""1"": 0.353625, ""2"": 0.000519, ""3"": 0.000298}",48
paper2835,0,0.999941,"{""0"": 0.999941, ""1"": 3.9e-05, ""2"": 1.3e-05, ""3"": 8e-06}",1959
paper2836,0,0.827148,"{""0"": 0.827148, ""1"": 0.171521, ""2"": 0.000845, ""3"": 0.000486}",27
paper2837,0,0.998493,"{""0"": 0.998493, ""1"": 0.000981, ""2"": 0.000334, ""3"": 0.000192}",92
paper2838,1,0.630267,"{""0"": 0.364445, ""1"": 0.630267, ""2"": 0.003359, ""3"": 0.00193}",5
paper2839,0,0.9971,"{""0"": 0.9971, ""1"": 0.001889, ""2"": 0.000642, ""3"": 0.000369}",36
paper284,0,0.99979,"{""0"": 0.99979, ""1"": 0.000137, ""2"": 4.7e-05, ""3"": 2.7e-05}",554
paper2840,0,0.832674,"{""0"": 0.832674, ""1"": 0.166371, ""2"": 0.000606, ""3"": 0.000348}",40
paper2841,0,0.929368,"{""0"": 0.929368, ""1"": 0.070465, ""2"": 0.000106, ""3"": 6.1e-05}",242
paper2842,0,0.997263,"{""0"": 0.997263, ""1"": 0.001782, ""2"": 0.000606, ""3"": 0.000348}",39
paper2843,0,0.788749,"{""0"": 0.788749, ""1"": 0.209411, ""2"": 0.001168, ""3"": 0.000671}",22
paper2844,0,0.921956,"{""0"": 0.921956, ""1"": 0.07736, ""2"": 0.000434, ""3"": 0.00025}",49
paper2845,0,0.999524,"{""0"": 0.999524, ""1"": 0.00031, ""2"": 0.000106, ""3"": 6.1e-05}",230
paper2846,0,0.995448,"{""0"": 0.995448, ""1"": 0.000235, ""2"": 0.004271, ""3"": 4.6e-05}",318
paper2847,0,0.999608,"{""0"": 0.999608, ""1"": 0.000255, ""2"": 8.7e-05, ""3"": 5e-05}",286
paper2848,0,0.976143,"{""0"": 0.976143, ""1"": 0.023727, ""2"": 8.3e-05, ""3"": 4.8e-05}",319
paper2849,0,0.950534,"{""0"": 0.950534, ""1"": 0.049359, ""2"": 6.8e-05, ""3"": 3.9e-05}",359
paper285,0,0.999678,"{""0"": 0.999678, ""1"": 0.00021, ""2"": 7.1e-05, ""3"": 4.1e-05}",376
paper2850,0,0.999644,"{""0"": 0.999644, ""1"": 0.000232, ""2"": 7.9e-05, ""3"": 4.5e-05}",387
paper2851,0,0.999469,"{""0"": 0.999469, ""1"": 0.000346, ""2"": 0.000118, ""3"": 6.8e-05}",225
paper2852,0,0.999583,"{""0"": 0.999583, ""1"": 0.000271, ""2"": 9.2e-05, ""3"": 5.3e-05}",276
paper2853,0,0.999668,"{""0"": 0.999668, ""1"": 0.000216, ""2"": 7.4e-05, ""3"": 4.2e-05}",337
paper2854,0,0.84917,"{""0"": 0.84917, ""1"": 0.150669, ""2"": 0.000102, ""3"": 5.9e-05}",259
paper2855,0,0.999625,"{""0"": 0.999625, ""1"": 0.000244, ""2"": 8.3e-05, ""3"": 4.8e-05}",324
paper2856,0,0.9997,"{""0"": 0.9997, ""1"": 0.000195, ""2"": 6.6e-05, ""3"": 3.8e-05}",377
paper2857,0,0.999679,"{""0"": 0.999679, ""1"": 0.000209, ""2"": 7.1e-05, ""3"": 4.1e-05}",373
paper2858,0,0.999572,"{""0"": 0.999572, ""1"": 0.000279, ""2"": 9.5e-05, ""3"": 5.4e-05}",310
paper2859,0,0.99957,"{""0"": 0.99957, ""1"": 0.00028, ""2"": 9.5e-05, ""3"": 5.5e-05}",279
paper286,0,0.865465,"{""0"": 0.865465, ""1"": 0.121702, ""2"": 0.012788, ""3"": 4.4e-05}",324
paper2860,0,0.54519,"{""0"": 0.54519, ""1"": 0.454199, ""2"": 0.000388, ""3"": 0.000223}",65
paper2861,0,0.999653,"{""0"": 0.999653, ""1"": 0.000226, ""2"": 7.7e-05, ""3"": 4.4e-05}",331
paper2862,0,0.999647,"{""0"": 0.999647, ""1"": 0.00023, ""2"": 7.8e-05, ""3"": 4.5e-05}",310
paper2863,0,0.915241,"{""0"": 0.915241, ""1"": 0.084739, ""2"": 1.3e-05, ""3"": 7e-06}",2630
paper2864,0,0.999576,"{""0"": 0.999576, ""1"": 0.000276, ""2"": 9.4e-05, ""3"": 5.4e-05}",264
paper2865,0,0.999568,"{""0"": 0.999568, ""1"": 0.000281, ""2"": 9.6e-05, ""3"": 5.5e-05}",280
paper2866,0,0.999706,"{""0"": 0.999706, ""1"": 0.000191, ""2"": 6.5e-05, ""3"": 3.7e-05}",390
paper2867,0,0.834268,"{""0"": 0.834268, ""1"": 0.165245, ""2"": 0.000309, ""3"": 0.000178}",1422
paper2868,0,0.999566,"{""0"": 0.999566, ""1"": 0.000282, ""2"": 9.6e-05, ""3"": 5.5e-05}",298
paper2869,0,0.999712,"{""0"": 0.999712, ""1"": 0.000187, ""2"": 6.4e-05, ""3"": 3.7e-05}",402
paper287,0,0.999581,"{""0"": 0.999581, ""1"": 0.000273, ""2"": 9.3e-05, ""3"": 5.3e-05}",294
paper2870,0,0.99948,"{""0"": 0.99948, ""1"": 0.000338, ""2"": 0.000115, ""3"": 6.6e-05}",238
paper2871,0,0.99955,"{""0"": 0.99955, ""1"": 0.000293, ""2"": 0.0001, ""3"": 5.7e-05}",262
paper2872,0,0.999704,"{""0"": 0.999704, ""1"": 0.000193, ""2"": 6.6e-05, ""3"": 3.8e-05}",366
paper2873,0,0.999686,"{""0"": 0.999686, ""1"": 0.000204, ""2"": 7e-05, ""3"": 4e-05}",390
paper2874,0,0.9193,"{""0"": 0.9193, ""1"": 0.080239, ""2"": 0.000293, ""3"": 0.000168}",92
paper2875,0,0.815334,"{""0"": 0.815334, ""1"": 0.00295, ""2"": 0.181139, ""3"": 0.000577}",28
paper2876,0,0.999582,"{""0"": 0.999582, ""1"": 0.000273, ""2"": 9.3e-05, ""3"": 5.3e-05}",264
paper2877,0,0.921455,"{""0"": 0.921455, ""1"": 0.078407, ""2"": 8.8e-05, ""3"": 5e-05}",314
paper2878,0,0.999517,"{""0"": 0.999517, ""1"": 0.000315, ""2"": 0.000107, ""3"": 6.2e-05}",238
paper2879,0,0.999581,"{""0"": 0.999581, ""1"": 0.000273, ""2"": 9.3e-05, ""3"": 5.3e-05}",278
paper288,0,0.914985,"{""0"": 0.914985, ""1"": 0.084965, ""2"": 3.2e-05, ""3"": 1.8e-05}",764
paper2880,0,0.940005,"{""0"": 0.940005, ""1"": 6.9e-05, ""2"": 2.3e-05, ""3"": 0.059903}",1921
paper2881,0,0.999663,"{""0"": 0.999663, ""1"": 0.000219, ""2"": 7.5e-05, ""3"": 4.3e-05}",313
paper2882,0,0.911228,"{""0"": 0.911228, ""1"": 0.033106, ""2"": 0.055472, ""3"": 0.000195}",96
paper2883,0,0.611094,"{""0"": 0.611094, ""1"": 0.362273, ""2"": 0.026429, ""3"": 0.000204}",68
paper2884,0,0.854989,"{""0"": 0.854989, ""1"": 0.144712, ""2"": 0.00019, ""3"": 0.000109}",129
paper2885,0,0.999675,"{""0"": 0.999675, ""1"": 0.000211, ""2"": 7.2e-05, ""3"": 4.1e-05}",354
paper2886,0,0.999719,"{""0"": 0.999719, ""1"": 0.000183, ""2"": 6.2e-05, ""3"": 3.6e-05}",404
paper2887,0,0.78705,"{""0"": 0.78705, ""1"": 0.212133, ""2"": 0.000519, ""3"": 0.000298}",56
paper2888,0,0.999566,"{""0"": 0.999566, ""1"": 0.000282, ""2"": 9.6e-05, ""3"": 5.5e-05}",262
paper2889,0,0.99972,"{""0"": 0.99972, ""1"": 0.000183, ""2"": 6.2e-05, ""3"": 3.6e-05}",409
paper289,0,0.99971,"{""0"": 0.99971, ""1"": 0.000189, ""2"": 6.4e-05, ""3"": 3.7e-05}",377
paper2890,0,0.880482,"{""0"": 0.880482, ""1"": 0.119056, ""2"": 0.000293, ""3"": 0.000168}",96
paper2891,0,0.999663,"{""0"": 0.999663, ""1"": 0.000219, ""2"": 7.5e-05, ""3"": 4.3e-05}",368
paper2892,0,0.999519,"{""0"": 0.999519, ""1"": 0.000313, ""2"": 0.000107, ""3"": 6.1e-05}",238
paper2893,0,0.997814,"{""0"": 0.997814, ""1"": 0.001424, ""2"": 0.000484, ""3"": 0.000278}",50
paper2894,0,0.760073,"{""0"": 0.760073, ""1"": 0.239732, ""2"": 0.000124, ""3"": 7.1e-05}",224
paper2895,0,0.99948,"{""0"": 0.99948, ""1"": 0.000339, ""2"": 0.000115, ""3"": 6.6e-05}",243
paper2896,0,0.999605,"{""0"": 0.999605, ""1"": 0.000257, ""2"": 8.7e-05, ""3"": 5e-05}",297
paper2897,0,0.999672,"{""0"": 0.999672, ""1"": 0.000214, ""2"": 7.3e-05, ""3"": 4.2e-05}",345
paper2898,0,0.999564,"{""0"": 0.999564, ""1"": 0.000284, ""2"": 9.6e-05, ""3"": 5.5e-05}",269
paper2899,0,0.926035,"{""0"": 0.926035, ""1"": 0.073772, ""2"": 0.000123, ""3"": 7.1e-05}",241
paper290,0,0.999685,"{""0"": 0.999685, ""1"": 0.000205, ""2"": 7e-05, ""3"": 4e-05}",388
paper2900,0,0.999377,"{""0"": 0.999377, ""1"": 0.000406, ""2"": 0.000138, ""3"": 7.9e-05}",203
paper2901,0,0.999466,"{""0"": 0.999466, ""1"": 0.000348, ""2"": 0.000118, ""3"": 6.8e-05}",223
paper2902,0,0.999689,"{""0"": 0.999689, ""1"": 0.000203, ""2"": 6.9e-05, ""3"": 4e-05}",413
paper2903,0,0.999675,"{""0"": 0.999675, ""1"": 0.000211, ""2"": 7.2e-05, ""3"": 4.1e-05}",351
paper2904,0,0.9994,"{""0"": 0.9994, ""1"": 0.000391, ""2"": 0.000133, ""3"": 7.6e-05}",219
paper2905,0,0.970532,"{""0"": 0.970532, ""1"": 0.029373, ""2"": 6e-05, ""3"": 3.5e-05}",410
paper2906,0,0.999729,"{""0"": 0.999729, ""1"": 0.000176, ""2"": 6e-05, ""3"": 3.4e-05}",408
paper2907,0,0.999692,"{""0"": 0.999692, ""1"": 0.000201, ""2"": 6.8e-05, ""3"": 3.9e-05}",360
paper2908,0,0.999602,"{""0"": 0.999602, ""1"": 0.000259, ""2"": 8.8e-05, ""3"": 5.1e-05}",306
paper2909,0,0.99961,"{""0"": 0.99961, ""1"": 0.000254, ""2"": 8.6e-05, ""3"": 5e-05}",297
paper291,0,0.999574,"{""0"": 0.999574, ""1"": 0.000277, ""2"": 9.4e-05, ""3"": 5.4e-05}",256
paper2910,0,0.994273,"{""0"": 0.994273, ""1"": 0.005642, ""2"": 5.4e-05, ""3"": 3.1e-05}",455
paper2911,0,0.999616,"{""0"": 0.999616, ""1"": 0.00025, ""2"": 8.5e-05, ""3"": 4.9e-05}",302
paper2912,0,0.999552,"{""0"": 0.999552, ""1"": 0.000292, ""2"": 9.9e-05, ""3"": 5.7e-05}",258
paper2913,0,0.999533,"{""0"": 0.999533, ""1"": 0.000304, ""2"": 0.000103, ""3"": 5.9e-05}",259
paper2914,0,0.999602,"{""0"": 0.999602, ""1"": 0.000259, ""2"": 8.8e-05, ""3"": 5.1e-05}",292
paper2915,0,0.999677,"{""0"": 0.999677, ""1"": 0.00021, ""2"": 7.1e-05, ""3"": 4.1e-05}",338
paper2916,0,0.999652,"{""0"": 0.999652, ""1"": 0.000227, ""2"": 7.7e-05, ""3"": 4.4e-05}",373
paper2917,0,0.999759,"{""0"": 0.999759, ""1"": 0.000157, ""2"": 5.3e-05, ""3"": 3.1e-05}",501
paper2918,0,0.926071,"{""0"": 0.926071, ""1"": 0.073897, ""2"": 2e-05, ""3"": 1.2e-05}",1197
paper2919,0,0.999657,"{""0"": 0.999657, ""1"": 0.000223, ""2"": 7.6e-05, ""3"": 4.4e-05}",347
paper292,0,0.979012,"{""0"": 0.979012, ""1"": 0.020811, ""2"": 0.000112, ""3"": 6.4e-05}",219
paper2920,0,0.999677,"{""0"": 0.999677, ""1"": 0.000211, ""2"": 7.2e-05, ""3"": 4.1e-05}",348
paper2921,0,0.999724,"{""0"": 0.999724, ""1"": 0.00018, ""2"": 6.1e-05, ""3"": 3.5e-05}",410
paper2922,0,0.999699,"{""0"": 0.999699, ""1"": 0.000196, ""2"": 6.7e-05, ""3"": 3.8e-05}",368
paper2923,0,0.999693,"{""0"": 0.999693, ""1"": 0.0002, ""2"": 6.8e-05, ""3"": 3.9e-05}",363
paper2924,0,0.999568,"{""0"": 0.999568, ""1"": 0.000281, ""2"": 9.6e-05, ""3"": 5.5e-05}",277
paper2925,0,0.999718,"{""0"": 0.999718, ""1"": 0.000184, ""2"": 6.2e-05, ""3"": 3.6e-05}",404
paper2926,0,0.957103,"{""0"": 0.957103, ""1"": 0.042769, ""2"": 8.1e-05, ""3"": 4.6e-05}",310
paper2927,0,0.999494,"{""0"": 0.999494, ""1"": 0.000329, ""2"": 0.000112, ""3"": 6.4e-05}",231
paper2928,0,0.983606,"{""0"": 0.983606, ""1"": 0.016264, ""2"": 8.2e-05, ""3"": 4.7e-05}",298
paper2929,0,0.995027,"{""0"": 0.995027, ""1"": 0.004847, ""2"": 8e-05, ""3"": 4.6e-05}",336
paper293,0,0.987595,"{""0"": 0.987595, ""1"": 0.012222, ""2"": 0.000116, ""3"": 6.7e-05}",209
paper2930,0,0.999833,"{""0"": 0.999833, ""1"": 0.000109, ""2"": 3.7e-05, ""3"": 2.1e-05}",684
paper2931,0,0.999682,"{""0"": 0.999682, ""1"": 0.000207, ""2"": 7e-05, ""3"": 4e-05}",335
paper2932,0,0.999753,"{""0"": 0.999753, ""1"": 0.000161, ""2"": 5.5e-05, ""3"": 3.1e-05}",460
paper2933,0,0.999454,"{""0"": 0.999454, ""1"": 0.000356, ""2"": 0.000121, ""3"": 7e-05}",214
paper2934,0,0.99955,"{""0"": 0.99955, ""1"": 0.000293, ""2"": 0.0001, ""3"": 5.7e-05}",263
paper2935,0,0.999677,"{""0"": 0.999677, ""1"": 0.000211, ""2"": 7.2e-05, ""3"": 4.1e-05}",354
paper2936,0,0.999871,"{""0"": 0.999871, ""1"": 8.4e-05, ""2"": 2.9e-05, ""3"": 1.6e-05}",1050
paper2937,0,0.999648,"{""0"": 0.999648, ""1"": 0.000229, ""2"": 7.8e-05, ""3"": 4.5e-05}",306
paper2938,0,0.999592,"{""0"": 0.999592, ""1"": 0.000266, ""2"": 9e-05, ""3"": 5.2e-05}",282
paper2939,0,0.99959,"{""0"": 0.99959, ""1"": 0.000267, ""2"": 9.1e-05, ""3"": 5.2e-05}",311
paper294,0,0.916372,"{""0"": 0.916372, ""1"": 0.077846, ""2"": 8.3e-05, ""3"": 0.005699}",310
paper2940,0,0.999725,"{""0"": 0.999725, ""1"": 0.000179, ""2"": 6.1e-05, ""3"": 3.5e-05}",419
paper2941,0,0.999563,"{""0"": 0.999563, ""1"": 0.000285, ""2"": 9.7e-05, ""3"": 5.6e-05}",264
paper2942,0,0.999502,"{""0"": 0.999502, ""1"": 0.000324, ""2"": 0.00011, ""3"": 6.3e-05}",231
paper2943,0,0.999662,"{""0"": 0.999662, ""1"": 0.00022, ""2"": 7.5e-05, ""3"": 4.3e-05}",340
paper2944,0,0.999684,"{""0"": 0.999684, ""1"": 0.000206, ""2"": 7e-05, ""3"": 4e-05}",358
paper2945,0,0.999715,"{""0"": 0.999715, ""1"": 0.000186, ""2"": 6.3e-05, ""3"": 3.6e-05}",388
paper2946,0,0.999635,"{""0"": 0.999635, ""1"": 0.000238, ""2"": 8.1e-05, ""3"": 4.6e-05}",320
paper2947,0,0.970935,"{""0"": 0.970935, ""1"": 0.028954, ""2"": 7.1e-05, ""3"": 4.1e-05}",347
paper2948,0,0.999655,"{""0"": 0.999655, ""1"": 0.000225, ""2"": 7.7e-05, ""3"": 4.4e-05}",335
paper2949,0,0.942751,"{""0"": 0.942751, ""1"": 0.057161, ""2"": 5.6e-05, ""3"": 3.2e-05}",487
paper295,0,0.999466,"{""0"": 0.999466, ""1"": 0.000348, ""2"": 0.000118, ""3"": 6.8e-05}",207
paper2950,0,0.999714,"{""0"": 0.999714, ""1"": 0.000186, ""2"": 6.3e-05, ""3"": 3.6e-05}",410
paper2951,3,0.770688,"{""0"": 0.229228, ""1"": 6.2e-05, ""2"": 2.1e-05, ""3"": 0.770688}",1350
paper2952,0,0.999642,"{""0"": 0.999642, ""1"": 0.000233, ""2"": 7.9e-05, ""3"": 4.6e-05}",317
paper2953,0,0.999428,"{""0"": 0.999428, ""1"": 0.000372, ""2"": 0.000127, ""3"": 7.3e-05}",213
paper2954,0,0.923519,"{""0"": 0.923519, ""1"": 0.076333, ""2"": 9.4e-05, ""3"": 5.4e-05}",270
paper2955,0,0.999581,"{""0"": 0.999581, ""1"": 0.000273, ""2"": 9.3e-05, ""3"": 5.3e-05}",311
paper2956,0,0.999671,"{""0"": 0.999671, ""1"": 0.000214, ""2"": 7.3e-05, ""3"": 4.2e-05}",340
paper2957,0,0.999526,"{""0"": 0.999526, ""1"": 0.000309, ""2"": 0.000105, ""3"": 6e-05}",236
paper2958,0,0.996477,"{""0"": 0.996477, ""1"": 0.003423, ""2"": 6.3e-05, ""3"": 3.6e-05}",390
paper2959,0,0.999704,"{""0"": 0.999704, ""1"": 0.000193, ""2"": 6.6e-05, ""3"": 3.8e-05}",374
paper296,0,0.877998,"{""0"": 0.877998, ""1"": 0.121886, ""2"": 7.4e-05, ""3"": 4.2e-05}",365
paper2960,0,0.999722,"{""0"": 0.999722, ""1"": 0.000181, ""2"": 6.2e-05, ""3"": 3.5e-05}",398
paper2961,0,0.999647,"{""0"": 0.999647, ""1"": 0.00023, ""2"": 7.8e-05, ""3"": 4.5e-05}",311
paper2962,0,0.999715,"{""0"": 0.999715, ""1"": 0.000186, ""2"": 6.3e-05, ""3"": 3.6e-05}",417
paper2963,0,0.999625,"{""0"": 0.999625, ""1"": 0.000244, ""2"": 8.3e-05, ""3"": 4.8e-05}",314
paper2964,0,0.999687,"{""0"": 0.999687, ""1"": 0.000204, ""2"": 6.9e-05, ""3"": 4e-05}",368
paper2965,0,0.999451,"{""0"": 0.999451, ""1"": 0.000358, ""2"": 0.000122, ""3"": 7e-05}",208
paper2966,0,0.999581,"{""0"": 0.999581, ""1"": 0.000273, ""2"": 9.3e-05, ""3"": 5.3e-05}",276
paper2967,0,0.999572,"{""0"": 0.999572, ""1"": 0.000279, ""2"": 9.5e-05, ""3"": 5.4e-05}",273
paper2968,0,0.999607,"{""0"": 0.999607, ""1"": 0.000256, ""2"": 8.7e-05, ""3"": 5e-05}",310
paper2969,0,0.969859,"{""0"": 0.969859, ""1"": 0.030036, ""2"": 6.7e-05, ""3"": 3.8e-05}",402
paper297,0,0.99968,"{""0"": 0.99968, ""1"": 0.000209, ""2"": 7.1e-05, ""3"": 4.1e-05}",356
paper2970,0,0.999546,"{""0"": 0.999546, ""1"": 0.000296, ""2"": 0.000101, ""3"": 5.8e-05}",270
paper2971,0,0.999489,"{""0"": 0.999489, ""1"": 0.000333, ""2"": 0.000113, ""3"": 6.5e-05}",219
paper2972,0,0.999681,"{""0"": 0.999681, ""1"": 0.000208, ""2"": 7.1e-05, ""3"": 4.1e-05}",342
paper2973,0,0.999444,"{""0"": 0.999444, ""1"": 0.000362, ""2"": 0.000123, ""3"": 7.1e-05}",230
paper2974,0,0.99929,"{""0"": 0.99929, ""1"": 0.000462, ""2"": 0.000157, ""3"": 9e-05}",159
paper2975,0,0.999568,"{""0"": 0.999568, ""1"": 0.000281, ""2"": 9.6e-05, ""3"": 5.5e-05}",291
paper2976,0,0.999731,"{""0"": 0.999731, ""1"": 0.000175, ""2"": 6e-05, ""3"": 3.4e-05}",414
paper2977,0,0.999604,"{""0"": 0.999604, ""1"": 0.000258, ""2"": 8.8e-05, ""3"": 5e-05}",284
paper2978,0,0.999685,"{""0"": 0.999685, ""1"": 0.000205, ""2"": 7e-05, ""3"": 4e-05}",347
paper2979,0,0.999724,"{""0"": 0.999724, ""1"": 0.00018, ""2"": 6.1e-05, ""3"": 3.5e-05}",419
paper298,0,0.999644,"{""0"": 0.999644, ""1"": 0.000232, ""2"": 7.9e-05, ""3"": 4.5e-05}",331
paper2980,0,0.999699,"{""0"": 0.999699, ""1"": 0.000196, ""2"": 6.7e-05, ""3"": 3.8e-05}",375
paper2981,0,0.999528,"{""0"": 0.999528, ""1"": 0.000307, ""2"": 0.000104, ""3"": 6e-05}",235
paper2982,0,0.982347,"{""0"": 0.982347, ""1"": 0.017533, ""2"": 7.6e-05, ""3"": 4.3e-05}",358
paper2983,0,0.999457,"{""0"": 0.999457, ""1"": 0.000354, ""2"": 0.00012, ""3"": 6.9e-05}",212
paper2984,0,0.999661,"{""0"": 0.999661, ""1"": 0.000221, ""2"": 7.5e-05, ""3"": 4.3e-05}",336
paper2985,0,0.999644,"{""0"": 0.999644, ""1"": 0.000232, ""2"": 7.9e-05, ""3"": 4.5e-05}",333
paper2986,0,0.999672,"{""0"": 0.999672, ""1"": 0.000214, ""2"": 7.3e-05, ""3"": 4.2e-05}",335
paper2987,0,0.9996,"{""0"": 0.9996, ""1"": 0.00026, ""2"": 8.9e-05, ""3"": 5.1e-05}",300
paper2988,0,0.993465,"{""0"": 0.993465, ""1"": 0.000229, ""2"": 0.006261, ""3"": 4.5e-05}",314
paper2989,0,0.999663,"{""0"": 0.999663, ""1"": 0.000219, ""2"": 7.5e-05, ""3"": 4.3e-05}",336
paper299,0,0.956336,"{""0"": 0.956336, ""1"": 0.043529, ""2"": 8.6e-05, ""3"": 4.9e-05}",301
paper2990,0,0.999622,"{""0"": 0.999622, ""1"": 0.000246, ""2"": 8.4e-05, ""3"": 4.8e-05}",305
paper2991,0,0.999655,"{""0"": 0.999655, ""1"": 0.000225, ""2"": 7.7e-05, ""3"": 4.4e-05}",332
paper2992,0,0.984144,"{""0"": 0.984144, ""1"": 0.0002, ""2"": 0.015617, ""3"": 3.9e-05}",376
paper2993,0,0.999725,"{""0"": 0.999725, ""1"": 0.000179, ""2"": 6.1e-05, ""3"": 3.5e-05}",387
paper2994,0,0.992215,"{""0"": 0.992215, ""1"": 0.007716, ""2"": 4.4e-05, ""3"": 2.5e-05}",617
paper2995,0,0.999683,"{""0"": 0.999683, ""1"": 0.000207, ""2"": 7e-05, ""3"": 4e-05}",363
paper2996,0,0.897941,"{""0"": 0.897941, ""1"": 0.10192, ""2"": 8.8e-05, ""3"": 5.1e-05}",290
paper2997,0,0.993315,"{""0"": 0.993315, ""1"": 0.000182, ""2"": 0.006468, ""3"": 3.5e-05}",461
paper2998,0,0.999356,"{""0"": 0.999356, ""1"": 0.000419, ""2"": 0.000143, ""3"": 8.2e-05}",217
paper2999,0,0.999664,"{""0"": 0.999664, ""1"": 0.000219, ""2"": 7.4e-05, ""3"": 4.3e-05}",353
paper3,0,0.999542,"{""0"": 0.999542, ""1"": 0.000298, ""2"": 0.000101, ""3"": 5.8e-05}",249
paper30,0,0.948259,"{""0"": 0.948259, ""1"": 0.051621, ""2"": 7.7e-05, ""3"": 4.4e-05}",331
paper300,0,0.999655,"{""0"": 0.999655, ""1"": 0.000225, ""2"": 7.7e-05, ""3"": 4.4e-05}",317
paper3000,0,0.9996,"{""0"": 0.9996, ""1"": 0.00026, ""2"": 8.9e-05, ""3"": 5.1e-05}",277
paper3001,0,0.83873,"{""0"": 0.83873, ""1"": 0.161134, ""2"": 8.6e-05, ""3"": 5e-05}",288
paper3002,0,0.999554,"{""0"": 0.999554, ""1"": 0.00029, ""2"": 9.9e-05, ""3"": 5.7e-05}",288
paper3003,0,0.999739,"{""0"": 0.999739, ""1"": 0.00017, ""2"": 5.8e-05, ""3"": 3.3e-05}",442
paper3004,0,0.999684,"{""0"": 0.999684, ""1"": 0.000206, ""2"": 7e-05, ""3"": 4e-05}",360
paper3005,0,0.976147,"{""0"": 0.976147, ""1"": 0.023721, ""2"": 8.4e-05, ""3"": 4.8e-05}",319
paper3006,0,0.999713,"{""0"": 0.999713, ""1"": 0.000187, ""2"": 6.4e-05, ""3"": 3.7e-05}",386
paper3007,0,0.999604,"{""0"": 0.999604, ""1"": 0.000258, ""2"": 8.8e-05, ""3"": 5e-05}",306
paper3008,0,0.99946,"{""0"": 0.99946, ""1"": 0.000352, ""2"": 0.00012, ""3"": 6.9e-05}",232
paper3009,0,0.99974,"{""0"": 0.99974, ""1"": 0.000169, ""2"": 5.8e-05, ""3"": 3.3e-05}",422
paper301,0,0.999712,"{""0"": 0.999712, ""1"": 0.000188, ""2"": 6.4e-05, ""3"": 3.7e-05}",381
paper3010,0,0.975698,"{""0"": 0.975698, ""1"": 0.024178, ""2"": 7.9e-05, ""3"": 4.5e-05}",336
paper3011,0,0.999597,"{""0"": 0.999597, ""1"": 0.000262, ""2"": 8.9e-05, ""3"": 5.1e-05}",1534
paper3012,0,0.999595,"{""0"": 0.999595, ""1"": 0.000263, ""2"": 9e-05, ""3"": 5.1e-05}",300
paper3013,0,0.852694,"{""0"": 0.852694, ""1"": 0.147186, ""2"": 7.6e-05, ""3"": 4.3e-05}",362
paper3014,0,0.999544,"{""0"": 0.999544, ""1"": 0.000297, ""2"": 0.000101, ""3"": 5.8e-05}",262
paper3015,0,0.999568,"{""0"": 0.999568, ""1"": 0.000281, ""2"": 9.6e-05, ""3"": 5.5e-05}",283
paper3016,0,0.999692,"{""0"": 0.999692, ""1"": 0.000201, ""2"": 6.8e-05, ""3"": 3.9e-05}",365
paper3017,0,0.999747,"{""0"": 0.999747, ""1"": 0.000165, ""2"": 5.6e-05, ""3"": 3.2e-05}",443
paper3018,0,0.999699,"{""0"": 0.999699, ""1"": 0.000196, ""2"": 6.7e-05, ""3"": 3.8e-05}",368
paper3019,0,0.999373,"{""0"": 0.999373, ""1"": 0.000409, ""2"": 0.000139, ""3"": 8e-05}",188
paper302,0,0.999689,"{""0"": 0.999689, ""1"": 0.000203, ""2"": 6.9e-05, ""3"": 4e-05}",359
paper3020,0,0.999821,"{""0"": 0.999821, ""1"": 0.000117, ""2"": 4e-05, ""3"": 2.3e-05}",617
paper3021,0,0.936234,"{""0"": 0.936234, ""1"": 0.063616, ""2"": 9.5e-05, ""3"": 5.5e-05}",260
paper3022,0,0.999661,"{""0"": 0.999661, ""1"": 0.000221, ""2"": 7.5e-05, ""3"": 4.3e-05}",327
paper3023,0,0.99964,"{""0"": 0.99964, ""1"": 0.000234, ""2"": 8e-05, ""3"": 4.6e-05}",295
paper3024,0,0.999519,"{""0"": 0.999519, ""1"": 0.000313, ""2"": 0.000107, ""3"": 6.1e-05}",243
paper3025,0,0.999653,"{""0"": 0.999653, ""1"": 0.000226, ""2"": 7.7e-05, ""3"": 4.4e-05}",420
paper3026,0,0.999724,"{""0"": 0.999724, ""1"": 0.00018, ""2"": 6.1e-05, ""3"": 3.5e-05}",435
paper3027,0,0.999622,"{""0"": 0.999622, ""1"": 0.000246, ""2"": 8.4e-05, ""3"": 4.8e-05}",289
paper3028,0,0.999772,"{""0"": 0.999772, ""1"": 0.000148, ""2"": 5e-05, ""3"": 2.9e-05}",492
paper3029,0,0.99973,"{""0"": 0.99973, ""1"": 0.000176, ""2"": 6e-05, ""3"": 3.4e-05}",439
paper303,0,0.999554,"{""0"": 0.999554, ""1"": 0.00029, ""2"": 9.9e-05, ""3"": 5.7e-05}",1265
paper3030,0,0.835027,"{""0"": 0.835027, ""1"": 0.081547, ""2"": 0.083379, ""3"": 4.7e-05}",314
paper3031,0,0.999713,"{""0"": 0.999713, ""1"": 0.000187, ""2"": 6.4e-05, ""3"": 3.7e-05}",427
paper3032,0,0.999619,"{""0"": 0.999619, ""1"": 0.000248, ""2"": 8.4e-05, ""3"": 4.8e-05}",306
paper3033,0,0.999692,"{""0"": 0.999692, ""1"": 0.000201, ""2"": 6.8e-05, ""3"": 3.9e-05}",364
paper3034,0,0.999738,"{""0"": 0.999738, ""1"": 0.000171, ""2"": 5.8e-05, ""3"": 3.3e-05}",419
paper3035,0,0.999679,"{""0"": 0.999679, ""1"": 0.000209, ""2"": 7.1e-05, ""3"": 4.1e-05}",363
paper3036,0,0.999251,"{""0"": 0.999251, ""1"": 0.000487, ""2"": 0.000166, ""3"": 9.5e-05}",157
paper3037,0,0.999738,"{""0"": 0.999738, ""1"": 0.000171, ""2"": 5.8e-05, ""3"": 3.3e-05}",415
paper3038,0,0.999533,"{""0"": 0.999533, ""1"": 0.000304, ""2"": 0.000103, ""3"": 5.9e-05}",250
paper3039,0,0.999625,"{""0"": 0.999625, ""1"": 0.000244, ""2"": 8.3e-05, ""3"": 4.8e-05}",305
paper304,0,0.999627,"{""0"": 0.999627, ""1"": 0.000243, ""2"": 8.3e-05, ""3"": 4.8e-05}",307
paper3040,0,0.999745,"{""0"": 0.999745, ""1"": 0.000166, ""2"": 5.7e-05, ""3"": 3.2e-05}",459
paper3041,0,0.999676,"{""0"": 0.999676, ""1"": 0.000211, ""2"": 7.2e-05, ""3"": 4.1e-05}",352
paper3042,0,0.999564,"{""0"": 0.999564, ""1"": 0.000284, ""2"": 9.6e-05, ""3"": 5.5e-05}",287
paper3043,0,0.999585,"{""0"": 0.999585, ""1"": 0.00027, ""2"": 9.2e-05, ""3"": 5.3e-05}",293
paper3044,0,0.946645,"{""0"": 0.946645, ""1"": 0.05326, ""2"": 6e-05, ""3"": 3.4e-05}",454
paper3045,0,0.988053,"{""0"": 0.988053, ""1"": 0.011822, ""2"": 7.9e-05, ""3"": 4.6e-05}",322
paper3046,0,0.966184,"{""0"": 0.966184, ""1"": 0.033698, ""2"": 7.5e-05, ""3"": 4.3e-05}",373
paper3047,0,0.999635,"{""0"": 0.999635, ""1"": 0.000238, ""2"": 8.1e-05, ""3"": 4.6e-05}",297
paper3048,0,0.908795,"{""0"": 0.908795, ""1"": 0.091069, ""2"": 8.6e-05, ""3"": 4.9e-05}",297
paper3049,0,0.999725,"{""0"": 0.999725, ""1"": 0.000179, ""2"": 6.1e-05, ""3"": 3.5e-05}",438
paper305,0,0.999524,"{""0"": 0.999524, ""1"": 0.00031, ""2"": 0.000105, ""3"": 6.1e-05}",233
paper3050,0,0.930116,"{""0"": 0.930116, ""1"": 0.06964, ""2"": 0.000155, ""3"": 8.9e-05}",179
paper3051,0,0.958526,"{""0"": 0.958526, ""1"": 0.000301, ""2"": 0.041113, ""3"": 5.9e-05}",266
paper3052,0,0.999719,"{""0"": 0.999719, ""1"": 0.000183, ""2"": 6.2e-05, ""3"": 3.6e-05}",397
paper3053,0,0.999688,"{""0"": 0.999688, ""1"": 0.000203, ""2"": 6.9e-05, ""3"": 4e-05}",352
paper3054,0,0.986085,"{""0"": 0.986085, ""1"": 0.000354, ""2"": 0.013492, ""3"": 6.9e-05}",228
paper3055,0,0.999576,"{""0"": 0.999576, ""1"": 0.000276, ""2"": 9.4e-05, ""3"": 5.4e-05}",271
paper3056,0,0.999634,"{""0"": 0.999634, ""1"": 0.000238, ""2"": 8.1e-05, ""3"": 4.7e-05}",323
paper3057,0,0.999659,"{""0"": 0.999659, ""1"": 0.000222, ""2"": 7.5e-05, ""3"": 4.3e-05}",340
paper3058,0,0.999713,"{""0"": 0.999713, ""1"": 0.000187, ""2"": 6.4e-05, ""3"": 3.7e-05}",394
paper3059,0,0.999701,"{""0"": 0.999701, ""1"": 0.000195, ""2"": 6.6e-05, ""3"": 3.8e-05}",392
paper306,0,0.979065,"{""0"": 0.979065, ""1"": 0.000223, ""2"": 0.020669, ""3"": 4.3e-05}",342
paper3060,0,0.973992,"{""0"": 0.973992, ""1"": 0.000298, ""2"": 0.025651, ""3"": 5.8e-05}",260
paper3061,0,0.999608,"{""0"": 0.999608, ""1"": 0.000255, ""2"": 8.7e-05, ""3"": 5e-05}",303
paper3062,0,0.916325,"{""0"": 0.916325, ""1"": 0.083497, ""2"": 0.000113, ""3"": 6.5e-05}",229
paper3063,0,0.999716,"{""0"": 0.999716, ""1"": 0.000185, ""2"": 6.3e-05, ""3"": 3.6e-05}",400
paper3064,0,0.999704,"{""0"": 0.999704, ""1"": 0.000193, ""2"": 6.6e-05, ""3"": 3.8e-05}",364
paper3065,0,0.999644,"{""0"": 0.999644, ""1"": 0.000232, ""2"": 7.9e-05, ""3"": 4.5e-05}",332
paper3066,0,0.999706,"{""0"": 0.999706, ""1"": 0.000192, ""2"": 6.5e-05, ""3"": 3.7e-05}",377
paper3067,0,0.978277,"{""0"": 0.978277, ""1"": 0.021611, ""2"": 7.2e-05, ""3"": 4.1e-05}",409
paper3068,0,0.999673,"{""0"": 0.999673, ""1"": 0.000213, ""2"": 7.2e-05, ""3"": 4.2e-05}",362
paper3069,0,0.94906,"{""0"": 0.94906, ""1"": 0.050829, ""2"": 7.1e-05, ""3"": 4.1e-05}",423
paper307,0,0.999683,"{""0"": 0.999683, ""1"": 0.000206, ""2"": 7e-05, ""3"": 4e-05}",368
paper3070,0,0.999708,"{""0"": 0.999708, ""1"": 0.00019, ""2"": 6.5e-05, ""3"": 3.7e-05}",417
paper3071,0,0.87679,"{""0"": 0.87679, ""1"": 0.123074, ""2"": 8.6e-05, ""3"": 5e-05}",275
paper3072,0,0.973363,"{""0"": 0.973363, ""1"": 0.026521, ""2"": 7.4e-05, ""3"": 4.2e-05}",353
paper3073,0,0.999628,"{""0"": 0.999628, ""1"": 0.000242, ""2"": 8.2e-05, ""3"": 4.7e-05}",311
paper3074,0,0.999733,"{""0"": 0.999733, ""1"": 0.000174, ""2"": 5.9e-05, ""3"": 3.4e-05}",432
paper3075,0,0.902163,"{""0"": 0.902163, ""1"": 0.097717, ""2"": 7.6e-05, ""3"": 4.4e-05}",341
paper3076,0,0.80994,"{""0"": 0.80994, ""1"": 0.189951, ""2"": 6.9e-05, ""3"": 4e-05}",355
paper3077,0,0.999548,"{""0"": 0.999548, ""1"": 0.000294, ""2"": 0.0001, ""3"": 5.8e-05}",258
paper3078,0,0.999749,"{""0"": 0.999749, ""1"": 0.000164, ""2"": 5.6e-05, ""3"": 3.2e-05}",457
paper3079,0,0.999521,"{""0"": 0.999521, ""1"": 0.000312, ""2"": 0.000106, ""3"": 6.1e-05}",258
paper308,0,0.999699,"{""0"": 0.999699, ""1"": 0.000196, ""2"": 6.7e-05, ""3"": 3.8e-05}",383
paper3080,0,0.999726,"{""0"": 0.999726, ""1"": 0.000178, ""2"": 6.1e-05, ""3"": 3.5e-05}",411
paper3081,0,0.999678,"{""0"": 0.999678, ""1"": 0.000209, ""2"": 7.1e-05, ""3"": 4.1e-05}",359
paper3082,0,0.9997,"{""0"": 0.9997, ""1"": 0.000196, ""2"": 6.7e-05, ""3"": 3.8e-05}",382
paper3083,0,0.92185,"{""0"": 0.92185, ""1"": 0.073719, ""2"": 8.7e-05, ""3"": 0.004344}",278
paper3084,0,0.999861,"{""0"": 0.999861, ""1"": 9.1e-05, ""2"": 3.1e-05, ""3"": 1.8e-05}",1866
paper3085,0,0.898996,"{""0"": 0.898996, ""1"": 0.100825, ""2"": 0.000114, ""3"": 6.5e-05}",236
paper3086,0,0.999605,"{""0"": 0.999605, ""1"": 0.000257, ""2"": 8.7e-05, ""3"": 5e-05}",293
paper3087,0,0.999559,"{""0"": 0.999559, ""1"": 0.000287, ""2"": 9.8e-05, ""3"": 5.6e-05}",271
paper3088,0,0.999745,"{""0"": 0.999745, ""1"": 0.000166, ""2"": 5.7e-05, ""3"": 3.2e-05}",472
paper3089,0,0.982082,"{""0"": 0.982082, ""1"": 0.017802, ""2"": 7.4e-05, ""3"": 4.2e-05}",336
paper309,0,0.883462,"{""0"": 0.883462, ""1"": 0.116433, ""2"": 6.7e-05, ""3"": 3.8e-05}",411
paper3090,0,0.999657,"{""0"": 0.999657, ""1"": 0.000223, ""2"": 7.6e-05, ""3"": 4.4e-05}",336
paper3091,0,0.999685,"{""0"": 0.999685, ""1"": 0.000205, ""2"": 7e-05, ""3"": 4e-05}",358
paper3092,0,0.999597,"{""0"": 0.999597, ""1"": 0.000262, ""2"": 8.9e-05, ""3"": 5.1e-05}",319
paper3093,0,0.999647,"{""0"": 0.999647, ""1"": 0.00023, ""2"": 7.8e-05, ""3"": 4.5e-05}",343
paper3094,0,0.999781,"{""0"": 0.999781, ""1"": 0.000142, ""2"": 4.8e-05, ""3"": 2.8e-05}",562
paper3095,0,0.99965,"{""0"": 0.99965, ""1"": 0.000228, ""2"": 7.8e-05, ""3"": 4.5e-05}",318
paper3096,0,0.999649,"{""0"": 0.999649, ""1"": 0.000228, ""2"": 7.8e-05, ""3"": 4.5e-05}",326
paper3097,0,0.999639,"{""0"": 0.999639, ""1"": 0.000235, ""2"": 8e-05, ""3"": 4.6e-05}",316
paper3098,0,0.999664,"{""0"": 0.999664, ""1"": 0.000219, ""2"": 7.4e-05, ""3"": 4.3e-05}",333
paper3099,0,0.946464,"{""0"": 0.946464, ""1"": 0.053431, ""2"": 6.6e-05, ""3"": 3.8e-05}",371
paper31,0,0.999615,"{""0"": 0.999615, ""1"": 0.000251, ""2"": 8.5e-05, ""3"": 4.9e-05}",288
paper310,0,0.987939,"{""0"": 0.987939, ""1"": 0.011941, ""2"": 7.6e-05, ""3"": 4.4e-05}",312
paper3100,0,0.969527,"{""0"": 0.969527, ""1"": 0.03033, ""2"": 9.1e-05, ""3"": 5.2e-05}",277
paper3101,0,0.999605,"{""0"": 0.999605, ""1"": 0.000257, ""2"": 8.7e-05, ""3"": 5e-05}",333
paper3102,0,0.916172,"{""0"": 0.916172, ""1"": 0.083732, ""2"": 6.1e-05, ""3"": 3.5e-05}",433
paper3103,0,0.595031,"{""0"": 0.595031, ""1"": 0.404936, ""2"": 2.1e-05, ""3"": 1.2e-05}",1078
paper3104,0,0.999663,"{""0"": 0.999663, ""1"": 0.000219, ""2"": 7.5e-05, ""3"": 4.3e-05}",342
paper3105,0,0.999684,"{""0"": 0.999684, ""1"": 0.000206, ""2"": 7e-05, ""3"": 4e-05}",352
paper3106,0,0.999592,"{""0"": 0.999592, ""1"": 0.000266, ""2"": 9e-05, ""3"": 5.2e-05}",285
paper3107,0,0.999715,"{""0"": 0.999715, ""1"": 0.000185, ""2"": 6.3e-05, ""3"": 3.6e-05}",401
paper3108,0,0.999717,"{""0"": 0.999717, ""1"": 0.000184, ""2"": 6.3e-05, ""3"": 3.6e-05}",406
paper3109,0,0.906578,"{""0"": 0.906578, ""1"": 0.093283, ""2"": 8.8e-05, ""3"": 5.1e-05}",344
paper311,0,0.99957,"{""0"": 0.99957, ""1"": 0.00028, ""2"": 9.5e-05, ""3"": 5.5e-05}",289
paper3110,0,0.995918,"{""0"": 0.995918, ""1"": 0.003986, ""2"": 6.1e-05, ""3"": 3.5e-05}",430
paper3111,0,0.988166,"{""0"": 0.988166, ""1"": 0.011703, ""2"": 8.3e-05, ""3"": 4.8e-05}",335
paper3112,0,0.900806,"{""0"": 0.900806, ""1"": 0.099011, ""2"": 0.000116, ""3"": 6.7e-05}",255
paper3113,0,0.999246,"{""0"": 0.999246, ""1"": 0.000491, ""2"": 0.000167, ""3"": 9.6e-05}",142
paper3114,0,0.999548,"{""0"": 0.999548, ""1"": 0.000294, ""2"": 0.0001, ""3"": 5.7e-05}",255
paper3115,0,0.999587,"{""0"": 0.999587, ""1"": 0.000269, ""2"": 9.2e-05, ""3"": 5.3e-05}",273
paper3116,0,0.974375,"{""0"": 0.974375, ""1"": 0.02542, ""2"": 0.000131, ""3"": 7.5e-05}",208
paper3117,0,0.9997,"{""0"": 0.9997, ""1"": 0.000195, ""2"": 6.6e-05, ""3"": 3.8e-05}",374
paper3118,0,0.999736,"{""0"": 0.999736, ""1"": 0.000172, ""2"": 5.9e-05, ""3"": 3.4e-05}",419
paper3119,0,0.999701,"{""0"": 0.999701, ""1"": 0.000195, ""2"": 6.6e-05, ""3"": 3.8e-05}",396
paper312,0,0.982828,"{""0"": 0.982828, ""1"": 0.017071, ""2"": 6.4e-05, ""3"": 3.7e-05}",407
paper3120,0,0.999613,"{""0"": 0.999613, ""1"": 0.000252, ""2"": 8.6e-05, ""3"": 4.9e-05}",306
paper3121,0,0.999558,"{""0"": 0.999558, ""1"": 0.000288, ""2"": 9.8e-05, ""3"": 5.6e-05}",252
paper3122,0,0.999686,"{""0"": 0.999686, ""1"": 0.000205, ""2"": 7e-05, ""3"": 4e-05}",398
paper3123,0,0.928492,"{""0"": 0.928492, ""1"": 0.071377, ""2"": 8.3e-05, ""3"": 4.8e-05}",310
paper3124,0,0.829628,"{""0"": 0.829628, ""1"": 0.170221, ""2"": 9.6e-05, ""3"": 5.5e-05}",264
paper3125,0,0.967274,"{""0"": 0.967274, ""1"": 0.032534, ""2"": 0.000122, ""3"": 7e-05}",229
paper3126,0,0.948296,"{""0"": 0.948296, ""1"": 0.051549, ""2"": 9.9e-05, ""3"": 5.7e-05}",267
paper3127,0,0.948699,"{""0"": 0.948699, ""1"": 0.051177, ""2"": 7.9e-05, ""3"": 4.5e-05}",320
paper3128,0,0.897122,"{""0"": 0.897122, ""1"": 0.102758, ""2"": 7.6e-05, ""3"": 4.4e-05}",322
paper3129,0,0.892913,"{""0"": 0.892913, ""1"": 0.106914, ""2"": 0.00011, ""3"": 6.3e-05}",234
paper313,0,0.999526,"{""0"": 0.999526, ""1"": 0.000309, ""2"": 0.000105, ""3"": 6e-05}",258
paper3130,0,0.92048,"{""0"": 0.92048, ""1"": 0.046063, ""2"": 0.03343, ""3"": 2.7e-05}",523
paper3131,0,0.99972,"{""0"": 0.99972, ""1"": 0.000183, ""2"": 6.2e-05, ""3"": 3.6e-05}",467
paper3132,0,0.999604,"{""0"": 0.999604, ""1"": 0.000258, ""2"": 8.8e-05, ""3"": 5e-05}",288
paper3133,0,0.96887,"{""0"": 0.96887, ""1"": 0.021355, ""2"": 0.009734, ""3"": 4.2e-05}",381
paper3134,0,0.999531,"{""0"": 0.999531, ""1"": 0.000306, ""2"": 0.000104, ""3"": 6e-05}",233
paper3135,0,0.925155,"{""0"": 0.925155, ""1"": 0.074737, ""2"": 6.8e-05, ""3"": 3.9e-05}",389
paper3136,0,0.999715,"{""0"": 0.999715, ""1"": 0.000186, ""2"": 6.3e-05, ""3"": 3.6e-05}",395
paper3137,0,0.999651,"{""0"": 0.999651, ""1"": 0.000227, ""2"": 7.7e-05, ""3"": 4.4e-05}",359
paper3138,0,0.791669,"{""0"": 0.791669, ""1"": 0.208157, ""2"": 0.000111, ""3"": 6.4e-05}",248
paper3139,0,0.999542,"{""0"": 0.999542, ""1"": 0.000298, ""2"": 0.000102, ""3"": 5.8e-05}",275
paper314,0,0.999719,"{""0"": 0.999719, ""1"": 0.000183, ""2"": 6.2e-05, ""3"": 3.6e-05}",423
paper3140,0,0.980903,"{""0"": 0.980903, ""1"": 0.018978, ""2"": 7.5e-05, ""3"": 4.3e-05}",354
paper3141,0,0.876066,"{""0"": 0.876066, ""1"": 0.123697, ""2"": 0.000151, ""3"": 8.7e-05}",205
paper3142,0,0.952402,"{""0"": 0.952402, ""1"": 0.047497, ""2"": 6.4e-05, ""3"": 3.7e-05}",401
paper3143,0,0.999624,"{""0"": 0.999624, ""1"": 0.000245, ""2"": 8.3e-05, ""3"": 4.8e-05}",314
paper3144,0,0.99966,"{""0"": 0.99966, ""1"": 0.000221, ""2"": 7.5e-05, ""3"": 4.3e-05}",365
paper3145,0,0.995612,"{""0"": 0.995612, ""1"": 0.000177, ""2"": 0.004176, ""3"": 3.5e-05}",445
paper3146,0,0.999754,"{""0"": 0.999754, ""1"": 0.00016, ""2"": 5.5e-05, ""3"": 3.1e-05}",520
paper3147,0,0.964181,"{""0"": 0.964181, ""1"": 0.035707, ""2"": 7.1e-05, ""3"": 4.1e-05}",378
paper3148,0,0.859576,"{""0"": 0.859576, ""1"": 0.14025, ""2"": 0.00011, ""3"": 6.3e-05}",229
paper3149,0,0.999744,"{""0"": 0.999744, ""1"": 0.000167, ""2"": 5.7e-05, ""3"": 3.3e-05}",470
paper315,0,0.99955,"{""0"": 0.99955, ""1"": 0.000293, ""2"": 0.0001, ""3"": 5.7e-05}",289
paper3150,0,0.999651,"{""0"": 0.999651, ""1"": 0.000227, ""2"": 7.7e-05, ""3"": 4.4e-05}",340
paper3151,0,0.999615,"{""0"": 0.999615, ""1"": 0.000251, ""2"": 8.5e-05, ""3"": 4.9e-05}",295
paper3152,0,0.999764,"{""0"": 0.999764, ""1"": 0.000153, ""2"": 5.2e-05, ""3"": 3e-05}",503
paper3153,0,0.942729,"{""0"": 0.942729, ""1"": 0.057189, ""2"": 5.2e-05, ""3"": 3e-05}",480
paper3154,0,0.999704,"{""0"": 0.999704, ""1"": 0.000193, ""2"": 6.6e-05, ""3"": 3.8e-05}",417
paper3155,0,0.999664,"{""0"": 0.999664, ""1"": 0.000219, ""2"": 7.4e-05, ""3"": 4.3e-05}",375
paper3156,0,0.925462,"{""0"": 0.925462, ""1"": 0.074366, ""2"": 0.000109, ""3"": 6.3e-05}",228
paper3157,0,0.999642,"{""0"": 0.999642, ""1"": 0.000233, ""2"": 7.9e-05, ""3"": 4.6e-05}",317
paper3158,0,0.999723,"{""0"": 0.999723, ""1"": 0.00018, ""2"": 6.1e-05, ""3"": 3.5e-05}",416
paper3159,0,0.999939,"{""0"": 0.999939, ""1"": 3.9e-05, ""2"": 1.3e-05, ""3"": 8e-06}",1757
paper316,0,0.999587,"{""0"": 0.999587, ""1"": 0.000269, ""2"": 9.2e-05, ""3"": 5.3e-05}",297
paper3160,0,0.810616,"{""0"": 0.810616, ""1"": 0.189243, ""2"": 8.9e-05, ""3"": 5.1e-05}",297
paper3161,0,0.589318,"{""0"": 0.589318, ""1"": 0.410638, ""2"": 2.8e-05, ""3"": 1.6e-05}",1077
paper3162,0,0.999677,"{""0"": 0.999677, ""1"": 0.00021, ""2"": 7.1e-05, ""3"": 4.1e-05}",352
paper3163,0,0.999642,"{""0"": 0.999642, ""1"": 0.000233, ""2"": 7.9e-05, ""3"": 4.6e-05}",311
paper3164,0,0.999688,"{""0"": 0.999688, ""1"": 0.000203, ""2"": 6.9e-05, ""3"": 4e-05}",398
paper3165,0,0.983189,"{""0"": 0.983189, ""1"": 0.016745, ""2"": 4.2e-05, ""3"": 2.4e-05}",629
paper3166,0,0.932476,"{""0"": 0.932476, ""1"": 0.060295, ""2"": 0.007189, ""3"": 4e-05}",352
paper3167,0,0.999692,"{""0"": 0.999692, ""1"": 0.000201, ""2"": 6.8e-05, ""3"": 3.9e-05}",372
paper3168,0,0.903734,"{""0"": 0.903734, ""1"": 0.000244, ""2"": 0.05827, ""3"": 0.037752}",301
paper3169,0,0.999609,"{""0"": 0.999609, ""1"": 0.000255, ""2"": 8.7e-05, ""3"": 5e-05}",289
paper317,0,0.942523,"{""0"": 0.942523, ""1"": 0.057345, ""2"": 8.3e-05, ""3"": 4.8e-05}",339
paper3170,0,0.999347,"{""0"": 0.999347, ""1"": 0.000425, ""2"": 0.000145, ""3"": 8.3e-05}",200
paper3171,0,0.999682,"{""0"": 0.999682, ""1"": 0.000207, ""2"": 7e-05, ""3"": 4e-05}",363
paper3172,0,0.901314,"{""0"": 0.901314, ""1"": 0.098552, ""2"": 8.5e-05, ""3"": 4.9e-05}",305
paper3173,0,0.999721,"{""0"": 0.999721, ""1"": 0.000182, ""2"": 6.2e-05, ""3"": 3.5e-05}",394
paper3174,0,0.999425,"{""0"": 0.999425, ""1"": 0.000375, ""2"": 0.000127, ""3"": 7.3e-05}",212
paper3175,0,0.999552,"{""0"": 0.999552, ""1"": 0.000291, ""2"": 9.9e-05, ""3"": 5.7e-05}",252
paper3176,0,0.880667,"{""0"": 0.880667, ""1"": 0.119224, ""2"": 6.9e-05, ""3"": 4e-05}",355
paper3177,0,0.999933,"{""0"": 0.999933, ""1"": 4.3e-05, ""2"": 1.5e-05, ""3"": 8e-06}",1499
paper3178,0,0.999695,"{""0"": 0.999695, ""1"": 0.000199, ""2"": 6.8e-05, ""3"": 3.9e-05}",354
paper3179,0,0.999624,"{""0"": 0.999624, ""1"": 0.000245, ""2"": 8.3e-05, ""3"": 4.8e-05}",319
paper318,0,0.896472,"{""0"": 0.896472, ""1"": 0.080516, ""2"": 0.022963, ""3"": 4.9e-05}",299
paper3180,0,0.698826,"{""0"": 0.698826, ""1"": 0.300972, ""2"": 0.000128, ""3"": 7.4e-05}",211
paper3181,0,0.999705,"{""0"": 0.999705, ""1"": 0.000192, ""2"": 6.5e-05, ""3"": 3.8e-05}",373
paper3182,0,0.999742,"{""0"": 0.999742, ""1"": 0.000168, ""2"": 5.7e-05, ""3"": 3.3e-05}",434
paper3183,0,0.999672,"{""0"": 0.999672, ""1"": 0.000214, ""2"": 7.3e-05, ""3"": 4.2e-05}",360
paper3184,0,0.999674,"{""0"": 0.999674, ""1"": 0.000212, ""2"": 7.2e-05, ""3"": 4.1e-05}",354
paper3185,0,0.999602,"{""0"": 0.999602, ""1"": 0.000259, ""2"": 8.8e-05, ""3"": 5.1e-05}",268
paper3186,0,0.97403,"{""0"": 0.97403, ""1"": 0.025748, ""2"": 0.000141, ""3"": 8.1e-05}",220
paper3187,0,0.930366,"{""0"": 0.930366, ""1"": 0.069482, ""2"": 9.7e-05, ""3"": 5.6e-05}",264
paper3188,0,0.773467,"{""0"": 0.773467, ""1"": 0.226384, ""2"": 9.4e-05, ""3"": 5.4e-05}",277
paper3189,0,0.999652,"{""0"": 0.999652, ""1"": 0.000227, ""2"": 7.7e-05, ""3"": 4.4e-05}",329
paper319,0,0.955751,"{""0"": 0.955751, ""1"": 0.04411, ""2"": 8.8e-05, ""3"": 5.1e-05}",281
paper3190,0,0.99435,"{""0"": 0.99435, ""1"": 0.000238, ""2"": 0.005366, ""3"": 4.6e-05}",324
paper3191,0,0.999548,"{""0"": 0.999548, ""1"": 0.000294, ""2"": 0.0001, ""3"": 5.7e-05}",248
paper3192,0,0.999692,"{""0"": 0.999692, ""1"": 0.000201, ""2"": 6.8e-05, ""3"": 3.9e-05}",349
paper3193,0,0.932662,"{""0"": 0.932662, ""1"": 0.067162, ""2"": 0.000112, ""3"": 6.4e-05}",223
paper3194,0,0.999616,"{""0"": 0.999616, ""1"": 0.00025, ""2"": 8.5e-05, ""3"": 4.9e-05}",315
paper3195,0,0.9996,"{""0"": 0.9996, ""1"": 0.00026, ""2"": 8.9e-05, ""3"": 5.1e-05}",288
paper3196,0,0.778723,"{""0"": 0.778723, ""1"": 0.221159, ""2"": 7.5e-05, ""3"": 4.3e-05}",329
paper3197,0,0.999714,"{""0"": 0.999714, ""1"": 0.000186, ""2"": 6.3e-05, ""3"": 3.6e-05}",411
paper3198,0,0.99983,"{""0"": 0.99983, ""1"": 0.000111, ""2"": 3.8e-05, ""3"": 2.2e-05}",644
paper3199,0,0.999414,"{""0"": 0.999414, ""1"": 0.000381, ""2"": 0.00013, ""3"": 7.5e-05}",222
paper32,0,0.87727,"{""0"": 0.87727, ""1"": 0.073519, ""2"": 0.049167, ""3"": 4.4e-05}",325
paper320,0,0.999621,"{""0"": 0.999621, ""1"": 0.000247, ""2"": 8.4e-05, ""3"": 4.8e-05}",321
paper3200,0,0.966252,"{""0"": 0.966252, ""1"": 0.000211, ""2"": 7.2e-05, ""3"": 0.033465}",346
paper3201,0,0.82515,"{""0"": 0.82515, ""1"": 0.174729, ""2"": 7.7e-05, ""3"": 4.4e-05}",328
paper3202,0,0.999629,"{""0"": 0.999629, ""1"": 0.000241, ""2"": 8.2e-05, ""3"": 4.7e-05}",306
paper3203,0,0.954963,"{""0"": 0.954963, ""1"": 0.025057, ""2"": 0.019935, ""3"": 4.5e-05}",348
paper3204,0,0.996267,"{""0"": 0.996267, ""1"": 0.0002, ""2"": 0.003494, ""3"": 3.9e-05}",390
paper3205,0,0.999714,"{""0"": 0.999714, ""1"": 0.000186, ""2"": 6.3e-05, ""3"": 3.6e-05}",420
paper3206,0,0.983165,"{""0"": 0.983165, ""1"": 0.000171, ""2"": 0.01663, ""3"": 3.3e-05}",483
paper3207,1,0.617988,"{""0"": 0.381925, ""1"": 0.617988, ""2"": 5.5e-05, ""3"": 3.2e-05}",665
paper3208,0,0.999578,"{""0"": 0.999578, ""1"": 0.000275, ""2"": 9.4e-05, ""3"": 5.4e-05}",298
paper3209,0,0.999756,"{""0"": 0.999756, ""1"": 0.000159, ""2"": 5.4e-05, ""3"": 3.1e-05}",487
paper321,0,0.679236,"{""0"": 0.679236, ""1"": 0.31237, ""2"": 9.8e-05, ""3"": 0.008297}",268
paper3210,0,0.999644,"{""0"": 0.999644, ""1"": 0.000232, ""2"": 7.9e-05, ""3"": 4.5e-05}",316
paper3211,0,0.999729,"{""0"": 0.999729, ""1"": 0.000177, ""2"": 6e-05, ""3"": 3.4e-05}",428
paper3212,0,0.999813,"{""0"": 0.999813, ""1"": 0.000122, ""2"": 4.1e-05, ""3"": 2.4e-05}",624
paper3213,0,0.99961,"{""0"": 0.99961, ""1"": 0.000254, ""2"": 8.6e-05, ""3"": 5e-05}",296
paper3214,0,0.99953,"{""0"": 0.99953, ""1"": 0.000306, ""2"": 0.000104, ""3"": 6e-05}",232
paper3215,0,0.999719,"{""0"": 0.999719, ""1"": 0.000183, ""2"": 6.2e-05, ""3"": 3.6e-05}",425
paper3216,0,0.861749,"{""0"": 0.861749, ""1"": 0.138174, ""2"": 4.9e-05, ""3"": 2.8e-05}",504
paper3217,0,0.999771,"{""0"": 0.999771, ""1"": 0.000149, ""2"": 5.1e-05, ""3"": 2.9e-05}",506
paper3218,0,0.999622,"{""0"": 0.999622, ""1"": 0.000246, ""2"": 8.4e-05, ""3"": 4.8e-05}",310
paper3219,0,0.999537,"{""0"": 0.999537, ""1"": 0.000301, ""2"": 0.000102, ""3"": 5.9e-05}",264
paper322,0,0.999673,"{""0"": 0.999673, ""1"": 0.000213, ""2"": 7.2e-05, ""3"": 4.2e-05}",340
paper3220,0,0.979423,"{""0"": 0.979423, ""1"": 0.020472, ""2"": 6.6e-05, ""3"": 3.8e-05}",424
paper3221,0,0.99955,"{""0"": 0.99955, ""1"": 0.000293, ""2"": 0.0001, ""3"": 5.7e-05}",258
paper3222,0,0.921022,"{""0"": 0.921022, ""1"": 0.000251, ""2"": 8.5e-05, ""3"": 0.078641}",291
paper3223,0,0.999625,"{""0"": 0.999625, ""1"": 0.000244, ""2"": 8.3e-05, ""3"": 4.8e-05}",299
paper3224,0,0.999727,"{""0"": 0.999727, ""1"": 0.000177, ""2"": 6e-05, ""3"": 3.5e-05}",423
paper3225,0,0.993787,"{""0"": 0.993787, ""1"": 0.006114, ""2"": 6.3e-05, ""3"": 3.6e-05}",381
paper3226,0,0.999622,"{""0"": 0.999622, ""1"": 0.000246, ""2"": 8.4e-05, ""3"": 4.8e-05}",300
paper3227,0,0.983457,"{""0"": 0.983457, ""1"": 0.016461, ""2"": 5.2e-05, ""3"": 3e-05}",469
paper3228,0,0.999844,"{""0"": 0.999844, ""1"": 0.000101, ""2"": 3.4e-05, ""3"": 2e-05}",859
paper3229,0,0.999622,"{""0"": 0.999622, ""1"": 0.000246, ""2"": 8.4e-05, ""3"": 4.8e-05}",322
paper323,0,0.999799,"{""0"": 0.999799, ""1"": 0.000131, ""2"": 4.5e-05, ""3"": 2.6e-05}",583
paper3230,0,0.999686,"{""0"": 0.999686, ""1"": 0.000204, ""2"": 7e-05, ""3"": 4e-05}",371
paper3231,0,0.999627,"{""0"": 0.999627, ""1"": 0.000243, ""2"": 8.3e-05, ""3"": 4.8e-05}",298
paper3232,0,0.992318,"{""0"": 0.992318, ""1"": 0.00027, ""2"": 9.2e-05, ""3"": 0.00732}",284
paper3233,0,0.994972,"{""0"": 0.994972, ""1"": 0.000217, ""2"": 0.004768, ""3"": 4.2e-05}",347
paper3234,0,0.999678,"{""0"": 0.999678, ""1"": 0.00021, ""2"": 7.1e-05, ""3"": 4.1e-05}",383
paper3235,0,0.999683,"{""0"": 0.999683, ""1"": 0.000207, ""2"": 7e-05, ""3"": 4e-05}",381
paper3236,0,0.999682,"{""0"": 0.999682, ""1"": 0.000207, ""2"": 7.1e-05, ""3"": 4.1e-05}",402
paper3237,0,0.999621,"{""0"": 0.999621, ""1"": 0.000247, ""2"": 8.4e-05, ""3"": 4.8e-05}",308
paper3238,0,0.999519,"{""0"": 0.999519, ""1"": 0.000313, ""2"": 0.000107, ""3"": 6.1e-05}",231
paper3239,0,0.999457,"{""0"": 0.999457, ""1"": 0.000354, ""2"": 0.00012, ""3"": 6.9e-05}",241
paper324,0,0.975179,"{""0"": 0.975179, ""1"": 0.024721, ""2"": 6.3e-05, ""3"": 3.6e-05}",423
paper3240,0,0.999472,"{""0"": 0.999472, ""1"": 0.000344, ""2"": 0.000117, ""3"": 6.7e-05}",220
paper3241,0,0.99948,"{""0"": 0.99948, ""1"": 0.000338, ""2"": 0.000115, ""3"": 6.6e-05}",227
paper3242,0,0.94687,"{""0"": 0.94687, ""1"": 0.053014, ""2"": 7.4e-05, ""3"": 4.2e-05}",333
paper3243,0,0.999634,"{""0"": 0.999634, ""1"": 0.000239, ""2"": 8.1e-05, ""3"": 4.7e-05}",323
paper3244,0,0.999686,"{""0"": 0.999686, ""1"": 0.000205, ""2"": 7e-05, ""3"": 4e-05}",358
paper3245,0,0.947396,"{""0"": 0.947396, ""1"": 0.017177, ""2"": 5.6e-05, ""3"": 0.035371}",461
paper3246,0,0.999652,"{""0"": 0.999652, ""1"": 0.000227, ""2"": 7.7e-05, ""3"": 4.4e-05}",321
paper3247,0,0.916588,"{""0"": 0.916588, ""1"": 0.007464, ""2"": 6.7e-05, ""3"": 0.075881}",368
paper3248,0,0.999675,"{""0"": 0.999675, ""1"": 0.000211, ""2"": 7.2e-05, ""3"": 4.1e-05}",366
paper3249,0,0.999714,"{""0"": 0.999714, ""1"": 0.000186, ""2"": 6.3e-05, ""3"": 3.6e-05}",380
paper325,0,0.955479,"{""0"": 0.955479, ""1"": 0.044342, ""2"": 0.000113, ""3"": 6.5e-05}",232
paper3250,0,0.975841,"{""0"": 0.975841, ""1"": 0.024076, ""2"": 5.3e-05, ""3"": 3.1e-05}",489
paper3251,0,0.999696,"{""0"": 0.999696, ""1"": 0.000198, ""2"": 6.7e-05, ""3"": 3.9e-05}",375
paper3252,0,0.999644,"{""0"": 0.999644, ""1"": 0.000232, ""2"": 7.9e-05, ""3"": 4.5e-05}",329
paper3253,0,0.963821,"{""0"": 0.963821, ""1"": 0.000178, ""2"": 6e-05, ""3"": 0.035942}",417
paper3254,0,0.801345,"{""0"": 0.801345, ""1"": 0.147427, ""2"": 0.045672, ""3"": 0.005555}",374
paper3255,0,0.999643,"{""0"": 0.999643, ""1"": 0.000232, ""2"": 7.9e-05, ""3"": 4.5e-05}",327
paper3256,0,0.999602,"{""0"": 0.999602, ""1"": 0.000259, ""2"": 8.8e-05, ""3"": 5.1e-05}",299
paper3257,0,0.980338,"{""0"": 0.980338, ""1"": 0.000197, ""2"": 0.019427, ""3"": 3.8e-05}",385
paper3258,0,0.896063,"{""0"": 0.896063, ""1"": 0.103685, ""2"": 0.00016, ""3"": 9.2e-05}",148
paper3259,0,0.928487,"{""0"": 0.928487, ""1"": 0.071411, ""2"": 6.5e-05, ""3"": 3.7e-05}",396
paper326,0,0.946781,"{""0"": 0.946781, ""1"": 0.053082, ""2"": 8.7e-05, ""3"": 5e-05}",301
paper3260,0,0.999772,"{""0"": 0.999772, ""1"": 0.000149, ""2"": 5.1e-05, ""3"": 2.9e-05}",494
paper3261,0,0.999504,"{""0"": 0.999504, ""1"": 0.000323, ""2"": 0.00011, ""3"": 6.3e-05}",258
paper3262,0,0.999616,"{""0"": 0.999616, ""1"": 0.00025, ""2"": 8.5e-05, ""3"": 4.9e-05}",364
paper3263,0,0.826523,"{""0"": 0.826523, ""1"": 0.115929, ""2"": 0.057512, ""3"": 3.7e-05}",380
paper3264,0,0.904353,"{""0"": 0.904353, ""1"": 0.080061, ""2"": 0.01554, ""3"": 4.6e-05}",328
paper3265,0,0.999546,"{""0"": 0.999546, ""1"": 0.000296, ""2"": 0.000101, ""3"": 5.8e-05}",264
paper3266,0,0.999671,"{""0"": 0.999671, ""1"": 0.000214, ""2"": 7.3e-05, ""3"": 4.2e-05}",361
paper3267,0,0.999678,"{""0"": 0.999678, ""1"": 0.00021, ""2"": 7.1e-05, ""3"": 4.1e-05}",361
paper3268,0,0.95717,"{""0"": 0.95717, ""1"": 0.042704, ""2"": 8e-05, ""3"": 4.6e-05}",327
paper3269,0,0.985486,"{""0"": 0.985486, ""1"": 0.000266, ""2"": 0.014196, ""3"": 5.2e-05}",295
paper327,0,0.999639,"{""0"": 0.999639, ""1"": 0.000235, ""2"": 8e-05, ""3"": 4.6e-05}",311
paper3270,0,0.999687,"{""0"": 0.999687, ""1"": 0.000204, ""2"": 6.9e-05, ""3"": 4e-05}",355
paper3271,0,0.955427,"{""0"": 0.955427, ""1"": 0.044267, ""2"": 0.000195, ""3"": 0.000112}",124
paper3272,0,0.999665,"{""0"": 0.999665, ""1"": 0.000218, ""2"": 7.4e-05, ""3"": 4.3e-05}",332
paper3274,0,0.999671,"{""0"": 0.999671, ""1"": 0.000214, ""2"": 7.3e-05, ""3"": 4.2e-05}",387
paper3275,0,0.960668,"{""0"": 0.960668, ""1"": 0.039172, ""2"": 0.000102, ""3"": 5.9e-05}",251
paper3276,0,0.999568,"{""0"": 0.999568, ""1"": 0.000281, ""2"": 9.6e-05, ""3"": 5.5e-05}",246
paper3277,0,0.978039,"{""0"": 0.978039, ""1"": 0.021838, ""2"": 7.8e-05, ""3"": 4.5e-05}",324
paper3278,0,0.999624,"{""0"": 0.999624, ""1"": 0.000245, ""2"": 8.3e-05, ""3"": 4.8e-05}",313
paper3279,0,0.999648,"{""0"": 0.999648, ""1"": 0.000229, ""2"": 7.8e-05, ""3"": 4.5e-05}",309
paper328,0,0.899312,"{""0"": 0.899312, ""1"": 0.100544, ""2"": 9.1e-05, ""3"": 5.2e-05}",278
paper3280,0,0.986977,"{""0"": 0.986977, ""1"": 0.012914, ""2"": 6.9e-05, ""3"": 3.9e-05}",371
paper3281,0,0.934894,"{""0"": 0.934894, ""1"": 0.064963, ""2"": 9.1e-05, ""3"": 5.2e-05}",283
paper3282,0,0.999624,"{""0"": 0.999624, ""1"": 0.000245, ""2"": 8.3e-05, ""3"": 4.8e-05}",309
paper3283,0,0.999574,"{""0"": 0.999574, ""1"": 0.000277, ""2"": 9.4e-05, ""3"": 5.4e-05}",271
paper3284,0,0.999672,"{""0"": 0.999672, ""1"": 0.000214, ""2"": 7.3e-05, ""3"": 4.2e-05}",343
paper3285,0,0.999621,"{""0"": 0.999621, ""1"": 0.000247, ""2"": 8.4e-05, ""3"": 4.8e-05}",306
paper3286,0,0.999544,"{""0"": 0.999544, ""1"": 0.000297, ""2"": 0.000101, ""3"": 5.8e-05}",259
paper3287,0,0.999718,"{""0"": 0.999718, ""1"": 0.000184, ""2"": 6.2e-05, ""3"": 3.6e-05}",416
paper3288,0,0.99713,"{""0"": 0.99713, ""1"": 0.000162, ""2"": 5.5e-05, ""3"": 0.002652}",441
paper3289,0,0.99994,"{""0"": 0.99994, ""1"": 3.9e-05, ""2"": 1.3e-05, ""3"": 8e-06}",1909
paper329,0,0.882186,"{""0"": 0.882186, ""1"": 0.105013, ""2"": 8.4e-05, ""3"": 0.012717}",320
paper3290,0,0.99735,"{""0"": 0.99735, ""1"": 0.000141, ""2"": 4.8e-05, ""3"": 0.002461}",519
paper3291,0,0.993066,"{""0"": 0.993066, ""1"": 0.000364, ""2"": 0.000124, ""3"": 0.006447}",239
paper3292,0,0.999631,"{""0"": 0.999631, ""1"": 0.00024, ""2"": 8.2e-05, ""3"": 4.7e-05}",335
paper3293,0,0.981245,"{""0"": 0.981245, ""1"": 0.018592, ""2"": 0.000104, ""3"": 5.9e-05}",254
paper3294,0,0.999625,"{""0"": 0.999625, ""1"": 0.000244, ""2"": 8.3e-05, ""3"": 4.8e-05}",302
paper3295,0,0.999635,"{""0"": 0.999635, ""1"": 0.000238, ""2"": 8.1e-05, ""3"": 4.6e-05}",327
paper3296,0,0.999595,"{""0"": 0.999595, ""1"": 0.000264, ""2"": 9e-05, ""3"": 5.2e-05}",312
paper3297,0,0.999369,"{""0"": 0.999369, ""1"": 0.000411, ""2"": 0.00014, ""3"": 8e-05}",192
paper3298,0,0.999671,"{""0"": 0.999671, ""1"": 0.000214, ""2"": 7.3e-05, ""3"": 4.2e-05}",395
paper3299,0,0.999665,"{""0"": 0.999665, ""1"": 0.000218, ""2"": 7.4e-05, ""3"": 4.3e-05}",332
paper33,0,0.944712,"{""0"": 0.944712, ""1"": 0.055178, ""2"": 7e-05, ""3"": 4e-05}",361
paper330,0,0.933342,"{""0"": 0.933342, ""1"": 0.066486, ""2"": 0.000109, ""3"": 6.3e-05}",233
paper3300,0,0.999716,"{""0"": 0.999716, ""1"": 0.000185, ""2"": 6.3e-05, ""3"": 3.6e-05}",392
paper3301,0,0.999521,"{""0"": 0.999521, ""1"": 0.000312, ""2"": 0.000106, ""3"": 6.1e-05}",233
paper3302,0,0.999695,"{""0"": 0.999695, ""1"": 0.000199, ""2"": 6.8e-05, ""3"": 3.9e-05}",397
paper3303,0,0.999715,"{""0"": 0.999715, ""1"": 0.000186, ""2"": 6.3e-05, ""3"": 3.6e-05}",397
paper3304,0,0.9996,"{""0"": 0.9996, ""1"": 0.00026, ""2"": 8.9e-05, ""3"": 5.1e-05}",292
paper3305,0,0.999615,"{""0"": 0.999615, ""1"": 0.000251, ""2"": 8.5e-05, ""3"": 4.9e-05}",310
paper3306,0,0.587478,"{""0"": 0.587478, ""1"": 6.3e-05, ""2"": 0.412446, ""3"": 1.2e-05}",1212
paper3307,0,0.999613,"{""0"": 0.999613, ""1"": 0.000252, ""2"": 8.6e-05, ""3"": 4.9e-05}",321
paper3308,0,0.999628,"{""0"": 0.999628, ""1"": 0.000242, ""2"": 8.2e-05, ""3"": 4.7e-05}",340
paper3309,0,0.999619,"{""0"": 0.999619, ""1"": 0.000248, ""2"": 8.4e-05, ""3"": 4.8e-05}",306
paper331,0,0.981885,"{""0"": 0.981885, ""1"": 0.01798, ""2"": 8.6e-05, ""3"": 4.9e-05}",282
paper3310,0,0.980812,"{""0"": 0.980812, ""1"": 0.000312, ""2"": 0.018815, ""3"": 6.1e-05}",262
paper3311,0,0.999766,"{""0"": 0.999766, ""1"": 0.000153, ""2"": 5.2e-05, ""3"": 3e-05}",476
paper3312,0,0.999697,"{""0"": 0.999697, ""1"": 0.000198, ""2"": 6.7e-05, ""3"": 3.9e-05}",360
paper3313,0,0.999364,"{""0"": 0.999364, ""1"": 0.000414, ""2"": 0.000141, ""3"": 8.1e-05}",332
paper3314,0,0.999557,"{""0"": 0.999557, ""1"": 0.000289, ""2"": 9.8e-05, ""3"": 5.6e-05}",237
paper3315,0,0.999631,"{""0"": 0.999631, ""1"": 0.00024, ""2"": 8.2e-05, ""3"": 4.7e-05}",308
paper3316,0,0.969255,"{""0"": 0.969255, ""1"": 0.030625, ""2"": 7.6e-05, ""3"": 4.4e-05}",338
paper3317,0,0.999818,"{""0"": 0.999818, ""1"": 0.000119, ""2"": 4e-05, ""3"": 2.3e-05}",606
paper3318,0,0.999721,"{""0"": 0.999721, ""1"": 0.000182, ""2"": 6.2e-05, ""3"": 3.5e-05}",411
paper3319,0,0.999751,"{""0"": 0.999751, ""1"": 0.000162, ""2"": 5.5e-05, ""3"": 3.2e-05}",462
paper332,0,0.999392,"{""0"": 0.999392, ""1"": 0.000396, ""2"": 0.000135, ""3"": 7.7e-05}",186
paper3320,0,0.954193,"{""0"": 0.954193, ""1"": 0.03858, ""2"": 6.1e-05, ""3"": 0.007166}",431
paper3321,0,0.896248,"{""0"": 0.896248, ""1"": 0.103726, ""2"": 1.6e-05, ""3"": 9e-06}",1369
paper3322,0,0.929055,"{""0"": 0.929055, ""1"": 0.070857, ""2"": 5.6e-05, ""3"": 3.2e-05}",491
paper3323,0,0.788174,"{""0"": 0.788174, ""1"": 0.211801, ""2"": 1.6e-05, ""3"": 9e-06}",1498
paper3324,0,0.999554,"{""0"": 0.999554, ""1"": 0.00029, ""2"": 9.9e-05, ""3"": 5.7e-05}",281
paper3325,0,0.999682,"{""0"": 0.999682, ""1"": 0.000207, ""2"": 7.1e-05, ""3"": 4.1e-05}",353
paper3326,0,0.999454,"{""0"": 0.999454, ""1"": 0.000356, ""2"": 0.000121, ""3"": 6.9e-05}",229
paper3327,0,0.475437,"{""0"": 0.475437, ""1"": 7.3e-05, ""2"": 0.389582, ""3"": 0.134908}",1469
paper3328,0,0.999654,"{""0"": 0.999654, ""1"": 0.000225, ""2"": 7.7e-05, ""3"": 4.4e-05}",342
paper3329,0,0.771345,"{""0"": 0.771345, ""1"": 0.210242, ""2"": 0.018366, ""3"": 4.7e-05}",341
paper333,0,0.999701,"{""0"": 0.999701, ""1"": 0.000194, ""2"": 6.6e-05, ""3"": 3.8e-05}",408
paper3330,0,0.995793,"{""0"": 0.995793, ""1"": 0.000173, ""2"": 0.004, ""3"": 3.4e-05}",395
paper3331,0,0.987617,"{""0"": 0.987617, ""1"": 0.01226, ""2"": 7.9e-05, ""3"": 4.5e-05}",395
paper3332,0,0.999699,"{""0"": 0.999699, ""1"": 0.000196, ""2"": 6.7e-05, ""3"": 3.8e-05}",377
paper3333,0,0.999564,"{""0"": 0.999564, ""1"": 0.000284, ""2"": 9.7e-05, ""3"": 5.5e-05}",302
paper3334,0,0.999494,"{""0"": 0.999494, ""1"": 0.00033, ""2"": 0.000112, ""3"": 6.4e-05}",248
paper3335,0,0.999632,"{""0"": 0.999632, ""1"": 0.00024, ""2"": 8.1e-05, ""3"": 4.7e-05}",321
paper3336,0,0.995667,"{""0"": 0.995667, ""1"": 0.004242, ""2"": 5.8e-05, ""3"": 3.3e-05}",449
paper3337,0,0.999739,"{""0"": 0.999739, ""1"": 0.00017, ""2"": 5.8e-05, ""3"": 3.3e-05}",442
paper3338,0,0.994339,"{""0"": 0.994339, ""1"": 0.005626, ""2"": 2.2e-05, ""3"": 1.3e-05}",1765
paper3339,0,0.999634,"{""0"": 0.999634, ""1"": 0.000239, ""2"": 8.1e-05, ""3"": 4.7e-05}",328
paper334,0,0.999705,"{""0"": 0.999705, ""1"": 0.000192, ""2"": 6.5e-05, ""3"": 3.8e-05}",390
paper3340,0,0.832602,"{""0"": 0.832602, ""1"": 0.167292, ""2"": 6.8e-05, ""3"": 3.9e-05}",359
paper3341,0,0.795709,"{""0"": 0.795709, ""1"": 0.204206, ""2"": 5.4e-05, ""3"": 3.1e-05}",497
paper3342,0,0.984763,"{""0"": 0.984763, ""1"": 0.000238, ""2"": 8.1e-05, ""3"": 0.014919}",348
paper3343,0,0.985974,"{""0"": 0.985974, ""1"": 0.000197, ""2"": 0.013791, ""3"": 3.8e-05}",391
paper3344,0,0.999939,"{""0"": 0.999939, ""1"": 4e-05, ""2"": 1.3e-05, ""3"": 8e-06}",1688
paper3345,0,0.999542,"{""0"": 0.999542, ""1"": 0.000298, ""2"": 0.000102, ""3"": 5.8e-05}",269
paper3346,0,0.953024,"{""0"": 0.953024, ""1"": 0.001489, ""2"": 0.045197, ""3"": 0.000291}",55
paper3347,0,0.990676,"{""0"": 0.990676, ""1"": 0.006072, ""2"": 0.002066, ""3"": 0.001187}",20
paper3348,0,0.856653,"{""0"": 0.856653, ""1"": 0.143207, ""2"": 8.9e-05, ""3"": 5.1e-05}",301
paper3349,0,0.999607,"{""0"": 0.999607, ""1"": 0.000256, ""2"": 8.7e-05, ""3"": 5e-05}",293
paper335,0,0.999705,"{""0"": 0.999705, ""1"": 0.000192, ""2"": 6.5e-05, ""3"": 3.8e-05}",401
paper3350,0,0.558369,"{""0"": 0.558369, ""1"": 0.440481, ""2"": 0.00073, ""3"": 0.000419}",31
paper3351,0,0.919779,"{""0"": 0.919779, ""1"": 0.079995, ""2"": 0.000144, ""3"": 8.3e-05}",188
paper3352,0,0.999647,"{""0"": 0.999647, ""1"": 0.00023, ""2"": 7.8e-05, ""3"": 4.5e-05}",300
paper3353,0,0.999414,"{""0"": 0.999414, ""1"": 0.000382, ""2"": 0.00013, ""3"": 7.5e-05}",180
paper3354,0,0.844311,"{""0"": 0.844311, ""1"": 0.00095, ""2"": 0.000323, ""3"": 0.154415}",94
paper3355,0,0.99956,"{""0"": 0.99956, ""1"": 0.000286, ""2"": 9.7e-05, ""3"": 5.6e-05}",259
paper3356,0,0.994668,"{""0"": 0.994668, ""1"": 0.000296, ""2"": 0.004978, ""3"": 5.8e-05}",272
paper3357,0,0.852245,"{""0"": 0.852245, ""1"": 0.147618, ""2"": 8.7e-05, ""3"": 5e-05}",309
paper3358,0,0.99964,"{""0"": 0.99964, ""1"": 0.000234, ""2"": 8e-05, ""3"": 4.6e-05}",334
paper3359,0,0.858581,"{""0"": 0.858581, ""1"": 0.141311, ""2"": 6.9e-05, ""3"": 4e-05}",358
paper336,0,0.999704,"{""0"": 0.999704, ""1"": 0.000193, ""2"": 6.6e-05, ""3"": 3.8e-05}",367
paper3360,0,0.78195,"{""0"": 0.78195, ""1"": 0.217951, ""2"": 6.3e-05, ""3"": 3.6e-05}",430
paper3361,0,0.999684,"{""0"": 0.999684, ""1"": 0.000206, ""2"": 7e-05, ""3"": 4e-05}",390
paper3362,0,0.911586,"{""0"": 0.911586, ""1"": 0.088296, ""2"": 7.5e-05, ""3"": 4.3e-05}",333
paper3363,0,0.999648,"{""0"": 0.999648, ""1"": 0.000229, ""2"": 7.8e-05, ""3"": 4.5e-05}",345
paper3364,0,0.999632,"{""0"": 0.999632, ""1"": 0.000239, ""2"": 8.1e-05, ""3"": 4.7e-05}",309
paper3365,0,0.99957,"{""0"": 0.99957, ""1"": 0.00028, ""2"": 9.5e-05, ""3"": 5.5e-05}",249
paper3366,0,0.971811,"{""0"": 0.971811, ""1"": 0.028078, ""2"": 7e-05, ""3"": 4e-05}",346
paper3367,0,0.954381,"{""0"": 0.954381, ""1"": 0.000233, ""2"": 0.045341, ""3"": 4.5e-05}",329
paper3368,0,0.999639,"{""0"": 0.999639, ""1"": 0.000235, ""2"": 8e-05, ""3"": 4.6e-05}",362
paper3369,0,0.90606,"{""0"": 0.90606, ""1"": 0.093825, ""2"": 7.3e-05, ""3"": 4.2e-05}",351
paper337,0,0.999418,"{""0"": 0.999418, ""1"": 0.000379, ""2"": 0.000129, ""3"": 7.4e-05}",208
paper3370,0,0.999642,"{""0"": 0.999642, ""1"": 0.000233, ""2"": 7.9e-05, ""3"": 4.6e-05}",317
paper3371,0,0.999749,"{""0"": 0.999749, ""1"": 0.000163, ""2"": 5.6e-05, ""3"": 3.2e-05}",460
paper3372,0,0.99975,"{""0"": 0.99975, ""1"": 0.000162, ""2"": 5.5e-05, ""3"": 3.2e-05}",480
paper3373,0,0.785992,"{""0"": 0.785992, ""1"": 0.213907, ""2"": 6.4e-05, ""3"": 3.7e-05}",394
paper3374,0,0.999733,"{""0"": 0.999733, ""1"": 0.000174, ""2"": 5.9e-05, ""3"": 3.4e-05}",400
paper3375,0,0.907459,"{""0"": 0.907459, ""1"": 0.092448, ""2"": 5.9e-05, ""3"": 3.4e-05}",416
paper3376,0,0.999876,"{""0"": 0.999876, ""1"": 8.1e-05, ""2"": 2.7e-05, ""3"": 1.6e-05}",988
paper3377,0,0.999936,"{""0"": 0.999936, ""1"": 4.2e-05, ""2"": 1.4e-05, ""3"": 8e-06}",1768
paper3378,0,0.960933,"{""0"": 0.960933, ""1"": 0.000133, ""2"": 4.5e-05, ""3"": 0.038888}",583
paper3379,0,0.961611,"{""0"": 0.961611, ""1"": 0.008079, ""2"": 6.1e-05, ""3"": 0.030248}",396
paper338,0,0.989938,"{""0"": 0.989938, ""1"": 0.00029, ""2"": 0.009715, ""3"": 5.7e-05}",251
paper3380,0,0.938817,"{""0"": 0.938817, ""1"": 0.000209, ""2"": 7.1e-05, ""3"": 0.060902}",390
paper3381,0,0.99961,"{""0"": 0.99961, ""1"": 0.000254, ""2"": 8.6e-05, ""3"": 5e-05}",327
paper3382,0,0.999599,"{""0"": 0.999599, ""1"": 0.000261, ""2"": 8.9e-05, ""3"": 5.1e-05}",270
paper3383,0,0.999628,"{""0"": 0.999628, ""1"": 0.000242, ""2"": 8.2e-05, ""3"": 4.7e-05}",305
paper3384,0,0.999526,"{""0"": 0.999526, ""1"": 0.000309, ""2"": 0.000105, ""3"": 6e-05}",244
paper3385,0,0.999673,"{""0"": 0.999673, ""1"": 0.000213, ""2"": 7.2e-05, ""3"": 4.2e-05}",357
paper3386,0,0.93156,"{""0"": 0.93156, ""1"": 0.009594, ""2"": 6.3e-05, ""3"": 0.058783}",409
paper3387,0,0.929388,"{""0"": 0.929388, ""1"": 0.070472, ""2"": 8.9e-05, ""3"": 5.1e-05}",280
paper3388,0,0.999669,"{""0"": 0.999669, ""1"": 0.000216, ""2"": 7.3e-05, ""3"": 4.2e-05}",340
paper3389,0,0.890838,"{""0"": 0.890838, ""1"": 0.109083, ""2"": 5e-05, ""3"": 2.9e-05}",521
paper339,0,0.999574,"{""0"": 0.999574, ""1"": 0.000277, ""2"": 9.4e-05, ""3"": 5.4e-05}",272
paper34,0,0.823503,"{""0"": 0.823503, ""1"": 0.176399, ""2"": 6.2e-05, ""3"": 3.6e-05}",385
paper340,0,0.999709,"{""0"": 0.999709, ""1"": 0.000189, ""2"": 6.4e-05, ""3"": 3.7e-05}",386
paper341,0,0.999682,"{""0"": 0.999682, ""1"": 0.000207, ""2"": 7e-05, ""3"": 4e-05}",359
paper342,0,0.999497,"{""0"": 0.999497, ""1"": 0.000328, ""2"": 0.000112, ""3"": 6.4e-05}",238
paper343,0,0.999533,"{""0"": 0.999533, ""1"": 0.000304, ""2"": 0.000103, ""3"": 5.9e-05}",241
paper344,0,0.999665,"{""0"": 0.999665, ""1"": 0.000218, ""2"": 7.4e-05, ""3"": 4.3e-05}",339
paper345,0,0.999692,"{""0"": 0.999692, ""1"": 0.000201, ""2"": 6.8e-05, ""3"": 3.9e-05}",352
paper346,0,0.963902,"{""0"": 0.963902, ""1"": 0.035977, ""2"": 7.7e-05, ""3"": 4.4e-05}",345
paper347,0,0.999537,"{""0"": 0.999537, ""1"": 0.000301, ""2"": 0.000103, ""3"": 5.9e-05}",256
paper348,0,0.999574,"{""0"": 0.999574, ""1"": 0.000277, ""2"": 9.4e-05, ""3"": 5.4e-05}",283
paper349,0,0.999587,"{""0"": 0.999587, ""1"": 0.000269, ""2"": 9.2e-05, ""3"": 5.3e-05}",261
paper35,0,0.878771,"{""0"": 0.878771, ""1"": 0.121115, ""2"": 7.2e-05, ""3"": 4.2e-05}",321
paper350,0,0.99958,"{""0"": 0.99958, ""1"": 0.000274, ""2"": 9.3e-05, ""3"": 5.3e-05}",306
paper351,0,0.999933,"{""0"": 0.999933, ""1"": 4.3e-05, ""2"": 1.5e-05, ""3"": 8e-06}",1572
paper352,0,0.999634,"{""0"": 0.999634, ""1"": 0.000239, ""2"": 8.1e-05, ""3"": 4.7e-05}",326
paper353,0,0.999647,"{""0"": 0.999647, ""1"": 0.00023, ""2"": 7.8e-05, ""3"": 4.5e-05}",353
paper354,0,0.999628,"{""0"": 0.999628, ""1"": 0.000242, ""2"": 8.2e-05, ""3"": 4.7e-05}",295
paper355,0,0.999594,"{""0"": 0.999594, ""1"": 0.000265, ""2"": 9e-05, ""3"": 5.2e-05}",262
paper356,0,0.939428,"{""0"": 0.939428, ""1"": 0.060462, ""2"": 7e-05, ""3"": 4e-05}",362
paper357,0,0.999941,"{""0"": 0.999941, ""1"": 3.8e-05, ""2"": 1.3e-05, ""3"": 7e-06}",1885
paper358,0,0.999528,"{""0"": 0.999528, ""1"": 0.000307, ""2"": 0.000104, ""3"": 6e-05}",228
paper359,0,0.948388,"{""0"": 0.948388, ""1"": 0.05144, ""2"": 0.000109, ""3"": 6.2e-05}",243
paper36,0,0.999703,"{""0"": 0.999703, ""1"": 0.000193, ""2"": 6.6e-05, ""3"": 3.8e-05}",376
paper360,0,0.999564,"{""0"": 0.999564, ""1"": 0.000284, ""2"": 9.6e-05, ""3"": 5.5e-05}",264
paper361,0,0.999526,"{""0"": 0.999526, ""1"": 0.000309, ""2"": 0.000105, ""3"": 6e-05}",244
paper362,0,0.999629,"{""0"": 0.999629, ""1"": 0.000241, ""2"": 8.2e-05, ""3"": 4.7e-05}",311
paper363,0,0.999568,"{""0"": 0.999568, ""1"": 0.000281, ""2"": 9.6e-05, ""3"": 5.5e-05}",262
paper364,0,0.999638,"{""0"": 0.999638, ""1"": 0.000236, ""2"": 8e-05, ""3"": 4.6e-05}",346
paper365,0,0.999634,"{""0"": 0.999634, ""1"": 0.000239, ""2"": 8.1e-05, ""3"": 4.7e-05}",322
paper366,0,0.99543,"{""0"": 0.99543, ""1"": 0.00028, ""2"": 0.004235, ""3"": 5.5e-05}",280
paper367,0,0.980437,"{""0"": 0.980437, ""1"": 0.000181, ""2"": 0.019347, ""3"": 3.5e-05}",425
paper368,0,0.958952,"{""0"": 0.958952, ""1"": 0.040908, ""2"": 8.9e-05, ""3"": 5.1e-05}",306
paper369,0,0.999438,"{""0"": 0.999438, ""1"": 0.000366, ""2"": 0.000124, ""3"": 7.1e-05}",227
paper37,0,0.999671,"{""0"": 0.999671, ""1"": 0.000214, ""2"": 7.3e-05, ""3"": 4.2e-05}",340
paper370,0,0.999636,"{""0"": 0.999636, ""1"": 0.000237, ""2"": 8.1e-05, ""3"": 4.6e-05}",297
paper371,0,0.99946,"{""0"": 0.99946, ""1"": 0.000352, ""2"": 0.00012, ""3"": 6.9e-05}",203
paper372,0,0.99954,"{""0"": 0.99954, ""1"": 0.0003, ""2"": 0.000102, ""3"": 5.9e-05}",261
paper373,0,0.999672,"{""0"": 0.999672, ""1"": 0.000214, ""2"": 7.3e-05, ""3"": 4.2e-05}",338
paper374,0,0.987477,"{""0"": 0.987477, ""1"": 0.000247, ""2"": 8.4e-05, ""3"": 0.012192}",306
paper375,0,0.999661,"{""0"": 0.999661, ""1"": 0.000221, ""2"": 7.5e-05, ""3"": 4.3e-05}",343
paper376,0,0.991827,"{""0"": 0.991827, ""1"": 0.000232, ""2"": 0.007896, ""3"": 4.5e-05}",339
paper377,0,0.99961,"{""0"": 0.99961, ""1"": 0.000254, ""2"": 8.6e-05, ""3"": 5e-05}",268
paper378,1,0.948477,"{""0"": 0.051511, ""1"": 0.948477, ""2"": 8e-06, ""3"": 4e-06}",2907
paper379,0,0.999114,"{""0"": 0.999114, ""1"": 0.000577, ""2"": 0.000196, ""3"": 0.000113}",133
paper38,0,0.865511,"{""0"": 0.865511, ""1"": 0.13438, ""2"": 6.9e-05, ""3"": 4e-05}",405
paper380,0,0.999646,"{""0"": 0.999646, ""1"": 0.000231, ""2"": 7.8e-05, ""3"": 4.5e-05}",337
paper381,0,0.999634,"{""0"": 0.999634, ""1"": 0.000239, ""2"": 8.1e-05, ""3"": 4.7e-05}",322
paper382,0,0.99178,"{""0"": 0.99178, ""1"": 0.000275, ""2"": 0.007892, ""3"": 5.4e-05}",294
paper383,0,0.999509,"{""0"": 0.999509, ""1"": 0.000319, ""2"": 0.000109, ""3"": 6.2e-05}",229
paper384,0,0.999714,"{""0"": 0.999714, ""1"": 0.000186, ""2"": 6.3e-05, ""3"": 3.6e-05}",396
paper385,0,0.999535,"{""0"": 0.999535, ""1"": 0.000303, ""2"": 0.000103, ""3"": 5.9e-05}",244
paper386,0,0.999251,"{""0"": 0.999251, ""1"": 0.000487, ""2"": 0.000166, ""3"": 9.5e-05}",142
paper387,0,0.999554,"{""0"": 0.999554, ""1"": 0.00029, ""2"": 9.9e-05, ""3"": 5.7e-05}",260
paper388,0,0.999709,"{""0"": 0.999709, ""1"": 0.00019, ""2"": 6.5e-05, ""3"": 3.7e-05}",393
paper389,0,0.999531,"{""0"": 0.999531, ""1"": 0.000306, ""2"": 0.000104, ""3"": 6e-05}",255
paper39,0,0.91822,"{""0"": 0.91822, ""1"": 0.081648, ""2"": 8.4e-05, ""3"": 4.8e-05}",300
paper390,0,0.999672,"{""0"": 0.999672, ""1"": 0.000214, ""2"": 7.3e-05, ""3"": 4.2e-05}",343
paper391,0,0.999778,"{""0"": 0.999778, ""1"": 0.000145, ""2"": 4.9e-05, ""3"": 2.8e-05}",513
paper392,0,0.999742,"{""0"": 0.999742, ""1"": 0.000168, ""2"": 5.7e-05, ""3"": 3.3e-05}",437
paper393,0,0.999815,"{""0"": 0.999815, ""1"": 0.00012, ""2"": 4.1e-05, ""3"": 2.4e-05}",595
paper394,0,0.999741,"{""0"": 0.999741, ""1"": 0.000168, ""2"": 5.7e-05, ""3"": 3.3e-05}",476
paper395,0,0.981875,"{""0"": 0.981875, ""1"": 0.018016, ""2"": 6.9e-05, ""3"": 4e-05}",384
paper396,0,0.999613,"{""0"": 0.999613, ""1"": 0.000252, ""2"": 8.6e-05, ""3"": 4.9e-05}",292
paper397,0,0.999729,"{""0"": 0.999729, ""1"": 0.000176, ""2"": 6e-05, ""3"": 3.4e-05}",459
paper398,2,0.719724,"{""0"": 0.280182, ""1"": 7.9e-05, ""2"": 0.719724, ""3"": 1.5e-05}",1405
paper399,0,0.99969,"{""0"": 0.99969, ""1"": 0.000202, ""2"": 6.9e-05, ""3"": 3.9e-05}",378
paper4,0,0.972457,"{""0"": 0.972457, ""1"": 0.027421, ""2"": 7.7e-05, ""3"": 4.4e-05}",323
paper40,0,0.999706,"{""0"": 0.999706, ""1"": 0.000192, ""2"": 6.5e-05, ""3"": 3.7e-05}",380
paper400,0,0.999619,"{""0"": 0.999619, ""1"": 0.000248, ""2"": 8.4e-05, ""3"": 4.8e-05}",293
paper401,0,0.999695,"{""0"": 0.999695, ""1"": 0.000199, ""2"": 6.8e-05, ""3"": 3.9e-05}",350
paper402,0,0.999477,"{""0"": 0.999477, ""1"": 0.00034, ""2"": 0.000116, ""3"": 6.6e-05}",253
paper403,0,0.999707,"{""0"": 0.999707, ""1"": 0.000191, ""2"": 6.5e-05, ""3"": 3.7e-05}",376
paper404,0,0.999913,"{""0"": 0.999913, ""1"": 5.7e-05, ""2"": 1.9e-05, ""3"": 1.1e-05}",1455
paper405,0,0.999675,"{""0"": 0.999675, ""1"": 0.000211, ""2"": 7.2e-05, ""3"": 4.1e-05}",349
paper406,0,0.99965,"{""0"": 0.99965, ""1"": 0.000228, ""2"": 7.8e-05, ""3"": 4.5e-05}",337
paper407,0,0.99959,"{""0"": 0.99959, ""1"": 0.000267, ""2"": 9.1e-05, ""3"": 5.2e-05}",292
paper408,0,0.999673,"{""0"": 0.999673, ""1"": 0.000213, ""2"": 7.2e-05, ""3"": 4.2e-05}",351
paper409,0,0.999629,"{""0"": 0.999629, ""1"": 0.000241, ""2"": 8.2e-05, ""3"": 4.7e-05}",318
paper41,0,0.974506,"{""0"": 0.974506, ""1"": 0.006055, ""2"": 0.008913, ""3"": 0.010527}",492
paper410,0,0.902235,"{""0"": 0.902235, ""1"": 0.097635, ""2"": 8.2e-05, ""3"": 4.7e-05}",324
paper411,0,0.999583,"{""0"": 0.999583, ""1"": 0.000271, ""2"": 9.2e-05, ""3"": 5.3e-05}",268
paper412,0,0.930856,"{""0"": 0.930856, ""1"": 0.06898, ""2"": 0.000104, ""3"": 6e-05}",289
paper413,0,0.942137,"{""0"": 0.942137, ""1"": 0.057698, ""2"": 0.000104, ""3"": 6e-05}",257
paper414,0,0.999722,"{""0"": 0.999722, ""1"": 0.000181, ""2"": 6.2e-05, ""3"": 3.5e-05}",426
paper415,0,0.961874,"{""0"": 0.961874, ""1"": 0.038001, ""2"": 8e-05, ""3"": 4.6e-05}",306
paper416,0,0.999615,"{""0"": 0.999615, ""1"": 0.000251, ""2"": 8.5e-05, ""3"": 4.9e-05}",303
paper417,0,0.999588,"{""0"": 0.999588, ""1"": 0.000268, ""2"": 9.1e-05, ""3"": 5.2e-05}",271
paper418,0,0.978646,"{""0"": 0.978646, ""1"": 0.021229, ""2"": 8e-05, ""3"": 4.6e-05}",329
paper419,0,0.999648,"{""0"": 0.999648, ""1"": 0.000229, ""2"": 7.8e-05, ""3"": 4.5e-05}",345
paper42,0,0.989617,"{""0"": 0.989617, ""1"": 0.010245, ""2"": 8.7e-05, ""3"": 5e-05}",313
paper420,0,0.99965,"{""0"": 0.99965, ""1"": 0.000228, ""2"": 7.8e-05, ""3"": 4.5e-05}",315
paper421,0,0.999629,"{""0"": 0.999629, ""1"": 0.000241, ""2"": 8.2e-05, ""3"": 4.7e-05}",354
paper422,0,0.999556,"{""0"": 0.999556, ""1"": 0.000289, ""2"": 9.8e-05, ""3"": 5.6e-05}",269
paper423,0,0.999943,"{""0"": 0.999943, ""1"": 3.7e-05, ""2"": 1.3e-05, ""3"": 7e-06}",1751
paper424,0,0.99954,"{""0"": 0.99954, ""1"": 0.0003, ""2"": 0.000102, ""3"": 5.9e-05}",252
paper425,0,0.999599,"{""0"": 0.999599, ""1"": 0.000261, ""2"": 8.9e-05, ""3"": 5.1e-05}",270
paper426,0,0.999621,"{""0"": 0.999621, ""1"": 0.000247, ""2"": 8.4e-05, ""3"": 4.8e-05}",301
paper427,0,0.999804,"{""0"": 0.999804, ""1"": 0.000128, ""2"": 4.3e-05, ""3"": 2.5e-05}",624
paper428,0,0.999594,"{""0"": 0.999594, ""1"": 0.000265, ""2"": 9e-05, ""3"": 5.2e-05}",280
paper429,0,0.942656,"{""0"": 0.942656, ""1"": 0.057224, ""2"": 7.6e-05, ""3"": 4.4e-05}",345
paper43,0,0.977204,"{""0"": 0.977204, ""1"": 0.000234, ""2"": 0.022516, ""3"": 4.6e-05}",308
paper430,0,0.999631,"{""0"": 0.999631, ""1"": 0.00024, ""2"": 8.2e-05, ""3"": 4.7e-05}",355
paper431,0,0.999568,"{""0"": 0.999568, ""1"": 0.000281, ""2"": 9.6e-05, ""3"": 5.5e-05}",262
paper432,0,0.999612,"{""0"": 0.999612, ""1"": 0.000253, ""2"": 8.6e-05, ""3"": 4.9e-05}",295
paper433,0,0.999664,"{""0"": 0.999664, ""1"": 0.000219, ""2"": 7.4e-05, ""3"": 4.3e-05}",323
paper434,0,0.999533,"{""0"": 0.999533, ""1"": 0.000304, ""2"": 0.000103, ""3"": 5.9e-05}",240
paper435,0,0.974241,"{""0"": 0.974241, ""1"": 0.025661, ""2"": 6.3e-05, ""3"": 3.6e-05}",371
paper436,0,0.999568,"{""0"": 0.999568, ""1"": 0.000281, ""2"": 9.6e-05, ""3"": 5.5e-05}",272
paper437,0,0.999574,"{""0"": 0.999574, ""1"": 0.000277, ""2"": 9.4e-05, ""3"": 5.4e-05}",266
paper438,0,0.994876,"{""0"": 0.994876, ""1"": 0.004962, ""2"": 0.000103, ""3"": 5.9e-05}",242
paper439,0,0.999621,"{""0"": 0.999621, ""1"": 0.000247, ""2"": 8.4e-05, ""3"": 4.8e-05}",317
paper44,0,0.999773,"{""0"": 0.999773, ""1"": 0.000148, ""2"": 5e-05, ""3"": 2.9e-05}",528
paper440,0,0.999688,"{""0"": 0.999688, ""1"": 0.000203, ""2"": 6.9e-05, ""3"": 4e-05}",372
paper441,0,0.999605,"{""0"": 0.999605, ""1"": 0.000257, ""2"": 8.7e-05, ""3"": 5e-05}",281
paper442,0,0.999741,"{""0"": 0.999741, ""1"": 0.000169, ""2"": 5.7e-05, ""3"": 3.3e-05}",463
paper443,0,0.999605,"{""0"": 0.999605, ""1"": 0.000257, ""2"": 8.7e-05, ""3"": 5e-05}",271
paper444,0,0.999647,"{""0"": 0.999647, ""1"": 0.00023, ""2"": 7.8e-05, ""3"": 4.5e-05}",321
paper445,0,0.99957,"{""0"": 0.99957, ""1"": 0.00028, ""2"": 9.5e-05, ""3"": 5.5e-05}",413
paper446,0,0.999632,"{""0"": 0.999632, ""1"": 0.00024, ""2"": 8.2e-05, ""3"": 4.7e-05}",332
paper447,0,0.999509,"{""0"": 0.999509, ""1"": 0.00032, ""2"": 0.000109, ""3"": 6.2e-05}",250
paper448,0,0.999521,"{""0"": 0.999521, ""1"": 0.000312, ""2"": 0.000106, ""3"": 6.1e-05}",286
paper449,0,0.999647,"{""0"": 0.999647, ""1"": 0.00023, ""2"": 7.8e-05, ""3"": 4.5e-05}",331
paper45,0,0.988416,"{""0"": 0.988416, ""1"": 0.011457, ""2"": 8.1e-05, ""3"": 4.6e-05}",336
paper451,0,0.99955,"{""0"": 0.99955, ""1"": 0.000293, ""2"": 0.0001, ""3"": 5.7e-05}",243
paper452,0,0.999652,"{""0"": 0.999652, ""1"": 0.000227, ""2"": 7.7e-05, ""3"": 4.4e-05}",347
paper453,0,0.999651,"{""0"": 0.999651, ""1"": 0.000227, ""2"": 7.7e-05, ""3"": 4.4e-05}",331
paper454,0,0.999524,"{""0"": 0.999524, ""1"": 0.00031, ""2"": 0.000105, ""3"": 6.1e-05}",239
paper455,0,0.999654,"{""0"": 0.999654, ""1"": 0.000225, ""2"": 7.7e-05, ""3"": 4.4e-05}",328
paper456,0,0.999285,"{""0"": 0.999285, ""1"": 0.000466, ""2"": 0.000158, ""3"": 9.1e-05}",154
paper457,0,0.999624,"{""0"": 0.999624, ""1"": 0.000245, ""2"": 8.3e-05, ""3"": 4.8e-05}",280
paper458,0,0.999616,"{""0"": 0.999616, ""1"": 0.00025, ""2"": 8.5e-05, ""3"": 4.9e-05}",289
paper459,0,0.999478,"{""0"": 0.999478, ""1"": 0.00034, ""2"": 0.000116, ""3"": 6.6e-05}",233
paper46,0,0.878021,"{""0"": 0.878021, ""1"": 0.091506, ""2"": 6.2e-05, ""3"": 0.030412}",438
paper460,0,0.999554,"{""0"": 0.999554, ""1"": 0.00029, ""2"": 9.9e-05, ""3"": 5.7e-05}",263
paper461,0,0.999687,"{""0"": 0.999687, ""1"": 0.000204, ""2"": 6.9e-05, ""3"": 4e-05}",372
paper462,0,0.999499,"{""0"": 0.999499, ""1"": 0.000326, ""2"": 0.000111, ""3"": 6.4e-05}",234
paper463,0,0.99964,"{""0"": 0.99964, ""1"": 0.000234, ""2"": 8e-05, ""3"": 4.6e-05}",314
paper464,0,0.646051,"{""0"": 0.646051, ""1"": 5.5e-05, ""2"": 1.9e-05, ""3"": 0.353876}",2473
paper465,0,0.999727,"{""0"": 0.999727, ""1"": 0.000178, ""2"": 6.1e-05, ""3"": 3.5e-05}",412
paper466,0,0.955054,"{""0"": 0.955054, ""1"": 0.044826, ""2"": 7.6e-05, ""3"": 4.4e-05}",342
paper467,0,0.844362,"{""0"": 0.844362, ""1"": 0.155535, ""2"": 6.5e-05, ""3"": 3.7e-05}",420
paper468,0,0.999491,"{""0"": 0.999491, ""1"": 0.000331, ""2"": 0.000113, ""3"": 6.5e-05}",226
paper469,0,0.943712,"{""0"": 0.943712, ""1"": 0.02326, ""2"": 0.032992, ""3"": 3.6e-05}",403
paper47,0,0.999656,"{""0"": 0.999656, ""1"": 0.000224, ""2"": 7.6e-05, ""3"": 4.4e-05}",322
paper470,0,0.999732,"{""0"": 0.999732, ""1"": 0.000175, ""2"": 5.9e-05, ""3"": 3.4e-05}",400
paper471,0,0.999696,"{""0"": 0.999696, ""1"": 0.000198, ""2"": 6.7e-05, ""3"": 3.9e-05}",361
paper472,0,0.988811,"{""0"": 0.988811, ""1"": 0.000211, ""2"": 0.010936, ""3"": 4.1e-05}",346
paper473,0,0.99967,"{""0"": 0.99967, ""1"": 0.000215, ""2"": 7.3e-05, ""3"": 4.2e-05}",346
paper474,0,0.953298,"{""0"": 0.953298, ""1"": 0.046549, ""2"": 9.7e-05, ""3"": 5.6e-05}",266
paper475,0,0.999713,"{""0"": 0.999713, ""1"": 0.000187, ""2"": 6.4e-05, ""3"": 3.7e-05}",376
paper476,0,0.999669,"{""0"": 0.999669, ""1"": 0.000216, ""2"": 7.3e-05, ""3"": 4.2e-05}",334
paper477,0,0.999572,"{""0"": 0.999572, ""1"": 0.000279, ""2"": 9.5e-05, ""3"": 5.4e-05}",261
paper478,0,0.999519,"{""0"": 0.999519, ""1"": 0.000313, ""2"": 0.000107, ""3"": 6.1e-05}",240
paper479,0,0.999705,"{""0"": 0.999705, ""1"": 0.000192, ""2"": 6.5e-05, ""3"": 3.8e-05}",405
paper48,0,0.999664,"{""0"": 0.999664, ""1"": 0.000219, ""2"": 7.4e-05, ""3"": 4.3e-05}",346
paper480,0,0.99955,"{""0"": 0.99955, ""1"": 0.000293, ""2"": 0.0001, ""3"": 5.7e-05}",258
paper481,0,0.99973,"{""0"": 0.99973, ""1"": 0.000176, ""2"": 6e-05, ""3"": 3.4e-05}",437
paper482,0,0.999622,"{""0"": 0.999622, ""1"": 0.000246, ""2"": 8.4e-05, ""3"": 4.8e-05}",316
paper483,0,0.890092,"{""0"": 0.890092, ""1"": 0.10982, ""2"": 5.6e-05, ""3"": 3.2e-05}",420
paper484,0,0.985467,"{""0"": 0.985467, ""1"": 0.014388, ""2"": 9.2e-05, ""3"": 5.3e-05}",272
paper485,0,0.999689,"{""0"": 0.999689, ""1"": 0.000203, ""2"": 6.9e-05, ""3"": 4e-05}",385
paper486,0,0.999564,"{""0"": 0.999564, ""1"": 0.000284, ""2"": 9.6e-05, ""3"": 5.5e-05}",277
paper487,0,0.999608,"{""0"": 0.999608, ""1"": 0.000255, ""2"": 8.7e-05, ""3"": 5e-05}",294
paper488,0,0.999587,"{""0"": 0.999587, ""1"": 0.000269, ""2"": 9.2e-05, ""3"": 5.3e-05}",292
paper489,0,0.948983,"{""0"": 0.948983, ""1"": 0.050892, ""2"": 8e-05, ""3"": 4.6e-05}",331
paper49,0,0.999701,"{""0"": 0.999701, ""1"": 0.000194, ""2"": 6.6e-05, ""3"": 3.8e-05}",403
paper490,0,0.954028,"{""0"": 0.954028, ""1"": 0.045869, ""2"": 6.5e-05, ""3"": 3.7e-05}",371
paper491,0,0.99962,"{""0"": 0.99962, ""1"": 0.000247, ""2"": 8.4e-05, ""3"": 4.8e-05}",284
paper492,0,0.999648,"{""0"": 0.999648, ""1"": 0.000229, ""2"": 7.8e-05, ""3"": 4.5e-05}",321
paper493,0,0.99959,"{""0"": 0.99959, ""1"": 0.000267, ""2"": 9.1e-05, ""3"": 5.2e-05}",282
paper494,0,0.999568,"{""0"": 0.999568, ""1"": 0.000281, ""2"": 9.6e-05, ""3"": 5.5e-05}",276
paper495,0,0.912835,"{""0"": 0.912835, ""1"": 0.087018, ""2"": 9.4e-05, ""3"": 5.4e-05}",271
paper496,0,0.99946,"{""0"": 0.99946, ""1"": 0.000352, ""2"": 0.00012, ""3"": 6.9e-05}",207
paper497,0,0.99929,"{""0"": 0.99929, ""1"": 0.000462, ""2"": 0.000157, ""3"": 9e-05}",167
paper498,0,0.999653,"{""0"": 0.999653, ""1"": 0.000226, ""2"": 7.7e-05, ""3"": 4.4e-05}",323
paper499,0,0.999548,"{""0"": 0.999548, ""1"": 0.000294, ""2"": 0.0001, ""3"": 5.8e-05}",256
paper5,0,0.972457,"{""0"": 0.972457, ""1"": 0.027422, ""2"": 7.7e-05, ""3"": 4.4e-05}",323
paper50,0,0.890655,"{""0"": 0.890655, ""1"": 0.088423, ""2"": 7e-05, ""3"": 0.020851}",372
paper500,0,0.999674,"{""0"": 0.999674, ""1"": 0.000212, ""2"": 7.2e-05, ""3"": 4.1e-05}",350
paper501,0,0.999472,"{""0"": 0.999472, ""1"": 0.000344, ""2"": 0.000117, ""3"": 6.7e-05}",233
paper502,0,0.946639,"{""0"": 0.946639, ""1"": 0.053187, ""2"": 0.000111, ""3"": 6.4e-05}",241
paper503,0,0.896752,"{""0"": 0.896752, ""1"": 0.103022, ""2"": 0.000144, ""3"": 8.3e-05}",177
paper504,0,0.709592,"{""0"": 0.709592, ""1"": 0.290224, ""2"": 0.000117, ""3"": 6.7e-05}",204
paper505,0,0.732047,"{""0"": 0.732047, ""1"": 0.26781, ""2"": 9.1e-05, ""3"": 5.2e-05}",282
paper506,0,0.831725,"{""0"": 0.831725, ""1"": 0.168102, ""2"": 0.00011, ""3"": 6.3e-05}",210
paper507,0,0.836071,"{""0"": 0.836071, ""1"": 0.163797, ""2"": 8.4e-05, ""3"": 4.8e-05}",321
paper508,0,0.999688,"{""0"": 0.999688, ""1"": 0.000203, ""2"": 6.9e-05, ""3"": 4e-05}",396
paper509,0,0.999507,"{""0"": 0.999507, ""1"": 0.000321, ""2"": 0.000109, ""3"": 6.3e-05}",224
paper51,0,0.73383,"{""0"": 0.73383, ""1"": 0.266071, ""2"": 6.3e-05, ""3"": 3.6e-05}",402
paper510,0,0.988202,"{""0"": 0.988202, ""1"": 0.000196, ""2"": 0.011563, ""3"": 3.8e-05}",371
paper511,0,0.999588,"{""0"": 0.999588, ""1"": 0.000268, ""2"": 9.1e-05, ""3"": 5.2e-05}",327
paper512,0,0.999347,"{""0"": 0.999347, ""1"": 0.000425, ""2"": 0.000145, ""3"": 8.3e-05}",185
paper513,0,0.99954,"{""0"": 0.99954, ""1"": 0.0003, ""2"": 0.000102, ""3"": 5.9e-05}",260
paper514,0,0.999451,"{""0"": 0.999451, ""1"": 0.000358, ""2"": 0.000122, ""3"": 7e-05}",220
paper515,0,0.999712,"{""0"": 0.999712, ""1"": 0.000188, ""2"": 6.4e-05, ""3"": 3.7e-05}",408
paper516,0,0.999752,"{""0"": 0.999752, ""1"": 0.000162, ""2"": 5.5e-05, ""3"": 3.2e-05}",473
paper517,0,0.999444,"{""0"": 0.999444, ""1"": 0.000362, ""2"": 0.000123, ""3"": 7.1e-05}",225
paper518,0,0.999622,"{""0"": 0.999622, ""1"": 0.000246, ""2"": 8.4e-05, ""3"": 4.8e-05}",297
paper519,0,0.999641,"{""0"": 0.999641, ""1"": 0.000234, ""2"": 8e-05, ""3"": 4.6e-05}",330
paper52,0,0.99383,"{""0"": 0.99383, ""1"": 0.006043, ""2"": 8.1e-05, ""3"": 4.6e-05}",326
paper520,0,0.854661,"{""0"": 0.854661, ""1"": 0.145242, ""2"": 6.2e-05, ""3"": 3.5e-05}",432
paper521,0,0.904286,"{""0"": 0.904286, ""1"": 0.095547, ""2"": 0.000106, ""3"": 6.1e-05}",228
paper522,0,0.99969,"{""0"": 0.99969, ""1"": 0.000202, ""2"": 6.9e-05, ""3"": 3.9e-05}",366
paper524,0,0.999483,"{""0"": 0.999483, ""1"": 0.000337, ""2"": 0.000115, ""3"": 6.6e-05}",249
paper525,0,0.999644,"{""0"": 0.999644, ""1"": 0.000232, ""2"": 7.9e-05, ""3"": 4.5e-05}",330
paper526,0,0.999676,"{""0"": 0.999676, ""1"": 0.000211, ""2"": 7.2e-05, ""3"": 4.1e-05}",353
paper527,0,0.999682,"{""0"": 0.999682, ""1"": 0.000207, ""2"": 7e-05, ""3"": 4e-05}",367
paper528,0,0.999685,"{""0"": 0.999685, ""1"": 0.000205, ""2"": 7e-05, ""3"": 4e-05}",369
paper529,0,0.999711,"{""0"": 0.999711, ""1"": 0.000188, ""2"": 6.4e-05, ""3"": 3.7e-05}",382
paper53,0,0.828933,"{""0"": 0.828933, ""1"": 0.170979, ""2"": 5.6e-05, ""3"": 3.2e-05}",465
paper530,0,0.999699,"{""0"": 0.999699, ""1"": 0.000196, ""2"": 6.7e-05, ""3"": 3.8e-05}",387
paper531,0,0.999618,"{""0"": 0.999618, ""1"": 0.000249, ""2"": 8.5e-05, ""3"": 4.9e-05}",308
paper532,0,0.99972,"{""0"": 0.99972, ""1"": 0.000183, ""2"": 6.2e-05, ""3"": 3.6e-05}",411
paper533,0,0.999657,"{""0"": 0.999657, ""1"": 0.000223, ""2"": 7.6e-05, ""3"": 4.4e-05}",371
paper534,0,0.999578,"{""0"": 0.999578, ""1"": 0.000275, ""2"": 9.4e-05, ""3"": 5.4e-05}",275
paper535,0,0.986213,"{""0"": 0.986213, ""1"": 0.000279, ""2"": 0.013454, ""3"": 5.4e-05}",301
paper536,0,0.999948,"{""0"": 0.999948, ""1"": 3.4e-05, ""2"": 1.1e-05, ""3"": 7e-06}",1950
paper537,0,0.999566,"{""0"": 0.999566, ""1"": 0.000282, ""2"": 9.6e-05, ""3"": 5.5e-05}",295
paper538,0,0.999701,"{""0"": 0.999701, ""1"": 0.000194, ""2"": 6.6e-05, ""3"": 3.8e-05}",397
paper539,0,0.999936,"{""0"": 0.999936, ""1"": 4.2e-05, ""2"": 1.4e-05, ""3"": 8e-06}",1590
paper54,0,0.858091,"{""0"": 0.858091, ""1"": 0.12599, ""2"": 0.000252, ""3"": 0.015667}",120
paper540,0,0.999709,"{""0"": 0.999709, ""1"": 0.000189, ""2"": 6.4e-05, ""3"": 3.7e-05}",412
paper541,0,0.999662,"{""0"": 0.999662, ""1"": 0.00022, ""2"": 7.5e-05, ""3"": 4.3e-05}",358
paper542,0,0.999632,"{""0"": 0.999632, ""1"": 0.000239, ""2"": 8.1e-05, ""3"": 4.7e-05}",309
paper543,0,0.999749,"{""0"": 0.999749, ""1"": 0.000163, ""2"": 5.6e-05, ""3"": 3.2e-05}",452
paper544,0,0.999585,"{""0"": 0.999585, ""1"": 0.00027, ""2"": 9.2e-05, ""3"": 5.3e-05}",278
paper545,0,0.999589,"{""0"": 0.999589, ""1"": 0.000268, ""2"": 9.1e-05, ""3"": 5.2e-05}",281
paper546,0,0.999489,"{""0"": 0.999489, ""1"": 0.000333, ""2"": 0.000113, ""3"": 6.5e-05}",221
paper547,0,0.89719,"{""0"": 0.89719, ""1"": 0.102684, ""2"": 8e-05, ""3"": 4.6e-05}",302
paper548,0,0.944832,"{""0"": 0.944832, ""1"": 0.055049, ""2"": 7.5e-05, ""3"": 4.3e-05}",343
paper549,0,0.999683,"{""0"": 0.999683, ""1"": 0.000207, ""2"": 7e-05, ""3"": 4e-05}",385
paper55,0,0.922313,"{""0"": 0.922313, ""1"": 0.032035, ""2"": 0.045618, ""3"": 3.4e-05}",430
paper550,0,0.999699,"{""0"": 0.999699, ""1"": 0.000196, ""2"": 6.7e-05, ""3"": 3.8e-05}",380
paper551,0,0.999729,"{""0"": 0.999729, ""1"": 0.000177, ""2"": 6e-05, ""3"": 3.4e-05}",427
paper552,0,0.999908,"{""0"": 0.999908, ""1"": 6e-05, ""2"": 2e-05, ""3"": 1.2e-05}",1905
paper553,0,0.999388,"{""0"": 0.999388, ""1"": 0.000398, ""2"": 0.000136, ""3"": 7.8e-05}",207
paper554,0,0.999857,"{""0"": 0.999857, ""1"": 9.3e-05, ""2"": 3.2e-05, ""3"": 1.8e-05}",940
paper555,0,0.999535,"{""0"": 0.999535, ""1"": 0.000303, ""2"": 0.000103, ""3"": 5.9e-05}",271
paper556,0,0.999552,"{""0"": 0.999552, ""1"": 0.000291, ""2"": 9.9e-05, ""3"": 5.7e-05}",264
paper557,0,0.999658,"{""0"": 0.999658, ""1"": 0.000223, ""2"": 7.6e-05, ""3"": 4.4e-05}",353
paper558,0,0.999581,"{""0"": 0.999581, ""1"": 0.000273, ""2"": 9.3e-05, ""3"": 5.3e-05}",290
paper559,0,0.999651,"{""0"": 0.999651, ""1"": 0.000227, ""2"": 7.7e-05, ""3"": 4.4e-05}",337
paper56,0,0.978773,"{""0"": 0.978773, ""1"": 0.021149, ""2"": 5e-05, ""3"": 2.9e-05}",673
paper560,0,0.999725,"{""0"": 0.999725, ""1"": 0.000179, ""2"": 6.1e-05, ""3"": 3.5e-05}",472
paper561,0,0.992154,"{""0"": 0.992154, ""1"": 0.00021, ""2"": 7.1e-05, ""3"": 0.007564}",342
paper562,0,0.999679,"{""0"": 0.999679, ""1"": 0.000209, ""2"": 7.1e-05, ""3"": 4.1e-05}",367
paper563,0,0.98362,"{""0"": 0.98362, ""1"": 0.000227, ""2"": 0.016108, ""3"": 4.4e-05}",368
paper564,0,0.999736,"{""0"": 0.999736, ""1"": 0.000172, ""2"": 5.8e-05, ""3"": 3.4e-05}",460
paper565,0,0.999546,"{""0"": 0.999546, ""1"": 0.000296, ""2"": 0.000101, ""3"": 5.8e-05}",253
paper566,0,0.999644,"{""0"": 0.999644, ""1"": 0.000232, ""2"": 7.9e-05, ""3"": 4.5e-05}",338
paper567,0,0.999488,"{""0"": 0.999488, ""1"": 0.000333, ""2"": 0.000113, ""3"": 6.5e-05}",248
paper568,0,0.99972,"{""0"": 0.99972, ""1"": 0.000182, ""2"": 6.2e-05, ""3"": 3.6e-05}",420
paper569,0,0.95588,"{""0"": 0.95588, ""1"": 0.043891, ""2"": 0.000146, ""3"": 8.4e-05}",168
paper57,0,0.983408,"{""0"": 0.983408, ""1"": 0.016504, ""2"": 5.6e-05, ""3"": 3.2e-05}",434
paper570,0,0.999576,"{""0"": 0.999576, ""1"": 0.000276, ""2"": 9.4e-05, ""3"": 5.4e-05}",275
paper571,0,0.916305,"{""0"": 0.916305, ""1"": 0.083539, ""2"": 9.9e-05, ""3"": 5.7e-05}",244
paper572,0,0.944027,"{""0"": 0.944027, ""1"": 0.055807, ""2"": 0.000105, ""3"": 6e-05}",230
paper573,0,0.999704,"{""0"": 0.999704, ""1"": 0.000193, ""2"": 6.6e-05, ""3"": 3.8e-05}",401
paper574,0,0.999599,"{""0"": 0.999599, ""1"": 0.000261, ""2"": 8.9e-05, ""3"": 5.1e-05}",315
paper575,0,0.999608,"{""0"": 0.999608, ""1"": 0.000255, ""2"": 8.7e-05, ""3"": 5e-05}",292
paper576,0,0.999653,"{""0"": 0.999653, ""1"": 0.000226, ""2"": 7.7e-05, ""3"": 4.4e-05}",331
paper577,0,0.999519,"{""0"": 0.999519, ""1"": 0.000313, ""2"": 0.000107, ""3"": 6.1e-05}",253
paper578,0,0.99961,"{""0"": 0.99961, ""1"": 0.000254, ""2"": 8.6e-05, ""3"": 5e-05}",302
paper579,0,0.999738,"{""0"": 0.999738, ""1"": 0.000171, ""2"": 5.8e-05, ""3"": 3.3e-05}",443
paper58,0,0.999636,"{""0"": 0.999636, ""1"": 0.000237, ""2"": 8.1e-05, ""3"": 4.6e-05}",339
paper580,0,0.96359,"{""0"": 0.96359, ""1"": 0.036296, ""2"": 7.3e-05, ""3"": 4.2e-05}",344
paper581,0,0.999595,"{""0"": 0.999595, ""1"": 0.000263, ""2"": 9e-05, ""3"": 5.1e-05}",301
paper582,0,0.999627,"{""0"": 0.999627, ""1"": 0.000243, ""2"": 8.3e-05, ""3"": 4.8e-05}",365
paper583,0,0.999663,"{""0"": 0.999663, ""1"": 0.000219, ""2"": 7.5e-05, ""3"": 4.3e-05}",346
paper584,0,0.999697,"{""0"": 0.999697, ""1"": 0.000197, ""2"": 6.7e-05, ""3"": 3.9e-05}",389
paper585,0,0.999749,"{""0"": 0.999749, ""1"": 0.000163, ""2"": 5.6e-05, ""3"": 3.2e-05}",444
paper586,0,0.999567,"{""0"": 0.999567, ""1"": 0.000282, ""2"": 9.6e-05, ""3"": 5.5e-05}",269
paper587,0,0.999621,"{""0"": 0.999621, ""1"": 0.000247, ""2"": 8.4e-05, ""3"": 4.8e-05}",327
paper589,0,0.999618,"{""0"": 0.999618, ""1"": 0.000249, ""2"": 8.5e-05, ""3"": 4.9e-05}",290
paper59,0,0.999651,"{""0"": 0.999651, ""1"": 0.000227, ""2"": 7.7e-05, ""3"": 4.4e-05}",324
paper592,0,0.999652,"{""0"": 0.999652, ""1"": 0.000227, ""2"": 7.7e-05, ""3"": 4.4e-05}",313
paper593,0,0.999669,"{""0"": 0.999669, ""1"": 0.000216, ""2"": 7.3e-05, ""3"": 4.2e-05}",349
paper594,0,0.996002,"{""0"": 0.996002, ""1"": 0.00024, ""2"": 8.1e-05, ""3"": 0.003677}",310
paper595,0,0.999581,"{""0"": 0.999581, ""1"": 0.000273, ""2"": 9.3e-05, ""3"": 5.3e-05}",275
paper596,0,0.999608,"{""0"": 0.999608, ""1"": 0.000255, ""2"": 8.7e-05, ""3"": 5e-05}",321
paper597,0,0.994043,"{""0"": 0.994043, ""1"": 0.005816, ""2"": 8.9e-05, ""3"": 5.1e-05}",281
paper598,0,0.999667,"{""0"": 0.999667, ""1"": 0.000217, ""2"": 7.4e-05, ""3"": 4.2e-05}",337
paper599,0,0.930663,"{""0"": 0.930663, ""1"": 0.06909, ""2"": 0.000157, ""3"": 9e-05}",170
paper6,0,0.999687,"{""0"": 0.999687, ""1"": 0.000204, ""2"": 6.9e-05, ""3"": 4e-05}",408
paper60,0,0.999709,"{""0"": 0.999709, ""1"": 0.000189, ""2"": 6.4e-05, ""3"": 3.7e-05}",427
paper600,0,0.999489,"{""0"": 0.999489, ""1"": 0.000333, ""2"": 0.000113, ""3"": 6.5e-05}",1617
paper601,0,0.999376,"{""0"": 0.999376, ""1"": 0.000406, ""2"": 0.000138, ""3"": 7.9e-05}",179
paper602,0,0.944238,"{""0"": 0.944238, ""1"": 0.055659, ""2"": 6.6e-05, ""3"": 3.8e-05}",392
paper603,0,0.999711,"{""0"": 0.999711, ""1"": 0.000188, ""2"": 6.4e-05, ""3"": 3.7e-05}",402
paper604,0,0.999574,"{""0"": 0.999574, ""1"": 0.000277, ""2"": 9.4e-05, ""3"": 5.4e-05}",279
paper61,0,0.892268,"{""0"": 0.892268, ""1"": 0.107627, ""2"": 6.7e-05, ""3"": 3.8e-05}",406
paper62,0,0.86909,"{""0"": 0.86909, ""1"": 0.032667, ""2"": 0.015159, ""3"": 0.083084}",450
paper621,0,0.999411,"{""0"": 0.999411, ""1"": 0.000384, ""2"": 0.000131, ""3"": 7.5e-05}",186
paper622,0,0.97468,"{""0"": 0.97468, ""1"": 0.025216, ""2"": 6.6e-05, ""3"": 3.8e-05}",393
paper623,0,0.999736,"{""0"": 0.999736, ""1"": 0.000172, ""2"": 5.8e-05, ""3"": 3.4e-05}",407
paper624,0,0.883622,"{""0"": 0.883622, ""1"": 0.116211, ""2"": 0.000106, ""3"": 6.1e-05}",247
paper625,0,0.999499,"{""0"": 0.999499, ""1"": 0.000326, ""2"": 0.000111, ""3"": 6.4e-05}",230
paper626,0,0.991513,"{""0"": 0.991513, ""1"": 0.008385, ""2"": 6.5e-05, ""3"": 3.7e-05}",453
paper627,0,0.999625,"{""0"": 0.999625, ""1"": 0.000244, ""2"": 8.3e-05, ""3"": 4.8e-05}",305
paper628,0,0.999885,"{""0"": 0.999885, ""1"": 7.5e-05, ""2"": 2.6e-05, ""3"": 1.5e-05}",1799
paper629,0,0.999526,"{""0"": 0.999526, ""1"": 0.000309, ""2"": 0.000105, ""3"": 6e-05}",249
paper63,0,0.941237,"{""0"": 0.941237, ""1"": 0.058617, ""2"": 9.3e-05, ""3"": 5.4e-05}",290
paper630,0,0.908995,"{""0"": 0.908995, ""1"": 0.090773, ""2"": 0.000148, ""3"": 8.5e-05}",186
paper631,0,0.999695,"{""0"": 0.999695, ""1"": 0.000199, ""2"": 6.8e-05, ""3"": 3.9e-05}",396
paper632,0,0.999531,"{""0"": 0.999531, ""1"": 0.000306, ""2"": 0.000104, ""3"": 6e-05}",250
paper633,0,0.986404,"{""0"": 0.986404, ""1"": 0.013438, ""2"": 0.000101, ""3"": 5.8e-05}",1613
paper634,0,0.999668,"{""0"": 0.999668, ""1"": 0.000216, ""2"": 7.4e-05, ""3"": 4.2e-05}",337
paper635,0,0.999451,"{""0"": 0.999451, ""1"": 0.000358, ""2"": 0.000122, ""3"": 7e-05}",215
paper636,0,0.999655,"{""0"": 0.999655, ""1"": 0.000225, ""2"": 7.7e-05, ""3"": 4.4e-05}",326
paper637,0,0.999519,"{""0"": 0.999519, ""1"": 0.000313, ""2"": 0.000107, ""3"": 6.1e-05}",228
paper638,0,0.999658,"{""0"": 0.999658, ""1"": 0.000223, ""2"": 7.6e-05, ""3"": 4.4e-05}",351
paper639,0,0.799186,"{""0"": 0.799186, ""1"": 0.018595, ""2"": 0.182178, ""3"": 4.2e-05}",849
paper64,0,0.974249,"{""0"": 0.974249, ""1"": 0.025662, ""2"": 5.6e-05, ""3"": 3.2e-05}",425
paper640,0,0.893961,"{""0"": 0.893961, ""1"": 0.037347, ""2"": 0.068663, ""3"": 3e-05}",494
paper641,0,0.920241,"{""0"": 0.920241, ""1"": 0.079578, ""2"": 0.000115, ""3"": 6.6e-05}",212
paper642,0,0.888016,"{""0"": 0.888016, ""1"": 0.111828, ""2"": 9.9e-05, ""3"": 5.7e-05}",267
paper643,0,0.991557,"{""0"": 0.991557, ""1"": 0.000221, ""2"": 0.008179, ""3"": 4.3e-05}",334
paper646,0,0.999581,"{""0"": 0.999581, ""1"": 0.000273, ""2"": 9.3e-05, ""3"": 5.3e-05}",298
paper647,0,0.999514,"{""0"": 0.999514, ""1"": 0.000316, ""2"": 0.000108, ""3"": 6.2e-05}",259
paper648,0,0.999688,"{""0"": 0.999688, ""1"": 0.000203, ""2"": 6.9e-05, ""3"": 4e-05}",423
paper649,0,0.918579,"{""0"": 0.918579, ""1"": 0.031423, ""2"": 0.049947, ""3"": 5.1e-05}",265
paper65,0,0.999676,"{""0"": 0.999676, ""1"": 0.000211, ""2"": 7.2e-05, ""3"": 4.1e-05}",344
paper650,0,0.929901,"{""0"": 0.929901, ""1"": 0.007081, ""2"": 0.06299, ""3"": 2.7e-05}",525
paper651,0,0.88843,"{""0"": 0.88843, ""1"": 0.024499, ""2"": 0.087038, ""3"": 3.2e-05}",466
paper652,0,0.999673,"{""0"": 0.999673, ""1"": 0.000213, ""2"": 7.2e-05, ""3"": 4.2e-05}",348
paper653,0,0.858204,"{""0"": 0.858204, ""1"": 0.109845, ""2"": 0.031882, ""3"": 7e-05}",213
paper654,0,0.843455,"{""0"": 0.843455, ""1"": 0.107268, ""2"": 0.049267, ""3"": 1e-05}",1307
paper655,0,0.927278,"{""0"": 0.927278, ""1"": 0.000122, ""2"": 0.072576, ""3"": 2.4e-05}",614
paper656,0,0.999558,"{""0"": 0.999558, ""1"": 0.000288, ""2"": 9.8e-05, ""3"": 5.6e-05}",244
paper657,0,0.999153,"{""0"": 0.999153, ""1"": 0.000551, ""2"": 0.000188, ""3"": 0.000108}",129
paper658,0,0.99948,"{""0"": 0.99948, ""1"": 0.000338, ""2"": 0.000115, ""3"": 6.6e-05}",206
paper659,0,0.962409,"{""0"": 0.962409, ""1"": 0.037491, ""2"": 6.3e-05, ""3"": 3.6e-05}",485
paper66,0,0.981543,"{""0"": 0.981543, ""1"": 0.000248, ""2"": 0.018161, ""3"": 4.8e-05}",326
paper660,0,0.999599,"{""0"": 0.999599, ""1"": 0.000261, ""2"": 8.9e-05, ""3"": 5.1e-05}",337
paper661,0,0.925292,"{""0"": 0.925292, ""1"": 0.074584, ""2"": 7.9e-05, ""3"": 4.5e-05}",312
paper662,0,0.944338,"{""0"": 0.944338, ""1"": 0.000148, ""2"": 0.055485, ""3"": 2.9e-05}",502
paper663,0,0.999504,"{""0"": 0.999504, ""1"": 0.000323, ""2"": 0.00011, ""3"": 6.3e-05}",234
paper664,0,0.999499,"{""0"": 0.999499, ""1"": 0.000326, ""2"": 0.000111, ""3"": 6.4e-05}",223
paper665,0,0.999793,"{""0"": 0.999793, ""1"": 0.000135, ""2"": 4.6e-05, ""3"": 2.6e-05}",555
paper666,0,0.999696,"{""0"": 0.999696, ""1"": 0.000198, ""2"": 6.7e-05, ""3"": 3.9e-05}",375
paper667,0,0.964502,"{""0"": 0.964502, ""1"": 0.000288, ""2"": 0.035154, ""3"": 5.6e-05}",270
paper668,0,0.973671,"{""0"": 0.973671, ""1"": 0.000203, ""2"": 0.026086, ""3"": 4e-05}",362
paper669,0,0.889312,"{""0"": 0.889312, ""1"": 0.110558, ""2"": 8.2e-05, ""3"": 4.7e-05}",302
paper67,0,0.999749,"{""0"": 0.999749, ""1"": 0.000163, ""2"": 5.6e-05, ""3"": 3.2e-05}",475
paper670,0,0.811127,"{""0"": 0.811127, ""1"": 0.188757, ""2"": 7.3e-05, ""3"": 4.2e-05}",364
paper671,0,0.904384,"{""0"": 0.904384, ""1"": 0.095496, ""2"": 7.7e-05, ""3"": 4.4e-05}",310
paper672,0,0.877864,"{""0"": 0.877864, ""1"": 0.122028, ""2"": 6.9e-05, ""3"": 4e-05}",356
paper673,0,0.999772,"{""0"": 0.999772, ""1"": 0.000149, ""2"": 5.1e-05, ""3"": 2.9e-05}",512
paper674,0,0.90098,"{""0"": 0.90098, ""1"": 0.098988, ""2"": 2.1e-05, ""3"": 1.2e-05}",1669
paper675,0,0.963668,"{""0"": 0.963668, ""1"": 0.036216, ""2"": 7.3e-05, ""3"": 4.2e-05}",359
paper676,0,0.941676,"{""0"": 0.941676, ""1"": 0.058194, ""2"": 8.2e-05, ""3"": 4.7e-05}",331
paper677,0,0.910172,"{""0"": 0.910172, ""1"": 0.089736, ""2"": 5.8e-05, ""3"": 3.3e-05}",452
paper678,0,0.999661,"{""0"": 0.999661, ""1"": 0.000221, ""2"": 7.5e-05, ""3"": 4.3e-05}",352
paper679,0,0.999613,"{""0"": 0.999613, ""1"": 0.000252, ""2"": 8.6e-05, ""3"": 4.9e-05}",300
paper68,0,0.822437,"{""0"": 0.822437, ""1"": 0.177447, ""2"": 7.3e-05, ""3"": 4.2e-05}",349
paper680,0,0.999657,"{""0"": 0.999657, ""1"": 0.000223, ""2"": 7.6e-05, ""3"": 4.4e-05}",336
paper681,0,0.999608,"{""0"": 0.999608, ""1"": 0.000255, ""2"": 8.7e-05, ""3"": 5e-05}",309
paper682,0,0.999006,"{""0"": 0.999006, ""1"": 0.000648, ""2"": 0.00022, ""3"": 0.000127}",111
paper683,0,0.982721,"{""0"": 0.982721, ""1"": 0.017169, ""2"": 7e-05, ""3"": 4e-05}",372
paper684,0,0.999435,"{""0"": 0.999435, ""1"": 0.000368, ""2"": 0.000125, ""3"": 7.2e-05}",202
paper685,0,0.999658,"{""0"": 0.999658, ""1"": 0.000223, ""2"": 7.6e-05, ""3"": 4.4e-05}",362
paper686,0,0.863408,"{""0"": 0.863408, ""1"": 0.094733, ""2"": 0.0418, ""3"": 5.9e-05}",236
paper687,0,0.999619,"{""0"": 0.999619, ""1"": 0.000248, ""2"": 8.4e-05, ""3"": 4.8e-05}",302
paper688,0,0.999724,"{""0"": 0.999724, ""1"": 0.00018, ""2"": 6.1e-05, ""3"": 3.5e-05}",392
paper689,0,0.99964,"{""0"": 0.99964, ""1"": 0.000234, ""2"": 8e-05, ""3"": 4.6e-05}",337
paper69,0,0.75374,"{""0"": 0.75374, ""1"": 0.246131, ""2"": 8.2e-05, ""3"": 4.7e-05}",307
paper690,0,0.999589,"{""0"": 0.999589, ""1"": 0.000268, ""2"": 9.1e-05, ""3"": 5.2e-05}",304
paper691,0,0.999411,"{""0"": 0.999411, ""1"": 0.000384, ""2"": 0.000131, ""3"": 7.5e-05}",199
paper692,0,0.999605,"{""0"": 0.999605, ""1"": 0.000257, ""2"": 8.7e-05, ""3"": 5e-05}",335
paper693,0,0.940685,"{""0"": 0.940685, ""1"": 0.059214, ""2"": 6.5e-05, ""3"": 3.7e-05}",400
paper694,0,0.999627,"{""0"": 0.999627, ""1"": 0.000243, ""2"": 8.3e-05, ""3"": 4.8e-05}",327
paper695,0,0.999675,"{""0"": 0.999675, ""1"": 0.000211, ""2"": 7.2e-05, ""3"": 4.1e-05}",374
paper696,0,0.955053,"{""0"": 0.955053, ""1"": 0.044816, ""2"": 8.3e-05, ""3"": 4.8e-05}",297
paper697,0,0.814537,"{""0"": 0.814537, ""1"": 0.185358, ""2"": 6.7e-05, ""3"": 3.8e-05}",356
paper698,0,0.999566,"{""0"": 0.999566, ""1"": 0.000282, ""2"": 9.6e-05, ""3"": 5.5e-05}",265
paper699,0,0.999438,"{""0"": 0.999438, ""1"": 0.000366, ""2"": 0.000124, ""3"": 7.1e-05}",206
paper7,0,0.999629,"{""0"": 0.999629, ""1"": 0.000241, ""2"": 8.2e-05, ""3"": 4.7e-05}",313
paper70,0,0.946822,"{""0"": 0.946822, ""1"": 0.053038, ""2"": 8.9e-05, ""3"": 5.1e-05}",295
paper700,0,0.999705,"{""0"": 0.999705, ""1"": 0.000192, ""2"": 6.5e-05, ""3"": 3.8e-05}",392
paper701,0,0.999672,"{""0"": 0.999672, ""1"": 0.000214, ""2"": 7.3e-05, ""3"": 4.2e-05}",364
paper702,0,0.999709,"{""0"": 0.999709, ""1"": 0.00019, ""2"": 6.5e-05, ""3"": 3.7e-05}",383
paper703,0,0.99946,"{""0"": 0.99946, ""1"": 0.000352, ""2"": 0.00012, ""3"": 6.9e-05}",234
paper704,0,0.999692,"{""0"": 0.999692, ""1"": 0.000201, ""2"": 6.8e-05, ""3"": 3.9e-05}",371
paper705,0,0.999521,"{""0"": 0.999521, ""1"": 0.000312, ""2"": 0.000106, ""3"": 6.1e-05}",244
paper706,0,0.999605,"{""0"": 0.999605, ""1"": 0.000257, ""2"": 8.7e-05, ""3"": 5e-05}",287
paper707,0,0.999688,"{""0"": 0.999688, ""1"": 0.000203, ""2"": 6.9e-05, ""3"": 4e-05}",373
paper708,0,0.99957,"{""0"": 0.99957, ""1"": 0.00028, ""2"": 9.5e-05, ""3"": 5.5e-05}",249
paper709,0,0.931525,"{""0"": 0.931525, ""1"": 0.068349, ""2"": 8e-05, ""3"": 4.6e-05}",334
paper71,0,0.999526,"{""0"": 0.999526, ""1"": 0.000308, ""2"": 0.000105, ""3"": 6e-05}",244
paper710,0,0.99961,"{""0"": 0.99961, ""1"": 0.000254, ""2"": 8.6e-05, ""3"": 5e-05}",302
paper711,0,0.999602,"{""0"": 0.999602, ""1"": 0.000259, ""2"": 8.8e-05, ""3"": 5.1e-05}",284
paper712,0,0.999607,"{""0"": 0.999607, ""1"": 0.000256, ""2"": 8.7e-05, ""3"": 5e-05}",283
paper713,0,0.999642,"{""0"": 0.999642, ""1"": 0.000233, ""2"": 7.9e-05, ""3"": 4.6e-05}",320
paper714,0,0.98079,"{""0"": 0.98079, ""1"": 0.000232, ""2"": 0.018932, ""3"": 4.5e-05}",323
paper715,0,0.999618,"{""0"": 0.999618, ""1"": 0.000249, ""2"": 8.5e-05, ""3"": 4.9e-05}",315
paper716,0,0.999739,"{""0"": 0.999739, ""1"": 0.00017, ""2"": 5.8e-05, ""3"": 3.3e-05}",445
paper717,0,0.999724,"{""0"": 0.999724, ""1"": 0.00018, ""2"": 6.1e-05, ""3"": 3.5e-05}",396
paper718,0,0.898351,"{""0"": 0.898351, ""1"": 0.101528, ""2"": 7.7e-05, ""3"": 4.4e-05}",324
paper719,0,0.999651,"{""0"": 0.999651, ""1"": 0.000227, ""2"": 7.7e-05, ""3"": 4.4e-05}",336
paper72,0,0.880915,"{""0"": 0.880915, ""1"": 0.118975, ""2"": 7e-05, ""3"": 4e-05}",347
paper720,0,0.984654,"{""0"": 0.984654, ""1"": 0.00021, ""2"": 0.015095, ""3"": 4.1e-05}",339
paper721,0,0.999677,"{""0"": 0.999677, ""1"": 0.000211, ""2"": 7.2e-05, ""3"": 4.1e-05}",374
paper722,0,0.977036,"{""0"": 0.977036, ""1"": 0.02286, ""2"": 6.6e-05, ""3"": 3.8e-05}",400
paper723,0,0.999651,"{""0"": 0.999651, ""1"": 0.000227, ""2"": 7.7e-05, ""3"": 4.4e-05}",322
paper724,0,0.982401,"{""0"": 0.982401, ""1"": 0.017509, ""2"": 5.7e-05, ""3"": 3.3e-05}",459
paper725,0,0.999927,"{""0"": 0.999927, ""1"": 4.8e-05, ""2"": 1.6e-05, ""3"": 9e-06}",1524
paper726,0,0.999605,"{""0"": 0.999605, ""1"": 0.000257, ""2"": 8.7e-05, ""3"": 5e-05}",313
paper727,0,0.999764,"{""0"": 0.999764, ""1"": 0.000154, ""2"": 5.2e-05, ""3"": 3e-05}",495
paper728,0,0.999752,"{""0"": 0.999752, ""1"": 0.000162, ""2"": 5.5e-05, ""3"": 3.2e-05}",476
paper729,0,0.999704,"{""0"": 0.999704, ""1"": 0.000193, ""2"": 6.6e-05, ""3"": 3.8e-05}",381
paper73,0,0.919923,"{""0"": 0.919923, ""1"": 0.045934, ""2"": 0.034109, ""3"": 3.4e-05}",481
paper730,0,0.936517,"{""0"": 0.936517, ""1"": 0.063379, ""2"": 6.6e-05, ""3"": 3.8e-05}",365
paper731,0,0.999679,"{""0"": 0.999679, ""1"": 0.000209, ""2"": 7.1e-05, ""3"": 4.1e-05}",352
paper732,0,0.999764,"{""0"": 0.999764, ""1"": 0.000154, ""2"": 5.2e-05, ""3"": 3e-05}",482
paper733,0,0.924555,"{""0"": 0.924555, ""1"": 0.075355, ""2"": 5.7e-05, ""3"": 3.3e-05}",471
paper734,0,0.986857,"{""0"": 0.986857, ""1"": 0.013028, ""2"": 7.3e-05, ""3"": 4.2e-05}",333
paper735,0,0.9997,"{""0"": 0.9997, ""1"": 0.000195, ""2"": 6.6e-05, ""3"": 3.8e-05}",423
paper736,0,0.942486,"{""0"": 0.942486, ""1"": 0.057426, ""2"": 5.6e-05, ""3"": 3.2e-05}",460
paper737,0,0.999719,"{""0"": 0.999719, ""1"": 0.000183, ""2"": 6.2e-05, ""3"": 3.6e-05}",430
paper738,0,0.999699,"{""0"": 0.999699, ""1"": 0.000196, ""2"": 6.7e-05, ""3"": 3.8e-05}",402
paper739,0,0.999564,"{""0"": 0.999564, ""1"": 0.000284, ""2"": 9.7e-05, ""3"": 5.5e-05}",253
paper74,0,0.999616,"{""0"": 0.999616, ""1"": 0.00025, ""2"": 8.5e-05, ""3"": 4.9e-05}",343
paper740,0,0.994759,"{""0"": 0.994759, ""1"": 0.000152, ""2"": 5.2e-05, ""3"": 0.005037}",492
paper741,0,0.999677,"{""0"": 0.999677, ""1"": 0.00021, ""2"": 7.1e-05, ""3"": 4.1e-05}",371
paper742,0,0.999823,"{""0"": 0.999823, ""1"": 0.000115, ""2"": 3.9e-05, ""3"": 2.3e-05}",1212
paper743,0,0.999635,"{""0"": 0.999635, ""1"": 0.000238, ""2"": 8.1e-05, ""3"": 4.6e-05}",307
paper744,0,0.96591,"{""0"": 0.96591, ""1"": 0.033994, ""2"": 6.1e-05, ""3"": 3.5e-05}",438
paper745,0,0.98755,"{""0"": 0.98755, ""1"": 0.01233, ""2"": 7.6e-05, ""3"": 4.4e-05}",363
paper746,0,0.959422,"{""0"": 0.959422, ""1"": 0.040459, ""2"": 7.6e-05, ""3"": 4.4e-05}",375
paper747,0,0.999638,"{""0"": 0.999638, ""1"": 0.000236, ""2"": 8e-05, ""3"": 4.6e-05}",325
paper748,0,0.990725,"{""0"": 0.990725, ""1"": 7.6e-05, ""2"": 0.009185, ""3"": 1.5e-05}",1753
paper749,0,0.999639,"{""0"": 0.999639, ""1"": 0.000235, ""2"": 8e-05, ""3"": 4.6e-05}",327
paper75,0,0.987117,"{""0"": 0.987117, ""1"": 0.007147, ""2"": 0.00569, ""3"": 4.7e-05}",308
paper750,0,0.999648,"{""0"": 0.999648, ""1"": 0.000229, ""2"": 7.8e-05, ""3"": 4.5e-05}",331
paper751,0,0.999512,"{""0"": 0.999512, ""1"": 0.000318, ""2"": 0.000108, ""3"": 6.2e-05}",274
paper752,0,0.982268,"{""0"": 0.982268, ""1"": 0.017635, ""2"": 6.2e-05, ""3"": 3.5e-05}",385
paper753,0,0.960851,"{""0"": 0.960851, ""1"": 0.026852, ""2"": 0.012258, ""3"": 3.9e-05}",389
paper754,0,0.999604,"{""0"": 0.999604, ""1"": 0.000258, ""2"": 8.8e-05, ""3"": 5e-05}",293
paper755,0,0.922687,"{""0"": 0.922687, ""1"": 0.077201, ""2"": 7.1e-05, ""3"": 4.1e-05}",359
paper756,0,0.999704,"{""0"": 0.999704, ""1"": 0.000193, ""2"": 6.6e-05, ""3"": 3.8e-05}",394
paper757,0,0.999634,"{""0"": 0.999634, ""1"": 0.000239, ""2"": 8.1e-05, ""3"": 4.7e-05}",339
paper758,0,0.909302,"{""0"": 0.909302, ""1"": 0.090536, ""2"": 0.000103, ""3"": 5.9e-05}",239
paper759,0,0.921368,"{""0"": 0.921368, ""1"": 0.078436, ""2"": 0.000124, ""3"": 7.2e-05}",237
paper76,0,0.899048,"{""0"": 0.899048, ""1"": 0.100854, ""2"": 6.2e-05, ""3"": 3.6e-05}",387
paper760,0,0.99932,"{""0"": 0.99932, ""1"": 0.000443, ""2"": 0.000151, ""3"": 8.7e-05}",192
paper761,0,0.9993,"{""0"": 0.9993, ""1"": 0.000456, ""2"": 0.000155, ""3"": 8.9e-05}",163
paper762,0,0.958487,"{""0"": 0.958487, ""1"": 0.036988, ""2"": 0.004488, ""3"": 3.7e-05}",397
paper763,2,0.898764,"{""0"": 0.101194, ""1"": 3.5e-05, ""2"": 0.898764, ""3"": 7e-06}",2052
paper764,0,0.999592,"{""0"": 0.999592, ""1"": 0.000266, ""2"": 9e-05, ""3"": 5.2e-05}",292
paper765,0,0.999602,"{""0"": 0.999602, ""1"": 0.000259, ""2"": 8.8e-05, ""3"": 5.1e-05}",332
paper766,0,0.999576,"{""0"": 0.999576, ""1"": 0.000276, ""2"": 9.4e-05, ""3"": 5.4e-05}",300
paper767,0,0.999604,"{""0"": 0.999604, ""1"": 0.000258, ""2"": 8.8e-05, ""3"": 5e-05}",292
paper768,0,0.999759,"{""0"": 0.999759, ""1"": 0.000157, ""2"": 5.3e-05, ""3"": 3.1e-05}",445
paper769,0,0.939671,"{""0"": 0.939671, ""1"": 0.060248, ""2"": 5.1e-05, ""3"": 3e-05}",509
paper77,0,0.855156,"{""0"": 0.855156, ""1"": 0.144763, ""2"": 5.2e-05, ""3"": 3e-05}",481
paper770,0,0.999655,"{""0"": 0.999655, ""1"": 0.000225, ""2"": 7.7e-05, ""3"": 4.4e-05}",367
paper771,0,0.99969,"{""0"": 0.99969, ""1"": 0.000202, ""2"": 6.9e-05, ""3"": 3.9e-05}",389
paper772,0,0.999677,"{""0"": 0.999677, ""1"": 0.000211, ""2"": 7.2e-05, ""3"": 4.1e-05}",363
paper773,0,0.999758,"{""0"": 0.999758, ""1"": 0.000158, ""2"": 5.4e-05, ""3"": 3.1e-05}",464
paper774,0,0.999763,"{""0"": 0.999763, ""1"": 0.000154, ""2"": 5.3e-05, ""3"": 3e-05}",479
paper775,0,0.999748,"{""0"": 0.999748, ""1"": 0.000164, ""2"": 5.6e-05, ""3"": 3.2e-05}",491
paper776,0,0.999692,"{""0"": 0.999692, ""1"": 0.000201, ""2"": 6.8e-05, ""3"": 3.9e-05}",373
paper777,0,0.999585,"{""0"": 0.999585, ""1"": 0.00027, ""2"": 9.2e-05, ""3"": 5.3e-05}",348
paper778,0,0.999742,"{""0"": 0.999742, ""1"": 0.000168, ""2"": 5.7e-05, ""3"": 3.3e-05}",457
paper779,0,0.919987,"{""0"": 0.919987, ""1"": 0.079896, ""2"": 7.4e-05, ""3"": 4.3e-05}",359
paper78,0,0.999517,"{""0"": 0.999517, ""1"": 0.000315, ""2"": 0.000107, ""3"": 6.2e-05}",252
paper780,0,0.999502,"{""0"": 0.999502, ""1"": 0.000325, ""2"": 0.00011, ""3"": 6.3e-05}",241
paper781,0,0.9008,"{""0"": 0.9008, ""1"": 0.099094, ""2"": 6.7e-05, ""3"": 3.9e-05}",372
paper782,0,0.999639,"{""0"": 0.999639, ""1"": 0.000235, ""2"": 8e-05, ""3"": 4.6e-05}",305
paper783,0,0.999622,"{""0"": 0.999622, ""1"": 0.000246, ""2"": 8.4e-05, ""3"": 4.8e-05}",322
paper784,0,0.974971,"{""0"": 0.974971, ""1"": 0.024897, ""2"": 8.4e-05, ""3"": 4.8e-05}",305
paper785,0,0.999564,"{""0"": 0.999564, ""1"": 0.000284, ""2"": 9.6e-05, ""3"": 5.5e-05}",297
paper786,0,0.712514,"{""0"": 0.712514, ""1"": 0.287394, ""2"": 5.9e-05, ""3"": 3.4e-05}",422
paper787,0,0.864846,"{""0"": 0.864846, ""1"": 0.103129, ""2"": 0.031976, ""3"": 5e-05}",292
paper788,0,0.931686,"{""0"": 0.931686, ""1"": 0.041755, ""2"": 0.026512, ""3"": 4.8e-05}",297
paper789,0,0.980367,"{""0"": 0.980367, ""1"": 0.019532, ""2"": 6.4e-05, ""3"": 3.7e-05}",388
paper79,0,0.999707,"{""0"": 0.999707, ""1"": 0.000191, ""2"": 6.5e-05, ""3"": 3.7e-05}",404
paper790,0,0.957106,"{""0"": 0.957106, ""1"": 0.000289, ""2"": 9.8e-05, ""3"": 0.042507}",271
paper791,0,0.971811,"{""0"": 0.971811, ""1"": 0.028078, ""2"": 7e-05, ""3"": 4e-05}",346
paper792,0,0.894256,"{""0"": 0.894256, ""1"": 0.039472, ""2"": 6.7e-05, ""3"": 0.066205}",412
paper793,0,0.811797,"{""0"": 0.811797, ""1"": 0.188123, ""2"": 5.1e-05, ""3"": 2.9e-05}",474
paper794,0,0.99505,"{""0"": 0.99505, ""1"": 0.000161, ""2"": 5.5e-05, ""3"": 0.004735}",470
paper795,0,0.99909,"{""0"": 0.99909, ""1"": 0.000593, ""2"": 0.000202, ""3"": 0.000116}",136
paper796,0,0.904766,"{""0"": 0.904766, ""1"": 0.038682, ""2"": 0.056503, ""3"": 5e-05}",304
paper797,0,0.911413,"{""0"": 0.911413, ""1"": 0.088505, ""2"": 5.2e-05, ""3"": 3e-05}",490
paper798,0,0.999763,"{""0"": 0.999763, ""1"": 0.000154, ""2"": 5.3e-05, ""3"": 3e-05}",512
paper799,0,0.999615,"{""0"": 0.999615, ""1"": 0.000251, ""2"": 8.5e-05, ""3"": 4.9e-05}",320
paper8,0,0.999905,"{""0"": 0.999905, ""1"": 6.2e-05, ""2"": 2.1e-05, ""3"": 1.2e-05}",1179
paper80,0,0.999663,"{""0"": 0.999663, ""1"": 0.00022, ""2"": 7.5e-05, ""3"": 4.3e-05}",362
paper800,0,0.999629,"{""0"": 0.999629, ""1"": 0.000241, ""2"": 8.2e-05, ""3"": 4.7e-05}",342
paper801,0,0.999373,"{""0"": 0.999373, ""1"": 0.000408, ""2"": 0.000139, ""3"": 8e-05}",203
paper802,0,0.999594,"{""0"": 0.999594, ""1"": 0.000265, ""2"": 9e-05, ""3"": 5.2e-05}",268
paper803,0,0.999702,"{""0"": 0.999702, ""1"": 0.000194, ""2"": 6.6e-05, ""3"": 3.8e-05}",386
paper804,0,0.978336,"{""0"": 0.978336, ""1"": 0.02153, ""2"": 8.5e-05, ""3"": 4.9e-05}",316
paper805,0,0.999709,"{""0"": 0.999709, ""1"": 0.000189, ""2"": 6.4e-05, ""3"": 3.7e-05}",404
paper806,0,0.986462,"{""0"": 0.986462, ""1"": 0.000254, ""2"": 0.013234, ""3"": 5e-05}",319
paper807,0,0.999741,"{""0"": 0.999741, ""1"": 0.000169, ""2"": 5.7e-05, ""3"": 3.3e-05}",460
paper808,0,0.999832,"{""0"": 0.999832, ""1"": 0.000109, ""2"": 3.7e-05, ""3"": 2.1e-05}",680
paper809,0,0.999696,"{""0"": 0.999696, ""1"": 0.000198, ""2"": 6.7e-05, ""3"": 3.9e-05}",409
paper81,0,0.999483,"{""0"": 0.999483, ""1"": 0.000337, ""2"": 0.000115, ""3"": 6.6e-05}",248
paper810,0,0.999666,"{""0"": 0.999666, ""1"": 0.000217, ""2"": 7.4e-05, ""3"": 4.2e-05}",371
paper811,0,0.99791,"{""0"": 0.99791, ""1"": 0.001361, ""2"": 0.000463, ""3"": 0.000266}",227
paper812,0,0.959954,"{""0"": 0.959954, ""1"": 0.039906, ""2"": 8.9e-05, ""3"": 5.1e-05}",325
paper813,0,0.86649,"{""0"": 0.86649, ""1"": 0.133413, ""2"": 6.2e-05, ""3"": 3.6e-05}",414
paper814,0,0.966053,"{""0"": 0.966053, ""1"": 0.033827, ""2"": 7.6e-05, ""3"": 4.4e-05}",368
paper815,0,0.851349,"{""0"": 0.851349, ""1"": 0.14862, ""2"": 1.9e-05, ""3"": 1.1e-05}",1487
paper816,0,0.999686,"{""0"": 0.999686, ""1"": 0.000204, ""2"": 7e-05, ""3"": 4e-05}",351
paper817,0,0.999381,"{""0"": 0.999381, ""1"": 0.000403, ""2"": 0.000137, ""3"": 7.9e-05}",191
paper818,0,0.999444,"{""0"": 0.999444, ""1"": 0.000362, ""2"": 0.000123, ""3"": 7.1e-05}",218
paper819,0,0.999572,"{""0"": 0.999572, ""1"": 0.000279, ""2"": 9.5e-05, ""3"": 5.4e-05}",276
paper82,0,0.999583,"{""0"": 0.999583, ""1"": 0.000271, ""2"": 9.2e-05, ""3"": 5.3e-05}",308
paper820,0,0.999491,"{""0"": 0.999491, ""1"": 0.000331, ""2"": 0.000113, ""3"": 6.5e-05}",223
paper821,0,0.999688,"{""0"": 0.999688, ""1"": 0.000203, ""2"": 6.9e-05, ""3"": 4e-05}",390
paper822,0,0.999546,"{""0"": 0.999546, ""1"": 0.000296, ""2"": 0.000101, ""3"": 5.8e-05}",262
paper823,0,0.99524,"{""0"": 0.99524, ""1"": 0.000232, ""2"": 0.004484, ""3"": 4.5e-05}",330
paper824,0,0.999581,"{""0"": 0.999581, ""1"": 0.000273, ""2"": 9.3e-05, ""3"": 5.3e-05}",316
paper825,0,0.99957,"{""0"": 0.99957, ""1"": 0.00028, ""2"": 9.5e-05, ""3"": 5.5e-05}",257
paper826,0,0.999681,"{""0"": 0.999681, ""1"": 0.000208, ""2"": 7.1e-05, ""3"": 4.1e-05}",344
paper827,0,0.999364,"{""0"": 0.999364, ""1"": 0.000414, ""2"": 0.000141, ""3"": 8.1e-05}",182
paper828,0,0.999613,"{""0"": 0.999613, ""1"": 0.000252, ""2"": 8.6e-05, ""3"": 4.9e-05}",282
paper829,0,0.999411,"{""0"": 0.999411, ""1"": 0.000384, ""2"": 0.00013, ""3"": 7.5e-05}",207
paper83,0,0.938176,"{""0"": 0.938176, ""1"": 0.061699, ""2"": 7.9e-05, ""3"": 4.6e-05}",347
paper830,0,0.999566,"{""0"": 0.999566, ""1"": 0.000282, ""2"": 9.6e-05, ""3"": 5.5e-05}",275
paper831,0,0.999466,"{""0"": 0.999466, ""1"": 0.000348, ""2"": 0.000118, ""3"": 6.8e-05}",214
paper832,0,0.958785,"{""0"": 0.958785, ""1"": 0.041094, ""2"": 7.7e-05, ""3"": 4.4e-05}",323
paper833,0,0.940168,"{""0"": 0.940168, ""1"": 0.059694, ""2"": 8.8e-05, ""3"": 5e-05}",297
paper834,0,0.999662,"{""0"": 0.999662, ""1"": 0.00022, ""2"": 7.5e-05, ""3"": 4.3e-05}",333
paper835,0,0.948011,"{""0"": 0.948011, ""1"": 0.051855, ""2"": 8.5e-05, ""3"": 4.9e-05}",320
paper836,0,0.99956,"{""0"": 0.99956, ""1"": 0.000286, ""2"": 9.7e-05, ""3"": 5.6e-05}",248
paper837,0,0.999604,"{""0"": 0.999604, ""1"": 0.000258, ""2"": 8.8e-05, ""3"": 5e-05}",289
paper838,0,0.981216,"{""0"": 0.981216, ""1"": 0.018681, ""2"": 6.6e-05, ""3"": 3.8e-05}",370
paper839,0,0.999647,"{""0"": 0.999647, ""1"": 0.00023, ""2"": 7.8e-05, ""3"": 4.5e-05}",345
paper84,0,0.999675,"{""0"": 0.999675, ""1"": 0.000211, ""2"": 7.2e-05, ""3"": 4.1e-05}",369
paper840,0,0.999657,"{""0"": 0.999657, ""1"": 0.000223, ""2"": 7.6e-05, ""3"": 4.4e-05}",340
paper841,0,0.999724,"{""0"": 0.999724, ""1"": 0.00018, ""2"": 6.1e-05, ""3"": 3.5e-05}",401
paper842,0,0.999693,"{""0"": 0.999693, ""1"": 0.0002, ""2"": 6.8e-05, ""3"": 3.9e-05}",388
paper843,0,0.999782,"{""0"": 0.999782, ""1"": 0.000142, ""2"": 4.8e-05, ""3"": 2.8e-05}",516
paper844,0,0.999564,"{""0"": 0.999564, ""1"": 0.000284, ""2"": 9.6e-05, ""3"": 5.5e-05}",286
paper845,0,0.979241,"{""0"": 0.979241, ""1"": 0.020664, ""2"": 6e-05, ""3"": 3.4e-05}",457
paper846,0,0.999694,"{""0"": 0.999694, ""1"": 0.000199, ""2"": 6.8e-05, ""3"": 3.9e-05}",360
paper847,0,0.999673,"{""0"": 0.999673, ""1"": 0.000213, ""2"": 7.2e-05, ""3"": 4.2e-05}",363
paper848,0,0.999619,"{""0"": 0.999619, ""1"": 0.000248, ""2"": 8.4e-05, ""3"": 4.8e-05}",296
paper849,0,0.999488,"{""0"": 0.999488, ""1"": 0.000333, ""2"": 0.000113, ""3"": 6.5e-05}",251
paper85,0,0.972207,"{""0"": 0.972207, ""1"": 0.027597, ""2"": 0.000125, ""3"": 7.2e-05}",217
paper850,0,0.999556,"{""0"": 0.999556, ""1"": 0.000289, ""2"": 9.8e-05, ""3"": 5.6e-05}",254
paper851,0,0.941776,"{""0"": 0.941776, ""1"": 0.058136, ""2"": 5.6e-05, ""3"": 3.2e-05}",464
paper852,0,0.876027,"{""0"": 0.876027, ""1"": 0.123794, ""2"": 0.000113, ""3"": 6.5e-05}",230
paper853,0,0.999502,"{""0"": 0.999502, ""1"": 0.000324, ""2"": 0.00011, ""3"": 6.3e-05}",208
paper854,0,0.915116,"{""0"": 0.915116, ""1"": 0.084805, ""2"": 5e-05, ""3"": 2.9e-05}",498
paper855,0,0.936195,"{""0"": 0.936195, ""1"": 0.063707, ""2"": 6.2e-05, ""3"": 3.6e-05}",423
paper856,0,0.972434,"{""0"": 0.972434, ""1"": 0.027448, ""2"": 7.5e-05, ""3"": 4.3e-05}",339
paper857,0,0.991162,"{""0"": 0.991162, ""1"": 0.000161, ""2"": 0.008645, ""3"": 3.1e-05}",475
paper858,0,0.908253,"{""0"": 0.908253, ""1"": 0.068698, ""2"": 0.023009, ""3"": 4e-05}",365
paper859,0,0.958444,"{""0"": 0.958444, ""1"": 0.041404, ""2"": 9.6e-05, ""3"": 5.5e-05}",260
paper86,0,0.999425,"{""0"": 0.999425, ""1"": 0.000375, ""2"": 0.000127, ""3"": 7.3e-05}",207
paper860,0,0.999735,"{""0"": 0.999735, ""1"": 0.000173, ""2"": 5.9e-05, ""3"": 3.4e-05}",431
paper861,0,0.923398,"{""0"": 0.923398, ""1"": 0.076416, ""2"": 0.000118, ""3"": 6.8e-05}",227
paper862,0,0.848995,"{""0"": 0.848995, ""1"": 0.1509, ""2"": 6.7e-05, ""3"": 3.8e-05}",377
paper863,0,0.878401,"{""0"": 0.878401, ""1"": 0.121492, ""2"": 6.8e-05, ""3"": 3.9e-05}",370
paper864,0,0.977738,"{""0"": 0.977738, ""1"": 0.000272, ""2"": 9.2e-05, ""3"": 0.021899}",289
paper865,0,0.89923,"{""0"": 0.89923, ""1"": 0.065547, ""2"": 6.4e-05, ""3"": 0.035159}",401
paper866,0,0.776183,"{""0"": 0.776183, ""1"": 0.223721, ""2"": 6.1e-05, ""3"": 3.5e-05}",391
paper867,0,0.944605,"{""0"": 0.944605, ""1"": 0.000275, ""2"": 9.4e-05, ""3"": 0.055026}",280
paper868,0,0.93972,"{""0"": 0.93972, ""1"": 0.060156, ""2"": 7.9e-05, ""3"": 4.5e-05}",322
paper869,0,0.85989,"{""0"": 0.85989, ""1"": 0.072442, ""2"": 8.7e-05, ""3"": 0.067581}",302
paper87,0,0.999404,"{""0"": 0.999404, ""1"": 0.000388, ""2"": 0.000132, ""3"": 7.6e-05}",255
paper870,0,0.97768,"{""0"": 0.97768, ""1"": 0.000164, ""2"": 5.6e-05, ""3"": 0.0221}",464
paper871,0,0.999489,"{""0"": 0.999489, ""1"": 0.000333, ""2"": 0.000113, ""3"": 6.5e-05}",256
paper872,0,0.838822,"{""0"": 0.838822, ""1"": 0.161088, ""2"": 5.7e-05, ""3"": 3.3e-05}",419
paper873,0,0.999683,"{""0"": 0.999683, ""1"": 0.000207, ""2"": 7e-05, ""3"": 4e-05}",337
paper874,0,0.999595,"{""0"": 0.999595, ""1"": 0.000264, ""2"": 9e-05, ""3"": 5.2e-05}",275
paper875,0,0.999619,"{""0"": 0.999619, ""1"": 0.000248, ""2"": 8.4e-05, ""3"": 4.8e-05}",307
paper876,0,0.999546,"{""0"": 0.999546, ""1"": 0.000296, ""2"": 0.000101, ""3"": 5.8e-05}",254
paper877,0,0.999743,"{""0"": 0.999743, ""1"": 0.000168, ""2"": 5.7e-05, ""3"": 3.3e-05}",451
paper878,0,0.80137,"{""0"": 0.80137, ""1"": 0.198552, ""2"": 5e-05, ""3"": 2.9e-05}",500
paper879,0,0.999804,"{""0"": 0.999804, ""1"": 0.000128, ""2"": 4.3e-05, ""3"": 2.5e-05}",597
paper88,0,0.989687,"{""0"": 0.989687, ""1"": 0.010237, ""2"": 4.9e-05, ""3"": 2.8e-05}",480
paper880,0,0.999751,"{""0"": 0.999751, ""1"": 0.000162, ""2"": 5.5e-05, ""3"": 3.2e-05}",438
paper881,0,0.999421,"{""0"": 0.999421, ""1"": 0.000377, ""2"": 0.000128, ""3"": 7.4e-05}",210
paper882,0,0.999635,"{""0"": 0.999635, ""1"": 0.000238, ""2"": 8.1e-05, ""3"": 4.6e-05}",299
paper883,0,0.999568,"{""0"": 0.999568, ""1"": 0.000281, ""2"": 9.6e-05, ""3"": 5.5e-05}",287
paper884,0,0.999504,"{""0"": 0.999504, ""1"": 0.000323, ""2"": 0.00011, ""3"": 6.3e-05}",241
paper885,0,0.999662,"{""0"": 0.999662, ""1"": 0.00022, ""2"": 7.5e-05, ""3"": 4.3e-05}",333
paper886,0,0.999714,"{""0"": 0.999714, ""1"": 0.000186, ""2"": 6.3e-05, ""3"": 3.6e-05}",414
paper887,0,0.999421,"{""0"": 0.999421, ""1"": 0.000377, ""2"": 0.000128, ""3"": 7.4e-05}",210
paper888,0,0.935417,"{""0"": 0.935417, ""1"": 0.000235, ""2"": 8e-05, ""3"": 0.064268}",327
paper889,0,0.999602,"{""0"": 0.999602, ""1"": 0.000259, ""2"": 8.8e-05, ""3"": 5.1e-05}",285
paper89,0,0.896594,"{""0"": 0.896594, ""1"": 0.021312, ""2"": 5.5e-05, ""3"": 0.082039}",487
paper890,0,0.9997,"{""0"": 0.9997, ""1"": 0.000195, ""2"": 6.6e-05, ""3"": 3.8e-05}",385
paper891,0,0.999663,"{""0"": 0.999663, ""1"": 0.000219, ""2"": 7.5e-05, ""3"": 4.3e-05}",340
paper892,0,0.999738,"{""0"": 0.999738, ""1"": 0.000171, ""2"": 5.8e-05, ""3"": 3.3e-05}",451
paper893,0,0.999754,"{""0"": 0.999754, ""1"": 0.00016, ""2"": 5.5e-05, ""3"": 3.1e-05}",490
paper894,0,0.999502,"{""0"": 0.999502, ""1"": 0.000324, ""2"": 0.00011, ""3"": 6.3e-05}",229
paper895,0,0.999619,"{""0"": 0.999619, ""1"": 0.000248, ""2"": 8.4e-05, ""3"": 4.8e-05}",301
paper896,0,0.999295,"{""0"": 0.999295, ""1"": 0.000459, ""2"": 0.000156, ""3"": 9e-05}",159
paper897,0,0.999578,"{""0"": 0.999578, ""1"": 0.000275, ""2"": 9.4e-05, ""3"": 5.4e-05}",295
paper898,0,0.999629,"{""0"": 0.999629, ""1"": 0.000241, ""2"": 8.2e-05, ""3"": 4.7e-05}",326
paper899,0,0.828714,"{""0"": 0.828714, ""1"": 0.033952, ""2"": 0.137279, ""3"": 5.5e-05}",257
paper9,0,0.999656,"{""0"": 0.999656, ""1"": 0.000224, ""2"": 7.6e-05, ""3"": 4.4e-05}",323
paper90,0,0.835349,"{""0"": 0.835349, ""1"": 0.083374, ""2"": 0.081229, ""3"": 4.8e-05}",323
paper900,0,0.999725,"{""0"": 0.999725, ""1"": 0.000179, ""2"": 6.1e-05, ""3"": 3.5e-05}",426
paper901,0,0.999656,"{""0"": 0.999656, ""1"": 0.000224, ""2"": 7.6e-05, ""3"": 4.4e-05}",335
paper902,0,0.999531,"{""0"": 0.999531, ""1"": 0.000306, ""2"": 0.000104, ""3"": 6e-05}",236
paper903,0,0.999638,"{""0"": 0.999638, ""1"": 0.000236, ""2"": 8e-05, ""3"": 4.6e-05}",324
paper904,0,0.976095,"{""0"": 0.976095, ""1"": 0.023835, ""2"": 4.5e-05, ""3"": 2.6e-05}",529
paper905,0,0.910365,"{""0"": 0.910365, ""1"": 0.089444, ""2"": 0.000121, ""3"": 6.9e-05}",216
paper906,0,0.999619,"{""0"": 0.999619, ""1"": 0.000248, ""2"": 8.4e-05, ""3"": 4.8e-05}",283
paper907,0,0.999679,"{""0"": 0.999679, ""1"": 0.000209, ""2"": 7.1e-05, ""3"": 4.1e-05}",363
paper908,0,0.917234,"{""0"": 0.917234, ""1"": 0.082607, ""2"": 0.000101, ""3"": 5.8e-05}",252
paper909,0,0.999544,"{""0"": 0.999544, ""1"": 0.000297, ""2"": 0.000101, ""3"": 5.8e-05}",246
paper91,0,0.927392,"{""0"": 0.927392, ""1"": 0.072526, ""2"": 5.2e-05, ""3"": 3e-05}",506
paper910,0,0.999663,"{""0"": 0.999663, ""1"": 0.000219, ""2"": 7.5e-05, ""3"": 4.3e-05}",337
paper911,0,0.99989,"{""0"": 0.99989, ""1"": 7.2e-05, ""2"": 2.4e-05, ""3"": 1.4e-05}",1621
paper912,0,0.999421,"{""0"": 0.999421, ""1"": 0.000377, ""2"": 0.000128, ""3"": 7.4e-05}",186
paper913,0,0.96239,"{""0"": 0.96239, ""1"": 0.037491, ""2"": 7.5e-05, ""3"": 4.3e-05}",343
paper914,0,0.999656,"{""0"": 0.999656, ""1"": 0.000224, ""2"": 7.6e-05, ""3"": 4.4e-05}",359
paper915,0,0.999698,"{""0"": 0.999698, ""1"": 0.000197, ""2"": 6.7e-05, ""3"": 3.8e-05}",370
paper916,0,0.999425,"{""0"": 0.999425, ""1"": 0.000375, ""2"": 0.000127, ""3"": 7.3e-05}",216
paper917,0,0.999773,"{""0"": 0.999773, ""1"": 0.000148, ""2"": 5e-05, ""3"": 2.9e-05}",504
paper918,0,0.947822,"{""0"": 0.947822, ""1"": 0.052094, ""2"": 5.3e-05, ""3"": 3.1e-05}",457
paper919,0,0.999701,"{""0"": 0.999701, ""1"": 0.000194, ""2"": 6.6e-05, ""3"": 3.8e-05}",375
paper92,0,0.889004,"{""0"": 0.889004, ""1"": 0.000262, ""2"": 0.110682, ""3"": 5.1e-05}",313
paper920,0,0.999648,"{""0"": 0.999648, ""1"": 0.000229, ""2"": 7.8e-05, ""3"": 4.5e-05}",319
paper921,0,0.999789,"{""0"": 0.999789, ""1"": 0.000138, ""2"": 4.7e-05, ""3"": 2.7e-05}",508
paper922,0,0.999552,"{""0"": 0.999552, ""1"": 0.000292, ""2"": 9.9e-05, ""3"": 5.7e-05}",279
paper923,0,0.999812,"{""0"": 0.999812, ""1"": 0.000122, ""2"": 4.2e-05, ""3"": 2.4e-05}",608
paper924,0,0.995062,"{""0"": 0.995062, ""1"": 0.000276, ""2"": 9.4e-05, ""3"": 0.004568}",267
paper925,0,0.999666,"{""0"": 0.999666, ""1"": 0.000217, ""2"": 7.4e-05, ""3"": 4.2e-05}",350
paper926,0,0.999759,"{""0"": 0.999759, ""1"": 0.000157, ""2"": 5.3e-05, ""3"": 3.1e-05}",486
paper927,0,0.999666,"{""0"": 0.999666, ""1"": 0.000217, ""2"": 7.4e-05, ""3"": 4.2e-05}",339
paper928,0,0.999632,"{""0"": 0.999632, ""1"": 0.000239, ""2"": 8.1e-05, ""3"": 4.7e-05}",328
paper929,0,0.930868,"{""0"": 0.930868, ""1"": 0.000215, ""2"": 0.068875, ""3"": 4.2e-05}",356
paper93,0,0.999663,"{""0"": 0.999663, ""1"": 0.00022, ""2"": 7.5e-05, ""3"": 4.3e-05}",329
paper930,0,0.831376,"{""0"": 0.831376, ""1"": 0.080437, ""2"": 0.088143, ""3"": 4.4e-05}",330
paper931,0,0.820413,"{""0"": 0.820413, ""1"": 0.097473, ""2"": 0.082074, ""3"": 4.1e-05}",346
paper932,0,0.999589,"{""0"": 0.999589, ""1"": 0.000268, ""2"": 9.1e-05, ""3"": 5.2e-05}",268
paper933,0,0.99971,"{""0"": 0.99971, ""1"": 0.000189, ""2"": 6.4e-05, ""3"": 3.7e-05}",406
paper934,0,0.999629,"{""0"": 0.999629, ""1"": 0.000241, ""2"": 8.2e-05, ""3"": 4.7e-05}",308
paper935,0,0.999572,"{""0"": 0.999572, ""1"": 0.000279, ""2"": 9.5e-05, ""3"": 5.4e-05}",252
paper936,0,0.999631,"{""0"": 0.999631, ""1"": 0.00024, ""2"": 8.2e-05, ""3"": 4.7e-05}",308
paper937,0,0.999325,"{""0"": 0.999325, ""1"": 0.00044, ""2"": 0.00015, ""3"": 8.6e-05}",180
paper938,0,0.99957,"{""0"": 0.99957, ""1"": 0.00028, ""2"": 9.5e-05, ""3"": 5.5e-05}",284
paper939,0,0.999215,"{""0"": 0.999215, ""1"": 0.000511, ""2"": 0.000174, ""3"": 0.0001}",134
paper94,0,0.99946,"{""0"": 0.99946, ""1"": 0.000352, ""2"": 0.00012, ""3"": 6.9e-05}",208
paper940,0,0.999869,"{""0"": 0.999869, ""1"": 8.6e-05, ""2"": 2.9e-05, ""3"": 1.7e-05}",962
paper941,0,0.999656,"{""0"": 0.999656, ""1"": 0.000224, ""2"": 7.6e-05, ""3"": 4.4e-05}",344
paper942,0,0.999659,"{""0"": 0.999659, ""1"": 0.000222, ""2"": 7.5e-05, ""3"": 4.3e-05}",318
paper943,0,0.898096,"{""0"": 0.898096, ""1"": 0.101757, ""2"": 9.3e-05, ""3"": 5.3e-05}",262
paper944,0,0.999548,"{""0"": 0.999548, ""1"": 0.000294, ""2"": 0.0001, ""3"": 5.7e-05}",267
paper945,0,0.999539,"{""0"": 0.999539, ""1"": 0.0003, ""2"": 0.000102, ""3"": 5.9e-05}",263
paper946,0,0.999592,"{""0"": 0.999592, ""1"": 0.000266, ""2"": 9e-05, ""3"": 5.2e-05}",285
paper947,0,0.999604,"{""0"": 0.999604, ""1"": 0.000258, ""2"": 8.8e-05, ""3"": 5e-05}",273
paper948,0,0.999227,"{""0"": 0.999227, ""1"": 0.000503, ""2"": 0.000171, ""3"": 9.8e-05}",148
paper949,0,0.985517,"{""0"": 0.985517, ""1"": 0.014371, ""2"": 7.1e-05, ""3"": 4.1e-05}",377
paper95,0,0.999463,"{""0"": 0.999463, ""1"": 0.00035, ""2"": 0.000119, ""3"": 6.8e-05}",250
paper950,0,0.999675,"{""0"": 0.999675, ""1"": 0.000211, ""2"": 7.2e-05, ""3"": 4.1e-05}",360
paper951,0,0.999737,"{""0"": 0.999737, ""1"": 0.000171, ""2"": 5.8e-05, ""3"": 3.3e-05}",449
paper952,0,0.886827,"{""0"": 0.886827, ""1"": 0.113056, ""2"": 7.5e-05, ""3"": 4.3e-05}",352
paper953,0,0.999688,"{""0"": 0.999688, ""1"": 0.000203, ""2"": 6.9e-05, ""3"": 4e-05}",378
paper954,0,0.974159,"{""0"": 0.974159, ""1"": 0.000151, ""2"": 5.1e-05, ""3"": 0.025638}",498
paper955,0,0.902977,"{""0"": 0.902977, ""1"": 0.023658, ""2"": 0.010665, ""3"": 0.0627}",635
paper956,0,0.99955,"{""0"": 0.99955, ""1"": 0.000293, ""2"": 0.0001, ""3"": 5.7e-05}",260
paper957,0,0.999599,"{""0"": 0.999599, ""1"": 0.000261, ""2"": 8.9e-05, ""3"": 5.1e-05}",300
paper958,0,0.951003,"{""0"": 0.951003, ""1"": 0.048916, ""2"": 5.2e-05, ""3"": 3e-05}",485
paper959,0,0.942493,"{""0"": 0.942493, ""1"": 0.000241, ""2"": 0.057219, ""3"": 4.7e-05}",305
paper96,0,0.983323,"{""0"": 0.983323, ""1"": 0.016556, ""2"": 7.7e-05, ""3"": 4.4e-05}",358
paper960,0,0.999782,"{""0"": 0.999782, ""1"": 0.000142, ""2"": 4.8e-05, ""3"": 2.8e-05}",510
paper961,0,0.999639,"{""0"": 0.999639, ""1"": 0.000235, ""2"": 8e-05, ""3"": 4.6e-05}",344
paper962,0,0.954734,"{""0"": 0.954734, ""1"": 0.045148, ""2"": 7.5e-05, ""3"": 4.3e-05}",323
paper963,0,0.999723,"{""0"": 0.999723, ""1"": 0.000181, ""2"": 6.1e-05, ""3"": 3.5e-05}",413
paper964,0,0.914911,"{""0"": 0.914911, ""1"": 0.084941, ""2"": 9.4e-05, ""3"": 5.4e-05}",250
paper965,0,0.990555,"{""0"": 0.990555, ""1"": 0.009309, ""2"": 8.6e-05, ""3"": 5e-05}",305
paper966,0,0.913668,"{""0"": 0.913668, ""1"": 0.086212, ""2"": 7.6e-05, ""3"": 4.4e-05}",336
paper967,0,0.969248,"{""0"": 0.969248, ""1"": 0.030637, ""2"": 7.3e-05, ""3"": 4.2e-05}",350
paper968,0,0.884016,"{""0"": 0.884016, ""1"": 0.111796, ""2"": 0.004157, ""3"": 3.1e-05}",469
paper969,0,0.999448,"{""0"": 0.999448, ""1"": 0.00036, ""2"": 0.000122, ""3"": 7e-05}",200
paper97,0,0.566283,"{""0"": 0.566283, ""1"": 0.131638, ""2"": 0.301801, ""3"": 0.000278}",59
paper970,0,0.999701,"{""0"": 0.999701, ""1"": 0.000194, ""2"": 6.6e-05, ""3"": 3.8e-05}",387
paper971,0,0.999411,"{""0"": 0.999411, ""1"": 0.000384, ""2"": 0.000131, ""3"": 7.5e-05}",195
paper972,0,0.989488,"{""0"": 0.989488, ""1"": 0.000193, ""2"": 6.6e-05, ""3"": 0.010253}",387
paper973,0,0.810615,"{""0"": 0.810615, ""1"": 0.189202, ""2"": 0.000116, ""3"": 6.6e-05}",218
paper974,0,0.99972,"{""0"": 0.99972, ""1"": 0.000183, ""2"": 6.2e-05, ""3"": 3.6e-05}",388
paper975,0,0.999531,"{""0"": 0.999531, ""1"": 0.000306, ""2"": 0.000104, ""3"": 6e-05}",239
paper976,0,0.99971,"{""0"": 0.99971, ""1"": 0.000189, ""2"": 6.4e-05, ""3"": 3.7e-05}",384
paper977,0,0.968816,"{""0"": 0.968816, ""1"": 0.031073, ""2"": 7e-05, ""3"": 4e-05}",346
paper978,0,0.999747,"{""0"": 0.999747, ""1"": 0.000165, ""2"": 5.6e-05, ""3"": 3.2e-05}",451
paper979,0,0.955569,"{""0"": 0.955569, ""1"": 0.044309, ""2"": 7.8e-05, ""3"": 4.5e-05}",335
paper98,0,0.999716,"{""0"": 0.999716, ""1"": 0.000185, ""2"": 6.3e-05, ""3"": 3.6e-05}",393
paper980,0,0.999587,"{""0"": 0.999587, ""1"": 0.000269, ""2"": 9.2e-05, ""3"": 5.3e-05}",283
paper981,0,0.973923,"{""0"": 0.973923, ""1"": 0.025992, ""2"": 5.4e-05, ""3"": 3.1e-05}",468
paper982,0,0.990613,"{""0"": 0.990613, ""1"": 0.000137, ""2"": 0.009223, ""3"": 2.7e-05}",548
paper983,0,0.999269,"{""0"": 0.999269, ""1"": 0.000476, ""2"": 0.000162, ""3"": 9.3e-05}",165
paper984,0,0.770275,"{""0"": 0.770275, ""1"": 0.229613, ""2"": 7.1e-05, ""3"": 4.1e-05}",350
paper985,0,0.953124,"{""0"": 0.953124, ""1"": 3.3e-05, ""2"": 0.046836, ""3"": 6e-06}",2131
paper986,0,0.906643,"{""0"": 0.906643, ""1"": 0.093255, ""2"": 6.5e-05, ""3"": 3.7e-05}",374
paper987,0,0.990326,"{""0"": 0.990326, ""1"": 0.009569, ""2"": 6.7e-05, ""3"": 3.8e-05}",377
paper988,0,0.898825,"{""0"": 0.898825, ""1"": 0.101074, ""2"": 6.4e-05, ""3"": 3.7e-05}",395
paper989,0,0.942375,"{""0"": 0.942375, ""1"": 0.057519, ""2"": 6.7e-05, ""3"": 3.9e-05}",380
paper99,0,0.971278,"{""0"": 0.971278, ""1"": 0.000207, ""2"": 0.028475, ""3"": 4e-05}",373
paper990,0,0.999295,"{""0"": 0.999295, ""1"": 0.000459, ""2"": 0.000156, ""3"": 9e-05}",152
paper991,0,0.831759,"{""0"": 0.831759, ""1"": 0.167967, ""2"": 0.000174, ""3"": 0.0001}",167
paper992,0,0.893709,"{""0"": 0.893709, ""1"": 0.10615, ""2"": 9e-05, ""3"": 5.1e-05}",269
paper993,0,0.940665,"{""0"": 0.940665, ""1"": 0.000484, ""2"": 0.058757, ""3"": 9.5e-05}",173
paper994,0,0.930757,"{""0"": 0.930757, ""1"": 0.069131, ""2"": 7.1e-05, ""3"": 4.1e-05}",341
paper995,0,0.99948,"{""0"": 0.99948, ""1"": 0.000338, ""2"": 0.000115, ""3"": 6.6e-05}",225
paper996,0,0.99959,"{""0"": 0.99959, ""1"": 0.000267, ""2"": 9.1e-05, ""3"": 5.2e-05}",267
paper997,0,0.995267,"{""0"": 0.995267, ""1"": 0.004643, ""2"": 5.8e-05, ""3"": 3.3e-05}",414
paper998,0,0.999526,"{""0"": 0.999526, ""1"": 0.000309, ""2"": 0.000105, ""3"": 6e-05}",258
paper999,0,0.999663,"{""0"": 0.999663, ""1"": 0.000219, ""2"": 7.5e-05, ""3"": 4.3e-05}",351
unpaywall_oa_0002,0,0.922012,"{""0"": 0.922012, ""1"": 0.077785, ""2"": 0.000129, ""3"": 7.4e-05}",204
unpaywall_oa_0004,0,0.999753,"{""0"": 0.999753, ""1"": 0.000161, ""2"": 5.5e-05, ""3"": 3.1e-05}",451
unpaywall_oa_0008,0,0.890484,"{""0"": 0.890484, ""1"": 0.076546, ""2"": 0.032934, ""3"": 3.6e-05}",430
unpaywall_oa_0011,0,0.986926,"{""0"": 0.986926, ""1"": 0.01299, ""2"": 5.3e-05, ""3"": 3e-05}",471
unpaywall_oa_0021,0,0.995304,"{""0"": 0.995304, ""1"": 0.00024, ""2"": 8.2e-05, ""3"": 0.004374}",322
unpaywall_oa_0023,0,0.951994,"{""0"": 0.951994, ""1"": 0.047891, ""2"": 7.3e-05, ""3"": 4.2e-05}",390
unpaywall_oa_0025,0,0.889919,"{""0"": 0.889919, ""1"": 0.109995, ""2"": 5.5e-05, ""3"": 3.1e-05}",453
unpaywall_oa_0027,0,0.975788,"{""0"": 0.975788, ""1"": 0.02412, ""2"": 5.9e-05, ""3"": 3.4e-05}",473
unpaywall_oa_0031,0,0.999712,"{""0"": 0.999712, ""1"": 0.000188, ""2"": 6.4e-05, ""3"": 3.7e-05}",405
unpaywall_oa_0033,0,0.843678,"{""0"": 0.843678, ""1"": 0.122342, ""2"": 8.2e-05, ""3"": 0.033899}",315
unpaywall_oa_0042,0,0.999772,"{""0"": 0.999772, ""1"": 0.000149, ""2"": 5.1e-05, ""3"": 2.9e-05}",512
unpaywall_oa_0046,0,0.999769,"{""0"": 0.999769, ""1"": 0.00015, ""2"": 5.1e-05, ""3"": 2.9e-05}",504
unpaywall_oa_0048,0,0.999578,"{""0"": 0.999578, ""1"": 0.000275, ""2"": 9.4e-05, ""3"": 5.4e-05}",310
unpaywall_oa_0070,0,0.920542,"{""0"": 0.920542, ""1"": 0.069488, ""2"": 0.009929, ""3"": 4.2e-05}",1690
unpaywall_oa_0075,0,0.999715,"{""0"": 0.999715, ""1"": 0.000185, ""2"": 6.3e-05, ""3"": 3.6e-05}",384
unpaywall_oa_0076,0,0.922167,"{""0"": 0.922167, ""1"": 0.007101, ""2"": 0.0707, ""3"": 3.2e-05}",440
unpaywall_oa_0089,0,0.812261,"{""0"": 0.812261, ""1"": 0.079356, ""2"": 5.8e-05, ""3"": 0.108325}",451
unpaywall_oa_0094,0,0.911297,"{""0"": 0.911297, ""1"": 0.05045, ""2"": 0.038205, ""3"": 4.9e-05}",294
unpaywall_oa_0103,0,0.914696,"{""0"": 0.914696, ""1"": 0.085205, ""2"": 6.3e-05, ""3"": 3.6e-05}",439
unpaywall_oa_0110,0,0.920336,"{""0"": 0.920336, ""1"": 0.079564, ""2"": 6.4e-05, ""3"": 3.7e-05}",415
unpaywall_oa_0111,0,0.775493,"{""0"": 0.775493, ""1"": 0.066276, ""2"": 7.1e-05, ""3"": 0.15816}",381
unpaywall_oa_0114,0,0.880116,"{""0"": 0.880116, ""1"": 0.119767, ""2"": 7.4e-05, ""3"": 4.3e-05}",353
unpaywall_oa_0122,0,0.857921,"{""0"": 0.857921, ""1"": 0.141968, ""2"": 7e-05, ""3"": 4.1e-05}",1701
unpaywall_oa_0123,0,0.999951,"{""0"": 0.999951, ""1"": 3.2e-05, ""2"": 1.1e-05, ""3"": 6e-06}",2157
unpaywall_oa_0131,0,0.99965,"{""0"": 0.99965, ""1"": 0.000228, ""2"": 7.8e-05, ""3"": 4.5e-05}",361
unpaywall_oa_0134,0,0.976644,"{""0"": 0.976644, ""1"": 0.023267, ""2"": 5.6e-05, ""3"": 3.2e-05}",458
unpaywall_oa_0141,0,0.819204,"{""0"": 0.819204, ""1"": 0.080658, ""2"": 5.9e-05, ""3"": 0.100079}",447
unpaywall_oa_0143,0,0.900677,"{""0"": 0.900677, ""1"": 0.099206, ""2"": 7.4e-05, ""3"": 4.3e-05}",359
unpaywall_oa_0144,0,0.910858,"{""0"": 0.910858, ""1"": 0.089033, ""2"": 6.9e-05, ""3"": 4e-05}",392
unpaywall_oa_0146,0,0.853437,"{""0"": 0.853437, ""1"": 0.071576, ""2"": 0.074928, ""3"": 5.9e-05}",267
unpaywall_oa_0149,0,0.721604,"{""0"": 0.721604, ""1"": 0.278272, ""2"": 7.9e-05, ""3"": 4.5e-05}",326
unpaywall_oa_0150,0,0.97268,"{""0"": 0.97268, ""1"": 0.013418, ""2"": 6.4e-05, ""3"": 0.013839}",446
unpaywall_oa_0152,0,0.998473,"{""0"": 0.998473, ""1"": 0.001485, ""2"": 2.7e-05, ""3"": 1.5e-05}",858
unpaywall_oa_0153,0,0.966874,"{""0"": 0.966874, ""1"": 0.016648, ""2"": 6.8e-05, ""3"": 0.01641}",401
unpaywall_oa_0154,0,0.887238,"{""0"": 0.887238, ""1"": 0.031678, ""2"": 0.081037, ""3"": 4.6e-05}",320
unpaywall_oa_0155,2,0.949209,"{""0"": 0.050761, ""1"": 2.5e-05, ""2"": 0.949209, ""3"": 5e-06}",3665
unpaywall_oa_0156,0,0.980583,"{""0"": 0.980583, ""1"": 0.019332, ""2"": 5.4e-05, ""3"": 3.1e-05}",465
unpaywall_oa_0157,0,0.843075,"{""0"": 0.843075, ""1"": 0.156731, ""2"": 0.000123, ""3"": 7.1e-05}",197
unpaywall_oa_0158,0,0.953944,"{""0"": 0.953944, ""1"": 0.045954, ""2"": 6.5e-05, ""3"": 3.7e-05}",438
unpaywall_oa_0159,0,0.996335,"{""0"": 0.996335, ""1"": 5.4e-05, ""2"": 1.8e-05, ""3"": 0.003592}",1538
unpaywall_oa_0160,0,0.548282,"{""0"": 0.548282, ""1"": 0.425166, ""2"": 0.023644, ""3"": 0.002907}",570
unpaywall_oa_0161,0,0.629866,"{""0"": 0.629866, ""1"": 0.038443, ""2"": 0.331686, ""3"": 5e-06}",3230
unpaywall_oa_0162,0,0.999669,"{""0"": 0.999669, ""1"": 0.000216, ""2"": 7.3e-05, ""3"": 4.2e-05}",361
unpaywall_oa_0163,2,0.999696,"{""0"": 0.000288, ""1"": 1.3e-05, ""2"": 0.999696, ""3"": 3e-06}",5913
unpaywall_oa_0164,0,0.99964,"{""0"": 0.99964, ""1"": 0.000234, ""2"": 8e-05, ""3"": 4.6e-05}",363
unpaywall_oa_0165,0,0.914442,"{""0"": 0.914442, ""1"": 0.07745, ""2"": 6.8e-05, ""3"": 0.008041}",440
unpaywall_oa_0168,0,0.960647,"{""0"": 0.960647, ""1"": 0.034889, ""2"": 8.7e-05, ""3"": 0.004377}",275
unpaywall_oa_0170,0,0.999701,"{""0"": 0.999701, ""1"": 0.000194, ""2"": 6.6e-05, ""3"": 3.8e-05}",410
unpaywall_oa_0173,0,0.99971,"{""0"": 0.99971, ""1"": 0.000189, ""2"": 6.4e-05, ""3"": 3.7e-05}",425
unpaywall_oa_0176,0,0.951271,"{""0"": 0.951271, ""1"": 0.048665, ""2"": 4.1e-05, ""3"": 2.3e-05}",626
unpaywall_oa_0178,0,0.992328,"{""0"": 0.992328, ""1"": 0.007567, ""2"": 6.7e-05, ""3"": 3.8e-05}",441
unpaywall_oa_0179,0,0.999716,"{""0"": 0.999716, ""1"": 0.000185, ""2"": 6.3e-05, ""3"": 3.6e-05}",422
unpaywall_oa_0182,0,0.999689,"{""0"": 0.999689, ""1"": 0.000203, ""2"": 6.9e-05, ""3"": 4e-05}",386
unpaywall_oa_0186,0,0.869942,"{""0"": 0.869942, ""1"": 4.4e-05, ""2"": 0.130005, ""3"": 9e-06}",1822
unpaywall_oa_0189,0,0.901187,"{""0"": 0.901187, ""1"": 0.014673, ""2"": 0.036961, ""3"": 0.047179}",465
unpaywall_oa_0193,0,0.994258,"{""0"": 0.994258, ""1"": 5.5e-05, ""2"": 0.005675, ""3"": 1.1e-05}",2392
unpaywall_oa_0196,0,0.939735,"{""0"": 0.939735, ""1"": 0.000198, ""2"": 6.7e-05, ""3"": 0.06}",385
unpaywall_oa_0198,0,0.950015,"{""0"": 0.950015, ""1"": 0.049862, ""2"": 7.8e-05, ""3"": 4.5e-05}",322
unpaywall_oa_0209,0,0.982833,"{""0"": 0.982833, ""1"": 0.000219, ""2"": 0.016905, ""3"": 4.3e-05}",339
unpaywall_oa_0211,0,0.966242,"{""0"": 0.966242, ""1"": 0.033641, ""2"": 7.4e-05, ""3"": 4.3e-05}",1713
unpaywall_oa_0216,0,0.999599,"{""0"": 0.999599, ""1"": 0.000261, ""2"": 8.9e-05, ""3"": 5.1e-05}",323
unpaywall_oa_0218,0,0.999819,"{""0"": 0.999819, ""1"": 0.000118, ""2"": 4e-05, ""3"": 2.3e-05}",630
unpaywall_oa_0219,0,0.999642,"{""0"": 0.999642, ""1"": 0.000233, ""2"": 7.9e-05, ""3"": 4.6e-05}",346
unpaywall_oa_0221,0,0.999706,"{""0"": 0.999706, ""1"": 0.000191, ""2"": 6.5e-05, ""3"": 3.7e-05}",367
unpaywall_oa_0222,0,0.903171,"{""0"": 0.903171, ""1"": 0.096743, ""2"": 5.5e-05, ""3"": 3.1e-05}",433
unpaywall_oa_0223,0,0.984788,"{""0"": 0.984788, ""1"": 0.015113, ""2"": 6.3e-05, ""3"": 3.6e-05}",410
unpaywall_oa_0224,0,0.923887,"{""0"": 0.923887, ""1"": 0.075996, ""2"": 7.4e-05, ""3"": 4.3e-05}",327
unpaywall_oa_0226,0,0.920733,"{""0"": 0.920733, ""1"": 0.000173, ""2"": 5.9e-05, ""3"": 0.079035}",446
unpaywall_oa_0228,0,0.992605,"{""0"": 0.992605, ""1"": 0.007268, ""2"": 8e-05, ""3"": 4.6e-05}",350
unpaywall_oa_0232,0,0.999643,"{""0"": 0.999643, ""1"": 0.000232, ""2"": 7.9e-05, ""3"": 4.5e-05}",345
unpaywall_oa_0239,0,0.999765,"{""0"": 0.999765, ""1"": 0.000153, ""2"": 5.2e-05, ""3"": 3e-05}",475
unpaywall_oa_0240,0,0.997249,"{""0"": 0.997249, ""1"": 0.000141, ""2"": 4.8e-05, ""3"": 0.002561}",532
unpaywall_oa_0242,0,0.999728,"{""0"": 0.999728, ""1"": 0.000177, ""2"": 6e-05, ""3"": 3.5e-05}",446
unpaywall_oa_0246,0,0.999746,"{""0"": 0.999746, ""1"": 0.000165, ""2"": 5.6e-05, ""3"": 3.2e-05}",451
unpaywall_oa_0247,0,0.960165,"{""0"": 0.960165, ""1"": 0.000182, ""2"": 6.2e-05, ""3"": 0.039591}",413
unpaywall_oa_0249,0,0.975156,"{""0"": 0.975156, ""1"": 0.000146, ""2"": 5e-05, ""3"": 0.024648}",507
unpaywall_oa_0251,0,0.94551,"{""0"": 0.94551, ""1"": 0.054385, ""2"": 6.7e-05, ""3"": 3.8e-05}",360
unpaywall_oa_0253,0,0.878595,"{""0"": 0.878595, ""1"": 0.121285, ""2"": 7.7e-05, ""3"": 4.4e-05}",354
unpaywall_oa_0254,0,0.843635,"{""0"": 0.843635, ""1"": 0.156218, ""2"": 9.3e-05, ""3"": 5.4e-05}",256
unpaywall_oa_0257,0,0.930556,"{""0"": 0.930556, ""1"": 0.069309, ""2"": 8.5e-05, ""3"": 4.9e-05}",308
unpaywall_oa_0260,0,0.903392,"{""0"": 0.903392, ""1"": 0.096506, ""2"": 6.5e-05, ""3"": 3.7e-05}",366
unpaywall_oa_0262,0,0.975934,"{""0"": 0.975934, ""1"": 0.023959, ""2"": 6.8e-05, ""3"": 3.9e-05}",401
unpaywall_oa_0268,0,0.907071,"{""0"": 0.907071, ""1"": 0.068108, ""2"": 1.6e-05, ""3"": 0.024805}",1595
unpaywall_oa_0270,0,0.884602,"{""0"": 0.884602, ""1"": 0.115279, ""2"": 7.6e-05, ""3"": 4.3e-05}",357
unpaywall_oa_0271,0,0.999658,"{""0"": 0.999658, ""1"": 0.000223, ""2"": 7.6e-05, ""3"": 4.3e-05}",332
unpaywall_oa_0280,0,0.858841,"{""0"": 0.858841, ""1"": 0.10266, ""2"": 0.038422, ""3"": 7.6e-05}",1542
unpaywall_oa_0281,0,0.801524,"{""0"": 0.801524, ""1"": 0.17616, ""2"": 0.022275, ""3"": 4.1e-05}",352
unpaywall_oa_0288,0,0.905734,"{""0"": 0.905734, ""1"": 0.094173, ""2"": 5.9e-05, ""3"": 3.4e-05}",437
unpaywall_oa_0290,0,0.999767,"{""0"": 0.999767, ""1"": 0.000151, ""2"": 5.2e-05, ""3"": 3e-05}",490
unpaywall_oa_0292,0,0.999715,"{""0"": 0.999715, ""1"": 0.000186, ""2"": 6.3e-05, ""3"": 3.6e-05}",386
unpaywall_oa_0296,0,0.999595,"{""0"": 0.999595, ""1"": 0.000264, ""2"": 9e-05, ""3"": 5.2e-05}",279
unpaywall_oa_0298,0,0.992029,"{""0"": 0.992029, ""1"": 0.00616, ""2"": 0.001803, ""3"": 8e-06}",1892
unpaywall_oa_0303,0,0.971782,"{""0"": 0.971782, ""1"": 0.028128, ""2"": 5.7e-05, ""3"": 3.3e-05}",488
unpaywall_oa_0304,0,0.864442,"{""0"": 0.864442, ""1"": 0.043246, ""2"": 6.4e-05, ""3"": 0.092248}",439
unpaywall_oa_0305,0,0.999728,"{""0"": 0.999728, ""1"": 0.000177, ""2"": 6e-05, ""3"": 3.5e-05}",443
unpaywall_oa_0306,0,0.888083,"{""0"": 0.888083, ""1"": 0.046857, ""2"": 0.065019, ""3"": 4.1e-05}",352
unpaywall_oa_0307,0,0.999764,"{""0"": 0.999764, ""1"": 0.000154, ""2"": 5.2e-05, ""3"": 3e-05}",503
unpaywall_oa_0308,0,0.95222,"{""0"": 0.95222, ""1"": 0.047669, ""2"": 7.1e-05, ""3"": 4.1e-05}",370
unpaywall_oa_0309,0,0.999521,"{""0"": 0.999521, ""1"": 0.000312, ""2"": 0.000106, ""3"": 6.1e-05}",233
unpaywall_oa_0310,0,0.829423,"{""0"": 0.829423, ""1"": 0.170489, ""2"": 5.6e-05, ""3"": 3.2e-05}",501
unpaywall_oa_0311,0,0.895515,"{""0"": 0.895515, ""1"": 0.104404, ""2"": 5.1e-05, ""3"": 3e-05}",507
unpaywall_oa_0312,0,0.874459,"{""0"": 0.874459, ""1"": 0.012721, ""2"": 7.7e-05, ""3"": 0.112744}",353
unpaywall_oa_0313,0,0.907087,"{""0"": 0.907087, ""1"": 0.092893, ""2"": 1.3e-05, ""3"": 7e-06}",1925
unpaywall_oa_0314,0,0.865171,"{""0"": 0.865171, ""1"": 0.134697, ""2"": 8.4e-05, ""3"": 4.8e-05}",334
unpaywall_oa_0315,0,0.999544,"{""0"": 0.999544, ""1"": 0.000297, ""2"": 0.000101, ""3"": 5.8e-05}",288
unpaywall_oa_0316,0,0.678548,"{""0"": 0.678548, ""1"": 3.1e-05, ""2"": 0.321416, ""3"": 6e-06}",2307
unpaywall_oa_0317,0,0.969362,"{""0"": 0.969362, ""1"": 0.030536, ""2"": 6.5e-05, ""3"": 3.7e-05}",388
unpaywall_oa_0318,0,0.954847,"{""0"": 0.954847, ""1"": 0.022971, ""2"": 8.4e-05, ""3"": 0.022098}",319
unpaywall_oa_0319,0,0.999616,"{""0"": 0.999616, ""1"": 0.00025, ""2"": 8.5e-05, ""3"": 4.9e-05}",304
unpaywall_oa_0320,0,0.979095,"{""0"": 0.979095, ""1"": 0.000106, ""2"": 0.020777, ""3"": 2.1e-05}",693
unpaywall_oa_0321,0,0.951974,"{""0"": 0.951974, ""1"": 0.047932, ""2"": 6e-05, ""3"": 3.4e-05}",403
unpaywall_oa_0322,0,0.930123,"{""0"": 0.930123, ""1"": 0.037963, ""2"": 0.031863, ""3"": 5.1e-05}",349
unpaywall_oa_0323,0,0.999663,"{""0"": 0.999663, ""1"": 0.00022, ""2"": 7.5e-05, ""3"": 4.3e-05}",1728
unpaywall_oa_0325,0,0.979562,"{""0"": 0.979562, ""1"": 0.000144, ""2"": 4.9e-05, ""3"": 0.020245}",517
unpaywall_oa_0326,0,0.999629,"{""0"": 0.999629, ""1"": 0.000241, ""2"": 8.2e-05, ""3"": 4.7e-05}",343
unpaywall_oa_0327,0,0.999636,"{""0"": 0.999636, ""1"": 0.000237, ""2"": 8.1e-05, ""3"": 4.6e-05}",343
unpaywall_oa_0329,0,0.844408,"{""0"": 0.844408, ""1"": 0.155493, ""2"": 6.3e-05, ""3"": 3.6e-05}",423
unpaywall_oa_0330,0,0.981033,"{""0"": 0.981033, ""1"": 0.018859, ""2"": 6.9e-05, ""3"": 4e-05}",372
unpaywall_oa_0331,0,0.884903,"{""0"": 0.884903, ""1"": 0.000104, ""2"": 0.114973, ""3"": 2e-05}",677
unpaywall_oa_0332,0,0.84573,"{""0"": 0.84573, ""1"": 0.154188, ""2"": 5.2e-05, ""3"": 3e-05}",499
unpaywall_oa_0333,0,0.968884,"{""0"": 0.968884, ""1"": 0.031008, ""2"": 6.8e-05, ""3"": 3.9e-05}",389
unpaywall_oa_0334,0,0.877786,"{""0"": 0.877786, ""1"": 0.038606, ""2"": 0.083565, ""3"": 4.3e-05}",370
unpaywall_oa_0335,0,0.999562,"{""0"": 0.999562, ""1"": 0.000285, ""2"": 9.7e-05, ""3"": 5.6e-05}",328
unpaywall_oa_0336,0,0.987532,"{""0"": 0.987532, ""1"": 0.000379, ""2"": 0.012015, ""3"": 7.4e-05}",223
unpaywall_oa_0337,0,0.999734,"{""0"": 0.999734, ""1"": 0.000173, ""2"": 5.9e-05, ""3"": 3.4e-05}",423
unpaywall_oa_0338,0,0.983099,"{""0"": 0.983099, ""1"": 0.016795, ""2"": 6.8e-05, ""3"": 3.9e-05}",374
unpaywall_oa_0339,0,0.956685,"{""0"": 0.956685, ""1"": 0.000266, ""2"": 0.042998, ""3"": 5.2e-05}",307
unpaywall_oa_0340,0,0.999642,"{""0"": 0.999642, ""1"": 0.000233, ""2"": 7.9e-05, ""3"": 4.6e-05}",347
unpaywall_oa_0341,0,0.99958,"{""0"": 0.99958, ""1"": 0.000274, ""2"": 9.3e-05, ""3"": 5.3e-05}",290
unpaywall_oa_0342,0,0.974638,"{""0"": 0.974638, ""1"": 0.00022, ""2"": 0.0251, ""3"": 4.3e-05}",357
unpaywall_oa_0343,0,0.99971,"{""0"": 0.99971, ""1"": 0.000189, ""2"": 6.4e-05, ""3"": 3.7e-05}",399
unpaywall_oa_0345,0,0.948411,"{""0"": 0.948411, ""1"": 0.000236, ""2"": 0.051307, ""3"": 4.6e-05}",320
unpaywall_oa_0346,0,0.91401,"{""0"": 0.91401, ""1"": 0.046783, ""2"": 9.2e-05, ""3"": 0.039114}",337
unpaywall_oa_0347,0,0.929863,"{""0"": 0.929863, ""1"": 0.043714, ""2"": 8.4e-05, ""3"": 0.026339}",330
unpaywall_oa_0348,0,0.980308,"{""0"": 0.980308, ""1"": 0.019565, ""2"": 8.1e-05, ""3"": 4.6e-05}",340
unpaywall_oa_0349,0,0.968134,"{""0"": 0.968134, ""1"": 0.031781, ""2"": 5.4e-05, ""3"": 3.1e-05}",506
unpaywall_oa_0352,0,0.897455,"{""0"": 0.897455, ""1"": 0.089083, ""2"": 0.013417, ""3"": 4.5e-05}",1522
unpaywall_oa_0353,0,0.979334,"{""0"": 0.979334, ""1"": 0.02059, ""2"": 4.8e-05, ""3"": 2.7e-05}",501
unpaywall_oa_0354,0,0.99967,"{""0"": 0.99967, ""1"": 0.000215, ""2"": 7.3e-05, ""3"": 4.2e-05}",350
unpaywall_oa_0355,0,0.999669,"{""0"": 0.999669, ""1"": 0.000216, ""2"": 7.3e-05, ""3"": 4.2e-05}",362
unpaywall_oa_0356,0,0.959228,"{""0"": 0.959228, ""1"": 0.018176, ""2"": 7.9e-05, ""3"": 0.022517}",343
unpaywall_oa_0357,0,0.926703,"{""0"": 0.926703, ""1"": 0.073163, ""2"": 8.5e-05, ""3"": 4.9e-05}",302
unpaywall_oa_0358,0,0.999431,"{""0"": 0.999431, ""1"": 0.00037, ""2"": 0.000126, ""3"": 7.2e-05}",232
unpaywall_oa_0359,0,0.800935,"{""0"": 0.800935, ""1"": 0.171094, ""2"": 0.027928, ""3"": 4.3e-05}",360
unpaywall_oa_0360,0,0.967128,"{""0"": 0.967128, ""1"": 0.032755, ""2"": 7.4e-05, ""3"": 4.3e-05}",347
unpaywall_oa_0361,0,0.947803,"{""0"": 0.947803, ""1"": 0.052083, ""2"": 7.3e-05, ""3"": 4.2e-05}",376
unpaywall_oa_0362,0,0.999679,"{""0"": 0.999679, ""1"": 0.000209, ""2"": 7.1e-05, ""3"": 4.1e-05}",393
unpaywall_oa_0363,0,0.915256,"{""0"": 0.915256, ""1"": 0.084647, ""2"": 6.1e-05, ""3"": 3.5e-05}",412
unpaywall_oa_0364,0,0.935666,"{""0"": 0.935666, ""1"": 0.064222, ""2"": 7.1e-05, ""3"": 4.1e-05}",361
unpaywall_oa_0365,0,0.954089,"{""0"": 0.954089, ""1"": 0.045787, ""2"": 7.9e-05, ""3"": 4.5e-05}",368
unpaywall_oa_0367,0,0.936728,"{""0"": 0.936728, ""1"": 0.063161, ""2"": 7e-05, ""3"": 4e-05}",374
unpaywall_oa_0368,0,0.852849,"{""0"": 0.852849, ""1"": 0.106627, ""2"": 0.040478, ""3"": 4.6e-05}",346
unpaywall_oa_0369,0,0.963045,"{""0"": 0.963045, ""1"": 0.036833, ""2"": 7.7e-05, ""3"": 4.4e-05}",354
unpaywall_oa_0370,0,0.935822,"{""0"": 0.935822, ""1"": 0.00022, ""2"": 0.063915, ""3"": 4.3e-05}",330
unpaywall_oa_0371,0,0.999749,"{""0"": 0.999749, ""1"": 0.000163, ""2"": 5.6e-05, ""3"": 3.2e-05}",500
unpaywall_oa_0372,0,0.912019,"{""0"": 0.912019, ""1"": 0.017113, ""2"": 8.3e-05, ""3"": 0.070786}",316
unpaywall_oa_0373,0,0.999708,"{""0"": 0.999708, ""1"": 0.00019, ""2"": 6.5e-05, ""3"": 3.7e-05}",394
unpaywall_oa_0374,0,0.99968,"{""0"": 0.99968, ""1"": 0.000209, ""2"": 7.1e-05, ""3"": 4.1e-05}",348
unpaywall_oa_0375,0,0.999643,"{""0"": 0.999643, ""1"": 0.000232, ""2"": 7.9e-05, ""3"": 4.5e-05}",346
unpaywall_oa_0376,0,0.983928,"{""0"": 0.983928, ""1"": 0.015961, ""2"": 7e-05, ""3"": 4e-05}",358
unpaywall_oa_0377,0,0.999804,"{""0"": 0.999804, ""1"": 0.000128, ""2"": 4.3e-05, ""3"": 2.5e-05}",613
unpaywall_oa_0378,0,0.99973,"{""0"": 0.99973, ""1"": 0.000176, ""2"": 6e-05, ""3"": 3.4e-05}",414
unpaywall_oa_0379,0,0.999607,"{""0"": 0.999607, ""1"": 0.000256, ""2"": 8.7e-05, ""3"": 5e-05}",283
unpaywall_oa_0380,0,0.99978,"{""0"": 0.99978, ""1"": 0.000143, ""2"": 4.9e-05, ""3"": 2.8e-05}",574
unpaywall_oa_0381,0,0.816225,"{""0"": 0.816225, ""1"": 0.0836, ""2"": 0.003556, ""3"": 0.096619}",515
unpaywall_oa_0382,0,0.818975,"{""0"": 0.818975, ""1"": 0.136158, ""2"": 0.044826, ""3"": 4.2e-05}",379
unpaywall_oa_0383,0,0.972246,"{""0"": 0.972246, ""1"": 0.027652, ""2"": 6.5e-05, ""3"": 3.7e-05}",394
unpaywall_oa_0384,0,0.975314,"{""0"": 0.975314, ""1"": 0.024589, ""2"": 6.2e-05, ""3"": 3.5e-05}",414
unpaywall_oa_0385,0,0.932546,"{""0"": 0.932546, ""1"": 0.067324, ""2"": 8.3e-05, ""3"": 4.8e-05}",360
unpaywall_oa_0387,0,0.940658,"{""0"": 0.940658, ""1"": 0.059229, ""2"": 7.2e-05, ""3"": 4.1e-05}",377
unpaywall_oa_0388,0,0.870006,"{""0"": 0.870006, ""1"": 0.129894, ""2"": 6.3e-05, ""3"": 3.6e-05}",395
unpaywall_oa_0389,0,0.999719,"{""0"": 0.999719, ""1"": 0.000183, ""2"": 6.2e-05, ""3"": 3.6e-05}",406
unpaywall_oa_0390,0,0.99964,"{""0"": 0.99964, ""1"": 0.000234, ""2"": 8e-05, ""3"": 4.6e-05}",319
unpaywall_oa_0391,0,0.825015,"{""0"": 0.825015, ""1"": 0.17488, ""2"": 6.6e-05, ""3"": 3.8e-05}",390
unpaywall_oa_0392,0,0.866936,"{""0"": 0.866936, ""1"": 0.132971, ""2"": 5.9e-05, ""3"": 3.4e-05}",433
unpaywall_oa_0393,0,0.987607,"{""0"": 0.987607, ""1"": 0.0002, ""2"": 0.012154, ""3"": 3.9e-05}",375
unpaywall_oa_0394,0,0.592365,"{""0"": 0.592365, ""1"": 0.406419, ""2"": 1.2e-05, ""3"": 0.001203}",1892
unpaywall_oa_0395,0,0.99967,"{""0"": 0.99967, ""1"": 0.000215, ""2"": 7.3e-05, ""3"": 4.2e-05}",380
unpaywall_oa_0396,0,0.976682,"{""0"": 0.976682, ""1"": 0.023235, ""2"": 5.3e-05, ""3"": 3e-05}",483
unpaywall_oa_0397,0,0.999602,"{""0"": 0.999602, ""1"": 0.000259, ""2"": 8.8e-05, ""3"": 5.1e-05}",290
unpaywall_oa_0398,0,0.939433,"{""0"": 0.939433, ""1"": 0.044478, ""2"": 0.016056, ""3"": 3.3e-05}",465
unpaywall_oa_0399,0,0.921368,"{""0"": 0.921368, ""1"": 0.000362, ""2"": 0.078199, ""3"": 7.1e-05}",229
unpaywall_oa_0400,0,0.999766,"{""0"": 0.999766, ""1"": 0.000152, ""2"": 5.2e-05, ""3"": 3e-05}",490
unpaywall_oa_0401,0,0.956973,"{""0"": 0.956973, ""1"": 0.042934, ""2"": 5.9e-05, ""3"": 3.4e-05}",450
unpaywall_oa_0402,0,0.825107,"{""0"": 0.825107, ""1"": 0.174783, ""2"": 7e-05, ""3"": 4e-05}",386
unpaywall_oa_0403,0,0.963652,"{""0"": 0.963652, ""1"": 0.000219, ""2"": 7.5e-05, ""3"": 0.036053}",355
unpaywall_oa_0404,0,0.999676,"{""0"": 0.999676, ""1"": 0.000211, ""2"": 7.2e-05, ""3"": 4.1e-05}",366
unpaywall_oa_0405,0,0.633844,"{""0"": 0.633844, ""1"": 0.366065, ""2"": 5.8e-05, ""3"": 3.3e-05}",418
unpaywall_oa_0406,0,0.993483,"{""0"": 0.993483, ""1"": 0.006345, ""2"": 0.000109, ""3"": 6.3e-05}",259
unpaywall_oa_0407,0,0.990009,"{""0"": 0.990009, ""1"": 0.009859, ""2"": 8.4e-05, ""3"": 4.8e-05}",274
unpaywall_oa_0408,0,0.999451,"{""0"": 0.999451, ""1"": 0.000358, ""2"": 0.000122, ""3"": 7e-05}",233
unpaywall_oa_0409,0,0.999621,"{""0"": 0.999621, ""1"": 0.000247, ""2"": 8.4e-05, ""3"": 4.8e-05}",313
unpaywall_oa_0410,0,0.9571,"{""0"": 0.9571, ""1"": 0.0428, ""2"": 6.4e-05, ""3"": 3.7e-05}",393
unpaywall_oa_0411,0,0.94958,"{""0"": 0.94958, ""1"": 0.050308, ""2"": 7.1e-05, ""3"": 4.1e-05}",394
unpaywall_oa_0412,0,0.530258,"{""0"": 0.530258, ""1"": 0.459297, ""2"": 0.010442, ""3"": 3e-06}",5335
unpaywall_oa_0413,0,0.900426,"{""0"": 0.900426, ""1"": 0.02124, ""2"": 0.078292, ""3"": 4.2e-05}",375
unpaywall_oa_0414,0,0.999676,"{""0"": 0.999676, ""1"": 0.000211, ""2"": 7.2e-05, ""3"": 4.1e-05}",368
unpaywall_oa_0415,0,0.996529,"{""0"": 0.996529, ""1"": 0.000133, ""2"": 0.003313, ""3"": 2.6e-05}",541
unpaywall_oa_0416,0,0.999753,"{""0"": 0.999753, ""1"": 0.000161, ""2"": 5.5e-05, ""3"": 3.1e-05}",491
unpaywall_oa_0417,3,0.999423,"{""0"": 0.000541, ""1"": 2.6e-05, ""2"": 9e-06, ""3"": 0.999423}",3715
unpaywall_oa_0418,0,0.999714,"{""0"": 0.999714, ""1"": 0.000186, ""2"": 6.3e-05, ""3"": 3.6e-05}",429
unpaywall_oa_0419,0,0.670646,"{""0"": 0.670646, ""1"": 0.111316, ""2"": 0.02371, ""3"": 0.194328}",349
unpaywall_oa_0420,0,0.991713,"{""0"": 0.991713, ""1"": 0.008199, ""2"": 5.6e-05, ""3"": 3.2e-05}",505
unpaywall_oa_0421,0,0.8916,"{""0"": 0.8916, ""1"": 0.009787, ""2"": 0.015525, ""3"": 0.083088}",418
unpaywall_oa_0422,0,0.966484,"{""0"": 0.966484, ""1"": 0.033411, ""2"": 6.7e-05, ""3"": 3.8e-05}",399
unpaywall_oa_0424,0,0.949898,"{""0"": 0.949898, ""1"": 0.000722, ""2"": 0.000246, ""3"": 0.049134}",93
unpaywall_oa_0429,0,0.987071,"{""0"": 0.987071, ""1"": 1.5e-05, ""2"": 0.01291, ""3"": 3e-06}",4644
unpaywall_oa_0434,0,0.999605,"{""0"": 0.999605, ""1"": 0.000257, ""2"": 8.7e-05, ""3"": 5e-05}",275
unpaywall_oa_0437,0,0.999885,"{""0"": 0.999885, ""1"": 7.5e-05, ""2"": 2.5e-05, ""3"": 1.5e-05}",1714
unpaywall_oa_0439,0,0.999711,"{""0"": 0.999711, ""1"": 0.000188, ""2"": 6.4e-05, ""3"": 3.7e-05}",386
unpaywall_oa_0443,0,0.917234,"{""0"": 0.917234, ""1"": 0.0552, ""2"": 0.027525, ""3"": 4.1e-05}",371
unpaywall_oa_0448,0,0.99954,"{""0"": 0.99954, ""1"": 0.0003, ""2"": 0.000102, ""3"": 5.9e-05}",245
unpaywall_oa_0451,0,0.957847,"{""0"": 0.957847, ""1"": 0.041979, ""2"": 0.00011, ""3"": 6.3e-05}",243
unpaywall_oa_0456,0,0.999671,"{""0"": 0.999671, ""1"": 0.000214, ""2"": 7.3e-05, ""3"": 4.2e-05}",386
unpaywall_oa_0460,0,0.983857,"{""0"": 0.983857, ""1"": 0.01604, ""2"": 6.5e-05, ""3"": 3.7e-05}",387
unpaywall_oa_0468,0,0.972993,"{""0"": 0.972993, ""1"": 0.026883, ""2"": 7.8e-05, ""3"": 4.5e-05}",361
unpaywall_oa_0472,0,0.999727,"{""0"": 0.999727, ""1"": 0.000177, ""2"": 6e-05, ""3"": 3.5e-05}",413
unpaywall_oa_0486,0,0.999691,"{""0"": 0.999691, ""1"": 0.000201, ""2"": 6.8e-05, ""3"": 3.9e-05}",361
unpaywall_oa_0491,0,0.99973,"{""0"": 0.99973, ""1"": 0.000176, ""2"": 6e-05, ""3"": 3.4e-05}",460
unpaywall_oa_0492,0,0.846115,"{""0"": 0.846115, ""1"": 0.153771, ""2"": 7.2e-05, ""3"": 4.2e-05}",338
unpaywall_oa_0496,0,0.989683,"{""0"": 0.989683, ""1"": 0.010276, ""2"": 2.6e-05, ""3"": 1.5e-05}",1020
unpaywall_oa_0497,0,0.930359,"{""0"": 0.930359, ""1"": 0.000238, ""2"": 0.069357, ""3"": 4.6e-05}",314
unpaywall_oa_0499,0,0.975934,"{""0"": 0.975934, ""1"": 0.023941, ""2"": 7.9e-05, ""3"": 4.6e-05}",334
unpaywall_oa_0500,0,0.999528,"{""0"": 0.999528, ""1"": 0.000307, ""2"": 0.000104, ""3"": 6e-05}",1504
unpaywall_oa_0503,0,0.99973,"{""0"": 0.99973, ""1"": 0.000176, ""2"": 6e-05, ""3"": 3.4e-05}",394
unpaywall_oa_0505,0,0.883648,"{""0"": 0.883648, ""1"": 0.116329, ""2"": 1.5e-05, ""3"": 8e-06}",1615
unpaywall_oa_0506,0,0.946586,"{""0"": 0.946586, ""1"": 0.053336, ""2"": 5e-05, ""3"": 2.9e-05}",485
unpaywall_oa_0508,0,0.991287,"{""0"": 0.991287, ""1"": 0.000214, ""2"": 0.008458, ""3"": 4.2e-05}",352
unpaywall_oa_0510,0,0.99941,"{""0"": 0.99941, ""1"": 0.000384, ""2"": 0.000131, ""3"": 7.5e-05}",226
unpaywall_oa_0511,0,0.763518,"{""0"": 0.763518, ""1"": 0.022878, ""2"": 0.212747, ""3"": 0.000857}",5624
unpaywall_oa_0512,0,0.999715,"{""0"": 0.999715, ""1"": 0.000186, ""2"": 6.3e-05, ""3"": 3.6e-05}",466
unpaywall_oa_0513,0,0.999944,"{""0"": 0.999944, ""1"": 3.7e-05, ""2"": 1.2e-05, ""3"": 7e-06}",1799
unpaywall_oa_0519,0,0.997541,"{""0"": 0.997541, ""1"": 0.001601, ""2"": 0.000545, ""3"": 0.000313}",47
unpaywall_oa_0522,0,0.999522,"{""0"": 0.999522, ""1"": 0.000312, ""2"": 0.000106, ""3"": 6.1e-05}",249
unpaywall_oa_0523,0,0.95485,"{""0"": 0.95485, ""1"": 0.000207, ""2"": 0.044903, ""3"": 4e-05}",376
unpaywall_oa_0525,0,0.999731,"{""0"": 0.999731, ""1"": 0.000175, ""2"": 6e-05, ""3"": 3.4e-05}",417
unpaywall_oa_0527,0,0.999758,"{""0"": 0.999758, ""1"": 0.000158, ""2"": 5.4e-05, ""3"": 3.1e-05}",473
unpaywall_oa_0529,0,0.999714,"{""0"": 0.999714, ""1"": 0.000186, ""2"": 6.3e-05, ""3"": 3.6e-05}",428
unpaywall_oa_0533,0,0.999637,"{""0"": 0.999637, ""1"": 0.000237, ""2"": 8.1e-05, ""3"": 4.6e-05}",311
unpaywall_oa_0535,0,0.999729,"{""0"": 0.999729, ""1"": 0.000176, ""2"": 6e-05, ""3"": 3.4e-05}",407
unpaywall_oa_0538,0,0.971348,"{""0"": 0.971348, ""1"": 0.018437, ""2"": 0.010183, ""3"": 3.3e-05}",441
unpaywall_oa_0539,0,0.999665,"{""0"": 0.999665, ""1"": 0.000218, ""2"": 7.4e-05, ""3"": 4.3e-05}",369
unpaywall_oa_0540,0,0.999669,"{""0"": 0.999669, ""1"": 0.000216, ""2"": 7.3e-05, ""3"": 4.2e-05}",377
unpaywall_oa_0543,0,0.99972,"{""0"": 0.99972, ""1"": 0.000183, ""2"": 6.2e-05, ""3"": 3.6e-05}",426
unpaywall_oa_0544,0,0.999652,"{""0"": 0.999652, ""1"": 0.000227, ""2"": 7.7e-05, ""3"": 4.4e-05}",354
unpaywall_oa_0547,0,0.999918,"{""0"": 0.999918, ""1"": 5.3e-05, ""2"": 1.8e-05, ""3"": 1e-05}",1859
unpaywall_oa_0548,0,0.999602,"{""0"": 0.999602, ""1"": 0.000259, ""2"": 8.8e-05, ""3"": 5.1e-05}",308
unpaywall_oa_0549,0,0.87325,"{""0"": 0.87325, ""1"": 0.126624, ""2"": 8e-05, ""3"": 4.6e-05}",1112
unpaywall_oa_0552,0,0.999628,"{""0"": 0.999628, ""1"": 0.000242, ""2"": 8.2e-05, ""3"": 4.7e-05}",317
unpaywall_oa_0553,0,0.999695,"{""0"": 0.999695, ""1"": 0.000199, ""2"": 6.8e-05, ""3"": 3.9e-05}",365
unpaywall_oa_0555,0,0.999653,"{""0"": 0.999653, ""1"": 0.000226, ""2"": 7.7e-05, ""3"": 4.4e-05}",343
unpaywall_oa_0558,0,0.999528,"{""0"": 0.999528, ""1"": 0.000307, ""2"": 0.000104, ""3"": 6e-05}",265
unpaywall_oa_0560,0,0.984019,"{""0"": 0.984019, ""1"": 0.000266, ""2"": 9e-05, ""3"": 0.015625}",303
unpaywall_oa_0561,0,0.986026,"{""0"": 0.986026, ""1"": 0.013802, ""2"": 0.000109, ""3"": 6.3e-05}",1569
unpaywall_oa_0563,0,0.936171,"{""0"": 0.936171, ""1"": 0.044637, ""2"": 6.7e-05, ""3"": 0.019126}",384
unpaywall_oa_0570,0,0.874356,"{""0"": 0.874356, ""1"": 0.125351, ""2"": 0.000186, ""3"": 0.000107}",133
unpaywall_oa_0571,0,0.99968,"{""0"": 0.99968, ""1"": 0.000209, ""2"": 7.1e-05, ""3"": 4.1e-05}",359
unpaywall_oa_0572,0,0.886605,"{""0"": 0.886605, ""1"": 0.113268, ""2"": 8.1e-05, ""3"": 4.6e-05}",329
unpaywall_oa_0579,0,0.787994,"{""0"": 0.787994, ""1"": 0.109735, ""2"": 0.102225, ""3"": 4.6e-05}",326
unpaywall_oa_0582,0,0.914214,"{""0"": 0.914214, ""1"": 0.000227, ""2"": 0.085515, ""3"": 4.4e-05}",329
unpaywall_oa_0583,0,0.999868,"{""0"": 0.999868, ""1"": 8.6e-05, ""2"": 2.9e-05, ""3"": 1.7e-05}",793
unpaywall_oa_0584,0,0.981595,"{""0"": 0.981595, ""1"": 0.000196, ""2"": 0.01817, ""3"": 3.8e-05}",379
unpaywall_oa_0585,0,0.868119,"{""0"": 0.868119, ""1"": 0.101943, ""2"": 0.029886, ""3"": 5.2e-05}",301
unpaywall_oa_0586,0,0.687692,"{""0"": 0.687692, ""1"": 0.310064, ""2"": 2.2e-05, ""3"": 0.002222}",2329
unpaywall_oa_0592,0,0.954752,"{""0"": 0.954752, ""1"": 0.027183, ""2"": 0.018028, ""3"": 3.7e-05}",422
unpaywall_oa_0593,0,0.999522,"{""0"": 0.999522, ""1"": 0.000312, ""2"": 0.000106, ""3"": 6.1e-05}",237
unpaywall_oa_0594,0,0.928759,"{""0"": 0.928759, ""1"": 0.071079, ""2"": 0.000103, ""3"": 5.9e-05}",242
unpaywall_oa_0595,0,0.748797,"{""0"": 0.748797, ""1"": 0.230823, ""2"": 6.3e-05, ""3"": 0.020317}",388
unpaywall_oa_0596,0,0.904187,"{""0"": 0.904187, ""1"": 0.095601, ""2"": 0.000135, ""3"": 7.7e-05}",195
unpaywall_oa_0597,0,0.999748,"{""0"": 0.999748, ""1"": 0.000164, ""2"": 5.6e-05, ""3"": 3.2e-05}",474
unpaywall_oa_0598,0,0.977321,"{""0"": 0.977321, ""1"": 0.000335, ""2"": 0.022279, ""3"": 6.5e-05}",227
unpaywall_oa_0601,0,0.966576,"{""0"": 0.966576, ""1"": 0.033363, ""2"": 3.9e-05, ""3"": 2.2e-05}",671
unpaywall_oa_0602,0,0.961715,"{""0"": 0.961715, ""1"": 0.03808, ""2"": 0.00013, ""3"": 7.5e-05}",193
unpaywall_oa_0603,0,0.918249,"{""0"": 0.918249, ""1"": 0.081658, ""2"": 6e-05, ""3"": 3.4e-05}",429
unpaywall_oa_0604,0,0.841124,"{""0"": 0.841124, ""1"": 0.153385, ""2"": 0.005459, ""3"": 3.3e-05}",453
unpaywall_oa_0605,0,0.999619,"{""0"": 0.999619, ""1"": 0.000248, ""2"": 8.4e-05, ""3"": 4.8e-05}",338
unpaywall_oa_0606,0,0.997337,"{""0"": 0.997337, ""1"": 0.001734, ""2"": 0.00059, ""3"": 0.000339}",47
unpaywall_oa_0607,0,0.85738,"{""0"": 0.85738, ""1"": 0.000144, ""2"": 0.142448, ""3"": 2.8e-05}",486
unpaywall_oa_0608,0,0.902938,"{""0"": 0.902938, ""1"": 0.096922, ""2"": 8.9e-05, ""3"": 5.1e-05}",304
unpaywall_oa_0609,0,0.912353,"{""0"": 0.912353, ""1"": 0.021801, ""2"": 0.065803, ""3"": 4.2e-05}",343
unpaywall_oa_0610,2,0.999722,"{""0"": 0.000263, ""1"": 1.2e-05, ""2"": 0.999722, ""3"": 2e-06}",7047
unpaywall_oa_0620,0,0.842443,"{""0"": 0.842443, ""1"": 0.117354, ""2"": 8.1e-05, ""3"": 0.040122}",312
unpaywall_oa_0623,0,0.877896,"{""0"": 0.877896, ""1"": 0.035479, ""2"": 0.086591, ""3"": 3.5e-05}",418
unpaywall_oa_0625,0,0.913166,"{""0"": 0.913166, ""1"": 0.086674, ""2"": 0.000102, ""3"": 5.8e-05}",285
unpaywall_oa_0630,0,0.866176,"{""0"": 0.866176, ""1"": 0.133765, ""2"": 3.8e-05, ""3"": 2.2e-05}",680
unpaywall_oa_0635,0,0.999628,"{""0"": 0.999628, ""1"": 0.000242, ""2"": 8.2e-05, ""3"": 4.7e-05}",300
unpaywall_oa_0637,0,0.9763,"{""0"": 0.9763, ""1"": 0.000181, ""2"": 0.023483, ""3"": 3.5e-05}",410
unpaywall_oa_0640,0,0.999711,"{""0"": 0.999711, ""1"": 0.000188, ""2"": 6.4e-05, ""3"": 3.7e-05}",400
unpaywall_oa_0654,0,0.957581,"{""0"": 0.957581, ""1"": 0.000165, ""2"": 5.6e-05, ""3"": 0.042198}",459
unpaywall_oa_0657,0,0.9349,"{""0"": 0.9349, ""1"": 0.064964, ""2"": 8.6e-05, ""3"": 4.9e-05}",309
unpaywall_oa_0666,0,0.732795,"{""0"": 0.732795, ""1"": 0.177644, ""2"": 0.089521, ""3"": 4e-05}",568
unpaywall_oa_0667,0,0.999636,"{""0"": 0.999636, ""1"": 0.000237, ""2"": 8.1e-05, ""3"": 4.6e-05}",333
unpaywall_oa_0673,0,0.999908,"{""0"": 0.999908, ""1"": 6e-05, ""2"": 2e-05, ""3"": 1.2e-05}",1628
unpaywall_oa_0689,0,0.979784,"{""0"": 0.979784, ""1"": 0.000238, ""2"": 0.019932, ""3"": 4.6e-05}",347
unpaywall_oa_0690,0,0.816687,"{""0"": 0.816687, ""1"": 0.14519, ""2"": 0.038092, ""3"": 3.1e-05}",507
unpaywall_oa_0698,0,0.833243,"{""0"": 0.833243, ""1"": 0.08117, ""2"": 9.2e-05, ""3"": 0.085495}",302
unpaywall_oa_0709,0,0.986189,"{""0"": 0.986189, ""1"": 0.013692, ""2"": 7.5e-05, ""3"": 4.3e-05}",378
unpaywall_oa_0710,2,0.675102,"{""0"": 0.320556, ""1"": 0.004317, ""2"": 0.675102, ""3"": 2.5e-05}",1478
unpaywall_oa_0724,0,0.76852,"{""0"": 0.76852, ""1"": 0.182833, ""2"": 0.048619, ""3"": 2.8e-05}",539
unpaywall_oa_0733,0,0.999418,"{""0"": 0.999418, ""1"": 0.000379, ""2"": 0.000129, ""3"": 7.4e-05}",220
unpaywall_oa_0734,0,0.965999,"{""0"": 0.965999, ""1"": 0.033805, ""2"": 0.000124, ""3"": 7.2e-05}",229
unpaywall_oa_0735,0,0.948232,"{""0"": 0.948232, ""1"": 0.051619, ""2"": 9.4e-05, ""3"": 5.4e-05}",276
unpaywall_oa_0736,0,0.999808,"{""0"": 0.999808, ""1"": 0.000125, ""2"": 4.3e-05, ""3"": 2.4e-05}",553
unpaywall_oa_0737,0,0.999572,"{""0"": 0.999572, ""1"": 0.000279, ""2"": 9.5e-05, ""3"": 5.4e-05}",303
unpaywall_oa_0738,0,0.999631,"{""0"": 0.999631, ""1"": 0.00024, ""2"": 8.2e-05, ""3"": 4.7e-05}",325
unpaywall_oa_0739,0,0.984248,"{""0"": 0.984248, ""1"": 0.000207, ""2"": 0.015505, ""3"": 4e-05}",377
unpaywall_oa_0745,0,0.818313,"{""0"": 0.818313, ""1"": 0.181487, ""2"": 0.000127, ""3"": 7.3e-05}",200
unpaywall_oa_0746,0,0.79289,"{""0"": 0.79289, ""1"": 0.206839, ""2"": 0.000173, ""3"": 9.9e-05}",156
unpaywall_oa_0749,0,0.876432,"{""0"": 0.876432, ""1"": 0.039676, ""2"": 0.083859, ""3"": 3.3e-05}",423
unpaywall_oa_0750,0,0.717395,"{""0"": 0.717395, ""1"": 0.282482, ""2"": 7.8e-05, ""3"": 4.5e-05}",310
unpaywall_oa_0751,3,0.993874,"{""0"": 0.006101, ""1"": 1.9e-05, ""2"": 6e-06, ""3"": 0.993874}",4160
unpaywall_oa_0752,0,0.652483,"{""0"": 0.652483, ""1"": 0.347351, ""2"": 0.000105, ""3"": 6.1e-05}",252
unpaywall_oa_0754,0,0.75819,"{""0"": 0.75819, ""1"": 0.180941, ""2"": 0.000127, ""3"": 0.060742}",237
